cell,err_only,"C: (is_neg1, err)","S2: (sat, is_neg1, err)","lognorm_err: (Σlog², err)","lognorm_neg1_err: (Σlog², is_neg1, err)",oracle_best
mass_spring_damper_0_1em4,0.000186048,1.17258e-05,1.17258e-05,0.00260998,0.00260998,1.17258e-05
quadrotor_5_0,2.36001e-11,6.14319e-05,6.14319e-05,0.00490049,0.00490049,2.36001e-11
bicycle_model_6_1em4,6.8985e-05,6.8985e-05,6.8985e-05,0.793453,0.793453,6.8985e-05
fitzhugh_nagumo_8_1em4,0.0172135,0.012391,0.012391,1.88618,1.88618,0.012391
slow_fast_2_1em2,0.0307684,0.0307684,0.0307684,0.381694,0.381694,0.0108223
sirt_treatment_1_1em8,7.6359e-08,7.6359e-08,7.6359e-08,0.00535671,0.00535671,7.6359e-08
mass_spring_damper_8_1em6,2.59093e-07,2.59093e-07,2.59093e-07,0.000518176,0.000518176,2.59093e-07
forced_lotka_volterra_6_1em6,1.35937e-05,1.35937e-05,1.35937e-05,0.00032473,0.00032473,2.61307e-06
seir_8_0,2.11735e-05,2.11735e-05,2.11735e-05,0.0708325,0.0708325,2.7127e-06
dc_motor_1_1em8,3.80801e-06,4.25339e-06,4.25339e-06,0.0504235,0.0504235,3.80801e-06
sirt_treatment_9_1em4,0.0382356,0.0382356,0.0382356,0.536637,0.536637,0.00557877
crauste_8_1em8,7.78826e-06,7.78826e-06,7.78826e-06,7.78826e-06,7.78826e-06,7.78826e-06
flexible_arm_7_1em8,8.10744e-07,8.10744e-07,8.10744e-07,0.519651,0.519651,8.10744e-07
crauste_9_0,1.45516e-08,1.45516e-08,1.45516e-08,0.584121,0.584121,1.45516e-08
boost_converter_9_1em2,1.07642,0.0400636,0.0400636,0.67313,0.67313,0.0242097
fitzhugh_nagumo_5_0,8.92135e-10,8.92135e-10,8.92135e-10,0.0339104,0.0339104,8.92135e-10
vanderpol_0_1em8,1.35289e-11,1.35289e-11,1.35289e-11,0.561062,0.561062,1.35289e-11
cstr_2_0,2.58762e-07,2.58762e-07,2.58762e-07,0.238214,0.238214,2.58762e-07
forced_lotka_volterra_9_1em4,0.000156708,0.000156708,0.000156708,0.217236,0.217236,0.000139923
brusselator_0_1em8,3.13083e-09,3.13083e-09,3.13083e-09,0.0513367,0.0513367,3.13083e-09
boost_converter_0_1em6,1.85371e-05,0.000329956,0.000329956,0.168517,0.168517,1.85371e-05
harmonic_oscillator_7_1em6,3.75304e-10,3.75304e-10,3.75304e-10,0.000164615,0.000164615,3.75304e-10
seir_6_0,1.33456e-08,1.33456e-08,1.33456e-08,0.0375617,0.0375617,1.33456e-08
brusselator_1_1em6,6.12412e-06,6.12412e-06,6.12412e-06,0.00795245,0.00795245,6.12412e-06
hiv_7_1em6,0.667856,0.00714793,0.00714793,0.667856,0.667856,0.00714793
repressilator_0_1em6,6.61138e-07,6.61138e-07,6.61138e-07,0.0053172,0.0053172,6.61138e-07
harmonic_oscillator_1_1em8,3.18371e-11,3.18371e-11,3.18371e-11,0.00076023,0.00076023,3.18371e-11
daisy_mamil4_5_1em8,0.829668,0.829668,0.829668,0.0937744,0.0937744,4.61822e-06
vanderpol_9_0,9.74221e-15,9.74221e-15,9.74221e-15,1.36989,1.36989,9.74221e-15
repressilator_4_0,1.11133e-13,1.11133e-13,1.11133e-13,0.00239869,0.00239869,1.11133e-13
slow_fast_6_1em2,0.0489068,0.0489068,0.0489068,0.438019,0.438019,0.0308684
fitzhugh_nagumo_9_0,1.08285e-09,1.08285e-09,1.08285e-09,0.0468257,0.0468257,1.08285e-09
vanderpol_7_1em4,1.48557e-07,1.48557e-07,1.48557e-07,0.578823,0.578823,1.48557e-07
aircraft_pitch_5_1em6,0.0122313,0.0122313,0.0122313,0.489607,0.489607,0.000290569
boost_converter_8_1em6,3.88746e-05,0.00146808,0.00146808,0.608238,0.608238,2.16513e-05
mass_spring_damper_6_0,4.2244e-14,4.2244e-14,4.2244e-14,0.00114037,0.00114037,4.2244e-14
aircraft_pitch_0_1em4,0.000870389,0.000870389,0.000987691,0.000628787,0.000628787,6.75497e-05
sirt_treatment_4_1em8,1.41641e-07,1.41641e-07,1.41641e-07,0.165204,0.165204,1.41641e-07
harmonic_oscillator_8_1em8,1.10977e-10,1.10977e-10,1.10977e-10,9.33036e-05,9.33036e-05,1.10977e-10
fitzhugh_nagumo_2_1em2,13.6217,13.6217,0.32163,1.46976,1.46976,0.206513
harmonic_oscillator_5_1em6,1.03496e-08,1.03496e-08,1.03496e-08,0.0001325,0.0001325,1.03496e-08
biohydrogenation_5_1em6,0.00529675,0.00529675,0.00529675,0.123541,0.123541,0.00529218
daisy_mamil4_0_1em2,3.83729,0.979515,0.979515,0.649575,0.649575,0.374756
dc_motor_3_1em2,0.127442,0.0165873,0.0165873,1.0012,1.0012,0.0162926
fitzhugh_nagumo_0_0,2.20179e-10,2.20179e-10,2.20179e-10,0.0159193,0.0159193,2.20179e-10
vanderpol_5_1em2,0.00922905,0.00922905,0.00922905,0.0565499,0.0565499,0.00922905
repressilator_6_1em2,0.380722,0.380722,0.458369,1.4432,1.4432,0.0857352
boost_converter_7_1em6,4.82816e-05,0.000176514,0.000176514,0.636844,0.636844,3.28454e-05
boost_converter_3_1em2,0.016833,0.0109792,0.0109792,0.068916,0.068916,0.0104948
harmonic_oscillator_3_1em4,3.18996e-07,3.18996e-07,3.18996e-07,0.000203899,0.000203899,3.18996e-07
slow_fast_0_1em8,2.79044e-08,2.79044e-08,2.79044e-08,0.000133677,0.000133677,2.79044e-08
sirt_treatment_3_1em2,0.905523,0.905523,0.905523,0.144561,0.144561,0.0762449
forced_lotka_volterra_5_1em8,0.000835663,0.000835663,0.000835663,0.720273,0.720273,0.000306854
vanderpol_8_1em4,7.46599e-06,7.46599e-06,7.46599e-06,0.266321,0.266321,7.46599e-06
forced_lotka_volterra_1_1em6,0.011114,0.000589294,0.000589294,1.01913,1.01913,0.000589294
crauste_1_1em6,101.562,0.0369628,0.0369628,0.0369628,0.0369628,0.0369628
vanderpol_7_0,5.09037e-14,5.09037e-14,5.09037e-14,0.436783,0.436783,5.09037e-14
harmonic_oscillator_8_1em6,7.96614e-09,7.96614e-09,7.96614e-09,0.000273223,0.000273223,7.96614e-09
vanderpol_4_0,9.64506e-15,9.64506e-15,9.64506e-15,0.255627,0.255627,9.64506e-15
daisy_mamil4_5_1em4,0.168572,0.816146,0.816146,0.404349,0.404349,0.0436213
vanderpol_6_1em8,3.99852e-11,3.99852e-11,3.99852e-11,0.307992,0.307992,3.99852e-11
forced_lotka_volterra_0_1em2,0.0964479,0.000561119,0.000561119,0.38749,0.38749,0.00054438
repressilator_5_0,1.23013e-12,1.23013e-12,1.23013e-12,0.00451006,0.00451006,1.23013e-12
boost_converter_7_1em8,3.36894e-06,3.09143e-05,3.09143e-05,1.25141,1.25141,3.36894e-06
harmonic_oscillator_2_1em2,8.36025e-06,8.36025e-06,8.36025e-06,0.00187417,0.00187417,8.2326e-06
fitzhugh_nagumo_1_1em4,0.43259,0.00192336,0.00192336,0.306143,0.306143,0.00192336
forced_lotka_volterra_1_1em2,3.36235,0.00173004,0.00173004,1.25703,1.25703,0.000188751
daisy_mamil3_7_1em2,0.223862,0.0165126,0.0165126,2.1843,2.1843,0.0165126
daisy_mamil3_9_1em4,0.00525629,0.00525629,0.00525629,0.762998,0.762998,0.00525629
daisy_mamil3_8_1em4,0.000117444,0.000117444,0.000117444,0.227661,0.227661,0.000117444
bicycle_model_3_1em4,0.00442197,0.000801147,0.000801147,0.309718,0.309718,0.000391437
fitzhugh_nagumo_8_1em8,5.2712e-08,5.2712e-08,5.2712e-08,0.0133885,0.0133885,5.2712e-08
seir_7_1em8,4.0612e-05,4.0612e-05,4.0612e-05,0.583002,0.583002,4.0612e-05
boost_converter_7_0,6.31384e-13,5.03845e-05,5.03845e-05,1.25141,1.25141,6.31384e-13
crauste_4_1em4,24.8929,0.458094,0.458094,0.458094,0.458094,0.458094
bicycle_model_5_1em8,2.42785e-08,2.42785e-08,2.42785e-08,0.69788,0.69788,2.42785e-08
vanderpol_4_1em2,3.42526e-05,2.14729e-06,2.14729e-06,0.0259555,0.0259555,2.14729e-06
mass_spring_damper_3_0,4.42424e-14,4.42424e-14,4.42424e-14,0.00147717,0.00147717,4.42424e-14
slow_fast_7_1em6,3.53144e-05,3.53144e-05,3.53144e-05,0.00254401,0.00254401,9.04318e-06
slow_fast_6_1em4,10.7908,10.7908,0.000832022,0.00430532,0.00430532,0.000536027
dc_motor_8_1em8,6.23852e-07,6.7215e-06,6.7215e-06,0.09979,0.09979,6.23852e-07
dc_motor_0_1em4,0.0133103,0.000307472,0.000307472,0.586165,0.586165,8.17184e-05
quadrotor_4_1em4,0.000410831,0.00109814,0.00109814,0.192777,0.192777,0.000410831
flexible_arm_5_0,1.47704e-12,1.47704e-12,1.47704e-12,0.026265,0.026265,1.47704e-12
repressilator_7_1em2,0.0636401,0.0636401,0.0636401,1.68988,1.68988,0.0214473
sirt_treatment_4_1em4,0.205282,0.000879743,0.000879743,0.265362,0.265362,0.000879743
hiv_9_0,5.32065e-08,5.32065e-08,5.32065e-08,0.547512,0.547512,5.32065e-08
boost_converter_4_0,2.34267e-08,4.16565e-05,4.16565e-05,1.21334,1.21334,2.34267e-08
harmonic_oscillator_5_1em2,0.000215453,1.54713e-05,1.54713e-05,0.106421,0.106421,1.54713e-05
brusselator_7_1em6,0.00205458,0.00205458,0.00205458,0.101939,0.101939,0.00205458
sirt_treatment_2_0,2.03835e-11,2.03835e-11,2.03835e-11,0.0225633,0.0225633,2.03835e-11
harmonic_oscillator_9_1em6,7.02824e-09,7.02824e-09,7.02824e-09,0.000613742,0.000613742,7.02824e-09
daisy_mamil3_9_1em8,4.75684e-07,4.75684e-07,4.75684e-07,0.091418,0.091418,4.75684e-07
fitzhugh_nagumo_1_1em8,1.69679e-06,1.69679e-06,1.69679e-06,0.0746592,0.0746592,1.69679e-06
aircraft_pitch_6_1em6,6.88505e-05,6.88505e-05,6.88505e-05,0.0720101,0.0720101,6.88505e-05
flexible_arm_3_1em4,0.0665629,0.00202201,0.00202201,0.420775,0.420775,0.00202201
brusselator_8_1em2,0.370906,0.370906,0.370906,0.370906,0.370906,0.370906
dc_motor_2_1em6,4.0657e-05,4.0657e-05,4.0657e-05,0.0161408,0.0161408,3.84979e-05
lotka_volterra_5_0,5.82867e-14,5.82867e-14,5.82867e-14,0.0384699,0.0384699,5.82867e-14
daisy_mamil3_1_1em8,2.47683e-08,2.47683e-08,2.47683e-08,0.00464971,0.00464971,2.47683e-08
quadrotor_7_1em2,0.0322177,0.00908209,0.00908209,1.51782,1.51782,0.00725485
dc_motor_2_0,2.48714e-11,1.10931e-05,1.10931e-05,0.746416,0.746416,2.48714e-11
bicycle_model_8_1em4,4.96788e-05,4.96788e-05,4.96788e-05,0.381956,0.381956,4.96788e-05
vanderpol_1_1em6,2.25798e-08,2.25798e-08,2.25798e-08,0.511668,0.511668,2.25798e-08
bicycle_model_0_1em8,2.05517e-06,2.05517e-06,2.05517e-06,0.424257,0.424257,2.05517e-06
daisy_mamil3_9_1em2,0.386425,0.261228,0.261228,0.791067,0.791067,0.108765
brusselator_9_1em4,0.00233785,0.000100296,0.000100296,0.967398,0.967398,0.000100296
lotka_volterra_4_1em4,9.36508e-05,9.36508e-05,9.36508e-05,0.0378312,0.0378312,9.36508e-05
brusselator_7_1em8,2.95056e-05,2.95056e-05,2.95056e-05,0.101909,0.101909,2.95056e-05
bicycle_model_4_1em8,5.69284e-07,5.69284e-07,5.69284e-07,0.0737139,0.0737139,5.69284e-07
aircraft_pitch_8_1em8,1.48954e-05,0.000299979,0.000299979,0.0116647,0.0116647,1.48954e-05
daisy_mamil4_1_1em8,4.04213e-06,4.04213e-06,4.04213e-06,0.205682,0.205682,4.04213e-06
daisy_mamil3_7_1em6,1.0552e-05,1.0552e-05,1.0552e-05,0.0482083,0.0482083,1.0552e-05
crauste_1_0,6.93423e-11,6.93423e-11,6.93423e-11,0.444057,0.444057,6.93423e-11
seir_9_0,8.41827e-12,8.41827e-12,8.41827e-12,0.0527192,0.0527192,8.41827e-12
daisy_mamil4_8_1em6,0.656775,0.656775,0.656775,0.216014,0.216014,0.0182888
biohydrogenation_5_0,1.57193e-09,1.57193e-09,1.57193e-09,0.0101994,0.0101994,1.57193e-09
aircraft_pitch_9_1em2,0.000623129,0.0323622,0.0323622,0.196921,0.196921,0.000623129
vanderpol_5_1em6,2.53045e-07,2.53045e-07,2.53045e-07,0.542393,0.542393,2.53045e-07
quadrotor_7_0,2.62822e-11,4.27856e-05,4.27856e-05,0.00129598,0.00129598,2.62822e-11
brusselator_1_1em8,9.89272e-08,9.89272e-08,9.89272e-08,0.244033,0.244033,9.89272e-08
biohydrogenation_8_1em6,0.000927497,0.000927497,0.000927497,0.000927476,0.000927476,0.000927438
dc_motor_2_1em8,2.83086e-05,0.000109798,0.000109798,0.0164986,0.0164986,3.468e-06
biohydrogenation_9_1em8,2.26558e-05,2.26558e-05,2.26562e-05,0.261903,0.261903,2.25701e-05
forced_lotka_volterra_5_1em6,0.000169525,0.000169525,0.000169525,0.720297,0.720297,0.000169525
hiv_6_0,1.08658e-08,1.08658e-08,1.08658e-08,0.0792896,0.0792896,1.08658e-08
repressilator_1_1em4,0.00348348,8.72487e-05,8.72487e-05,0.224516,0.224516,8.72487e-05
daisy_mamil3_5_1em8,5.54734e-08,5.54734e-08,5.54734e-08,0.0135317,0.0135317,5.54734e-08
sirt_treatment_9_0,8.40161e-14,8.40161e-14,8.40161e-14,0.0376581,0.0376581,8.40161e-14
seir_4_0,0.00699148,0.00699148,0.00699148,0.452245,0.452245,0.00199157
bicycle_model_6_0,8.83471e-12,8.83471e-12,8.83471e-12,0.284327,0.284327,8.83471e-12
daisy_mamil4_3_1em8,3.50277e-06,3.50277e-06,3.50277e-06,0.00150282,0.00150282,3.50277e-06
hiv_9_1em6,0.35244,0.35244,0.35244,0.35314,0.35314,0.351734
seir_5_1em4,2.0108,2.0826,2.0826,0.893064,0.893064,0.00188837
daisy_mamil3_1_1em2,0.0265105,0.0282819,0.0282819,1.13894,1.13894,0.0265105
biohydrogenation_3_1em6,0.0246011,0.0246011,0.0246011,0.0246011,0.0246011,0.0245893
cstr_6_1em8,0.620123,0.620123,0.251601,1.19962,1.19962,0.251601
hiv_2_1em6,23.7603,0.588335,0.588335,0.588356,0.588356,0.27199
slow_fast_9_1em6,6.31227e-05,6.31227e-05,6.31227e-05,0.00421138,0.00421138,6.31227e-05
repressilator_3_1em8,1.23218e-08,1.23218e-08,1.23218e-08,0.00193539,0.00193539,1.23218e-08
daisy_mamil3_3_1em6,1.60786e-06,1.60786e-06,1.60786e-06,0.0811377,0.0811377,1.60786e-06
aircraft_pitch_5_1em4,0.0119861,0.0119861,0.0119861,0.409679,0.409679,0.000986871
seir_5_1em8,2.0934,2.0934,2.0934,2.01062,2.01062,4.12595e-07
quadrotor_0_1em6,2.18638e-05,4.3457e-05,4.3457e-05,0.011985,0.011985,1.1144e-05
slow_fast_1_0,3.45746e-12,3.45746e-12,3.45746e-12,0.000632597,0.000632597,3.45746e-12
forced_lotka_volterra_9_1em8,0.000102763,6.30493e-05,6.30493e-05,0.28892,0.28892,2.5709e-05
mass_spring_damper_1_1em8,2.49505e-09,2.49505e-09,2.49505e-09,0.00226705,0.00226705,2.49505e-09
aircraft_pitch_5_0,1.47575e-07,0.000159081,0.000159081,1.44226,1.44226,1.47575e-07
seir_0_1em2,0.597751,0.597751,1.47338,0.100374,0.100374,0.100374
boost_converter_2_1em6,8.71606e-05,0.000455658,0.000455658,0.256172,0.256172,5.26352e-05
harmonic_oscillator_9_1em8,3.97085e-11,3.97085e-11,3.97085e-11,0.000172086,0.000172086,3.97085e-11
bicycle_model_8_1em6,1.02034e-05,1.02034e-05,1.02034e-05,0.505806,0.505806,1.02034e-05
flexible_arm_7_1em4,1.70513,0.019552,0.019552,0.019552,0.019552,0.019552
crauste_6_1em6,0.562801,0.0290451,0.0290451,0.0290451,0.0290451,0.0290451
fitzhugh_nagumo_0_1em6,0.000125051,0.000125051,0.000125051,0.593316,0.593316,0.000125051
sirt_treatment_0_0,2.80331e-12,2.80331e-12,2.80331e-12,0.860893,0.860893,2.80331e-12
hiv_6_1em8,0.0253027,0.0253027,0.0253027,0.418208,0.418208,0.0252274
hiv_9_1em8,0.00513232,0.00513232,0.00513232,1.82461,1.82461,0.00511433
mass_spring_damper_1_1em6,3.37363e-08,3.37363e-08,3.37363e-08,0.000673781,0.000673781,3.37363e-08
quadrotor_2_1em4,0.00122056,0.00120221,0.00120221,0.125077,0.125077,0.000617401
boost_converter_3_1em4,0.00481957,0.000168365,0.000168365,0.684395,0.684395,0.000168365
aircraft_pitch_0_1em6,0.000838441,0.000838441,0.000241595,0.000145716,0.000145716,6.39381e-05
daisy_mamil4_0_1em6,0.554561,0.554561,0.554561,0.0728014,0.0728014,0.000439112
harmonic_oscillator_9_1em2,6.19789e-05,0.000155902,0.000155902,0.105001,0.105001,6.19789e-05
cstr_7_1em4,0.417945,0.417945,6.67446,2.39482,2.39482,0.381744
fitzhugh_nagumo_0_1em4,0.0905243,0.0041094,0.0041094,0.790017,0.790017,0.0041094
dc_motor_3_1em6,4.0839e-05,5.62668e-05,5.62668e-05,0.00496044,0.00496044,1.81198e-05
lotka_volterra_7_1em8,4.31067e-09,4.31067e-09,4.31067e-09,0.0031264,0.0031264,4.31067e-09
bicycle_model_2_1em8,2.96093e-07,2.96093e-07,2.96093e-07,0.325353,0.325353,2.96093e-07
mass_spring_damper_7_1em4,1.56659e-05,1.56659e-05,1.56659e-05,0.00103805,0.00103805,1.56659e-05
quadrotor_4_0,3.96128e-12,9.96704e-05,9.96704e-05,0.110672,0.110672,3.96128e-12
bicycle_model_9_0,1.05749e-13,1.05749e-13,1.05749e-13,1.09761,1.09761,1.05749e-13
repressilator_5_1em2,0.0371076,0.0139191,0.0139191,1.65413,1.65413,0.0139191
biohydrogenation_6_0,7.27528e-09,7.27528e-09,7.27528e-09,0.00202239,0.00202239,2.13965e-10
cstr_6_1em4,6.91461,6.91461,6.91461,1.47179,1.47179,0.22243
repressilator_5_1em6,1.45792e-06,1.45792e-06,1.45792e-06,0.015367,0.015367,1.45792e-06
slow_fast_8_1em8,6.44437e-07,6.44437e-07,6.44437e-07,0.000921589,0.000921589,6.44437e-07
sirt_treatment_2_1em2,0.259116,0.259116,0.259116,0.259116,0.259116,0.259116
aircraft_pitch_0_0,3.36432e-09,0.000113684,8.70357e-09,0.000401304,0.000401304,4.32907e-10
sirt_treatment_5_1em2,0.776285,0.776285,0.776285,0.286619,0.286619,0.143785
harmonic_oscillator_5_1em8,2.94906e-11,2.94906e-11,2.94906e-11,2.94906e-11,2.94906e-11,2.94906e-11
harmonic_oscillator_0_1em2,6.86108e-05,4.30565e-05,4.30565e-05,0.00438427,0.00438427,4.30565e-05
quadrotor_2_1em8,1.73623e-07,4.76379e-05,4.76379e-05,0.00906587,0.00906587,1.73623e-07
daisy_mamil3_9_0,1.51373e-09,1.51373e-09,1.51373e-09,0.110732,0.110732,1.51373e-09
boost_converter_4_1em4,0.000409955,0.000245178,0.000245178,0.462117,0.462117,0.000245178
crauste_4_1em6,9.24409,0.00178149,0.00178149,0.00178149,0.00178149,0.00178149
aircraft_pitch_6_0,1.177e-08,6.88505e-05,6.88505e-05,0.139657,0.139657,1.177e-08
mass_spring_damper_7_1em2,0.00171875,0.00171875,0.00171875,0.267955,0.267955,0.00111449
quadrotor_3_1em8,1.53085e-06,8.86841e-05,8.86841e-05,0.22516,0.22516,1.53085e-06
aircraft_pitch_1_1em2,0.0529072,0.0118365,0.0118117,0.011794,0.011794,0.011769
daisy_mamil4_9_1em8,4.17113e-07,4.17113e-07,4.17113e-07,0.0783948,0.0783948,4.17113e-07
aircraft_pitch_5_1em8,0.0123343,0.0123343,0.0123343,0.737638,0.737638,0.000336703
aircraft_pitch_0_1em8,1.38323e-06,0.000159902,0.000159902,0.00309441,0.00309441,1.38323e-06
slow_fast_9_1em2,0.273421,0.273421,0.273421,2.55616,2.55616,0.0672014
brusselator_0_1em4,0.000318402,0.000276647,0.000276647,0.266684,0.266684,0.000276647
daisy_mamil4_0_0,0.555,0.555,0.555,0.0773505,0.0773505,1.4866e-10
brusselator_9_0,6.78957e-13,6.78957e-13,6.78957e-13,0.980204,0.980204,6.78957e-13
daisy_mamil4_3_1em4,0.65344,0.590773,0.590773,0.235549,0.235549,0.0475107
forced_lotka_volterra_6_1em2,0.475864,0.00263738,0.00263738,0.00221538,0.00221538,0.00221538
flexible_arm_7_0,3.21925e-11,3.21925e-11,3.21925e-11,0.0148559,0.0148559,3.21925e-11
daisy_mamil3_6_1em6,6.91797e-06,6.91797e-06,6.91797e-06,0.0877414,0.0877414,6.91797e-06
brusselator_1_1em4,0.000789721,0.000583964,0.000583964,0.105135,0.105135,0.000583964
seir_7_1em6,0.0106028,0.00888135,0.00888135,0.603908,0.603908,0.00308187
mass_spring_damper_5_1em2,0.00164916,0.00164916,0.00164916,0.39487,0.39487,0.00164916
boost_converter_3_1em6,1.68522e-05,0.000118774,0.000118774,0.267183,0.267183,1.14837e-05
flexible_arm_4_1em8,1.65783e-07,1.65783e-07,1.65783e-07,0.0762471,0.0762471,1.65783e-07
repressilator_8_1em2,0.048627,0.048627,0.048627,1.90801,1.90801,0.048627
fitzhugh_nagumo_7_1em4,0.522509,0.0458281,0.0458281,0.602204,0.602204,0.0458281
crauste_5_1em8,1.00127,1.00127,1.00127,2.05613,2.05613,0.483893
slow_fast_6_0,1.70197e-13,1.70197e-13,1.70197e-13,0.000753416,0.000753416,1.70197e-13
brusselator_7_1em4,0.509892,0.509892,0.509892,0.509892,0.509892,0.379299
flexible_arm_6_1em4,0.0660229,0.00445986,0.00445986,0.118295,0.118295,0.00445986
aircraft_pitch_7_1em6,0.000570983,0.000570983,0.000570983,0.00706541,0.00706541,7.72181e-05
bicycle_model_7_1em2,30.4719,0.0203807,0.0203807,0.0343997,0.0343997,0.0146243
bicycle_model_6_1em6,3.15447e-05,3.15447e-05,3.15447e-05,0.476301,0.476301,1.92747e-05
daisy_mamil4_6_1em4,0.156394,0.0122498,0.0122498,0.105412,0.105412,0.0122498
fitzhugh_nagumo_8_1em6,2.44144e-05,2.44144e-05,2.44144e-05,0.0288536,0.0288536,2.44144e-05
harmonic_oscillator_1_1em2,6.19342e-05,1.54721e-05,1.54721e-05,0.00315666,0.00315666,1.54721e-05
lotka_volterra_3_0,4.31322e-13,4.31322e-13,4.31322e-13,0.0108954,0.0108954,4.31322e-13
seir_0_1em6,0.0412245,2.16093e-05,2.16093e-05,0.221934,0.221934,2.16093e-05
repressilator_1_0,2.16682e-12,2.16682e-12,2.16682e-12,0.00275429,0.00275429,2.16682e-12
lotka_volterra_5_1em2,0.0439823,0.000551168,0.000551168,0.630316,0.630316,0.000551168
vanderpol_3_0,3.35287e-14,3.35287e-14,3.35287e-14,0.52014,0.52014,3.35287e-14
daisy_mamil3_5_0,6.71461e-10,6.71461e-10,6.71461e-10,0.0487891,0.0487891,6.71461e-10
daisy_mamil4_7_1em2,1.0199,1.0199,0.785204,0.593786,0.593786,0.426489
lotka_volterra_6_1em6,1.88696e-07,1.88696e-07,1.88696e-07,0.00239995,0.00239995,1.88696e-07
aircraft_pitch_3_1em6,1.04098e-05,0.00169775,0.00169775,0.504921,0.504921,1.04098e-05
cstr_3_1em8,65.7629,65.7629,5.60569,0.5519,0.5519,0.454069
lotka_volterra_3_1em2,0.147625,0.147625,0.147625,0.515741,0.515741,0.1051
hiv_0_1em8,0.0140365,0.0140365,0.0140365,0.0141191,0.0141191,0.0139801
bicycle_model_4_1em6,5.06153e-05,5.06153e-05,5.06153e-05,0.0289795,0.0289795,3.10898e-06
bicycle_model_6_1em8,1.54495e-06,1.54495e-06,1.54495e-06,0.472249,0.472249,1.54495e-06
flexible_arm_2_1em8,5.44757e-07,5.44757e-07,5.44757e-07,0.0153843,0.0153843,5.44757e-07
forced_lotka_volterra_0_1em8,2.33749e-06,1.41373e-05,1.41373e-05,0.429983,0.429983,2.33749e-06
lotka_volterra_0_1em6,7.62737e-07,7.62737e-07,7.62737e-07,0.466786,0.466786,7.62737e-07
mass_spring_damper_4_1em4,3.79504e-05,3.79504e-05,3.79504e-05,0.00152778,0.00152778,3.79504e-05
forced_lotka_volterra_2_1em4,0.00307056,0.00139838,0.00139838,1.45583,1.45583,0.00139838
seir_8_1em6,0.92387,0.92387,0.92387,0.135652,0.135652,0.135652
bicycle_model_9_1em6,1.33953e-05,1.33953e-05,1.33953e-05,0.278054,0.278054,6.24275e-06
forced_lotka_volterra_8_1em4,0.0138338,0.00148822,0.00148822,1.2589,1.2589,0.00148822
daisy_mamil3_5_1em4,0.00445141,0.00445141,0.00445141,1.20492,1.20492,0.00445141
slow_fast_7_0,8.37941e-12,8.37941e-12,8.37941e-12,0.00113045,0.00113045,8.37941e-12
mass_spring_damper_7_1em8,1.05479e-09,1.05479e-09,1.05479e-09,0.000249499,0.000249499,1.05479e-09
harmonic_oscillator_6_1em8,7.91079e-11,7.91079e-11,7.91079e-11,7.91079e-11,7.91079e-11,7.91079e-11
forced_lotka_volterra_4_1em8,1.79958e-05,9.74121e-05,9.74121e-05,1.18545,1.18545,1.79958e-05
quadrotor_2_1em6,3.80783e-05,0.000542267,0.000542267,0.0291566,0.0291566,6.22112e-06
brusselator_4_1em8,1.6346e-07,1.6346e-07,1.6346e-07,0.300688,0.300688,1.6346e-07
brusselator_1_0,1.90925e-12,1.90925e-12,1.90925e-12,0.0297222,0.0297222,1.90925e-12
seir_9_1em8,0.0763578,0.0763578,0.0763578,0.0590217,0.0590217,6.15668e-07
seir_6_1em8,0.00528087,0.00528087,0.00528087,0.0659493,0.0659493,0.00528087
hiv_3_0,2.40617e-09,2.40617e-09,2.40617e-09,0.516779,0.516779,2.40617e-09
sirt_treatment_6_1em6,0.00169462,3.72604e-05,3.72604e-05,0.138007,0.138007,3.72604e-05
quadrotor_7_1em4,0.000563053,0.000561462,0.000561462,0.167408,0.167408,0.000132812
bicycle_model_5_1em4,0.000117419,0.000117419,0.000117419,0.647144,0.647144,4.65021e-05
forced_lotka_volterra_6_0,9.06372e-06,9.06372e-06,9.06372e-06,2.47993e-05,2.47993e-05,9.06372e-06
daisy_mamil3_0_1em2,0.995185,0.455773,0.455773,0.824084,0.824084,0.181758
boost_converter_6_0,0.000440674,0.000440674,0.000440674,1.88329,1.88329,0.000234528
biohydrogenation_6_1em8,0.007613,0.007613,0.007613,0.0075988,0.0075988,0.00756015
boost_converter_5_0,2.41359e-07,6.71387e-05,6.71387e-05,3.36759,3.36759,2.41359e-07
daisy_mamil4_3_1em2,3.77842,3.77842,3.77842,3.61506,3.61506,0.490676
aircraft_pitch_3_1em2,0.00223509,0.00223509,0.00223509,0.11118,0.11118,0.000273973
mass_spring_damper_4_0,1.58651e-13,1.58651e-13,1.58651e-13,0.000603883,0.000603883,1.58651e-13
slow_fast_5_1em2,0.546484,0.546484,0.546484,0.371603,0.371603,0.0469366
forced_lotka_volterra_1_0,1.73976e-10,8.97217e-05,8.97217e-05,1.01915,1.01915,1.73976e-10
repressilator_6_1em4,0.00260151,0.000315767,0.000315767,1.09763,1.09763,0.000315767
sirt_treatment_2_1em8,3.46536e-07,3.46536e-07,3.46536e-07,0.00343477,0.00343477,3.46536e-07
dc_motor_1_1em2,0.0959537,0.0186373,0.0186373,0.995612,0.995612,0.0185019
quadrotor_6_0,9.4027e-12,2.72217e-05,2.72217e-05,0.00192106,0.00192106,9.4027e-12
boost_converter_4_1em6,1.5317e-05,0.000620758,0.000620758,0.423158,0.423158,1.18455e-05
lotka_volterra_3_1em6,3.30521e-07,3.30521e-07,3.30521e-07,0.0155572,0.0155572,3.30521e-07
dc_motor_2_1em4,0.00257775,0.000805252,0.000805252,0.219946,0.219946,0.000219696
quadrotor_9_1em4,0.00400155,0.00393176,0.00393176,0.139052,0.139052,0.000569641
bicycle_model_1_1em2,0.00273691,0.000218197,0.000218197,0.194968,0.194968,0.000215802
slow_fast_8_0,1.1614e-12,1.1614e-12,1.1614e-12,0.000869003,0.000869003,1.1614e-12
repressilator_7_1em6,1.14142e-06,1.14142e-06,1.14142e-06,0.0138584,0.0138584,1.14142e-06
