0.0,0.07140000717035098,0.09700005628195287
0.0267022696929239,0.06007602990656511,0.05310730344318064
0.0534045393858478,0.052160554683825036,0.019386782575343035
0.0801068090787717,0.04696365334289165,-0.006772887724544363
0.1068090787716956,0.043947410848195284,-0.027405051756709296
0.1335113484646194,0.042692618412833824,-0.0440919750003744
0.1602136181575434,0.04287224291194432,-0.05806558268700447
0.1869158878504672,0.04423121957045364,-0.07028379321154338
0.2136181575433912,0.04657043703696726,-0.08149191622737885
0.240320427236315,0.04973439538649539,-0.09226881949414084
0.2670226969292389,0.05360156828154723,-0.10306412838448172
0.2937249666221629,0.05807680627063268,-0.1142270569475158
0.3204272363150868,0.0630856251557673,-0.1260274503257892
0.3471295060080107,0.06856951023509573,-0.1386742711209381
0.3738317757009345,0.07448243437783818,-0.15232877049842541
0.4005340453938584,0.0807880863873637,-0.16711464981581936
0.4272363150867824,0.08745769346508747,-0.18312660504690986
0.4539385847797063,0.09446829726479294,-0.20043676125078588
0.4806408544726301,0.10180165823485976,-0.2190990725956899
0.507343124165554,0.10944290592426267,-0.2391539284342413
0.5340453938584779,0.11738005134685288,-0.26063075539320074
0.5607476635514018,0.12560311648877845,-0.2835505591582913
0.5874499332443258,0.1341039123378998,-0.3079270836535468
0.6141522029372497,0.14287542798582997,-0.3337697763167623
0.6408544726301736,0.15191169282143502,-0.3610828931855757
0.6675567423230975,0.16120744462939138,-0.38986817979991145
0.6942590120160214,0.17075805011728074,-0.4201240642003506
0.7209612817089452,0.18055932656031146,-0.45184764187220167
0.7476635514018691,0.19060740068251425,-0.485033716265053
0.774365821094793,0.2008986478950525,-0.5196758335332451
0.8010680907877169,0.21142961915566477,-0.5557665252602879
0.8277703604806409,0.22219708043311667,-0.5932974692705193
0.8544726301735648,0.23319782151531535,-0.6322593530630253
0.8811748998664887,0.24442874543775964,-0.6726423430316708
0.9078771695594126,0.25588674422150876,-0.7144361015477357
0.9345794392523364,0.26756884830156996,-0.7576295061786723
0.9612817089452604,0.27947196635176025,-0.8022114734200274
0.9879839786381842,0.29159309084029866,-0.848169930839136
1.014686248331108,0.3039292270524764,-0.8954930027246648
1.041388518024032,0.3164772780666776,-0.9441684432830886
1.068090787716956,0.3292342660235122,-0.9941831838705439
1.09479305740988,0.34219700964555855,-1.0455245864139355
1.1214953271028036,0.35536248940333975,-1.0981790875685133
1.1481975967957276,0.36872753789135493,-1.1521332390625387
1.1748998664886516,0.38228902491420086,-1.2073733500383088
1.2016021361815754,0.3960437704123405,-1.2638853735313698
1.2283044058744994,0.4099885550556301,-1.3216551391550655
1.2550066755674232,0.4241201623885903,-1.3806680364112376
1.2817089452603472,0.43843529084105065,-1.4409095917495387
1.308411214953271,0.45293066141450317,-1.5023647948787076
1.335113484646195,0.46760300663303683,-1.5650185572184345
1.3618157543391187,0.4824488887851509,-1.628855422153159
1.3885180240320427,0.4974649883878402,-1.6938602306913142
1.4152202937249667,0.5126478803932882,-1.7600168539073133
1.4419225634178905,0.5279941139557219,-1.8273096896139798
1.4686248331108145,0.5435002644685917,-1.895722655732625
1.4953271028037385,0.5591628318548989,-1.9652391461660792
1.5220293724966625,0.5749782981882654,-2.035842927308143
1.548731642189586,0.5909431367240116,-2.1075174480522127
1.57543391188251,0.6070537774261529,-2.180245506329295
1.6021361815754338,0.6233066660262014,-2.254010525983933
1.6288384512683578,0.6396981504210535,-2.3287949222885773
1.6555407209612818,0.6562246386657576,-2.404581499451125
1.6822429906542056,0.6728824329818114,-2.4813528721847007
1.7089452603471296,0.6896679130581763,-2.559091120473263
1.7356475300400531,0.706577371611362,-2.637778503241079
1.7623497997329771,0.7236070534887189,-2.717397011416698
1.7890520694259011,0.7407532502266438,-2.7979284535715627
1.815754339118825,0.7580122365963751,-2.8793546354884976
1.842456608811749,0.7753802053001649,-2.961656728345132
1.8691588785046729,0.7928533963690163,-3.0448165413831916
1.8958611481975969,0.8104279748492547,-3.1288150763010276
1.9225634178905209,0.8281001540252843,-3.21363352761594
1.9492656875834449,0.8458660696435032,-3.299252851402365
1.9759679572763684,0.8637218609614957,-3.3856538900229327
2.0026702269692924,0.8816636962557441,-3.4728174266207996
2.029372496662216,0.8996876831994095,-3.56072407259894
2.05607476635514,0.9177899225384417,-3.649354124809216
2.082777036048064,0.935966532385591,-3.738687955505806
2.109479305740988,0.9542135560387194,-3.8287060211680783
2.136181575433912,0.972527130500663,-3.9193881742174423
2.162883845126836,0.9909032630147395,-4.0107145473436585
2.18958611481976,1.009338018533378,-4.102665131791499
2.2162883845126835,1.0278274884520804,-4.195219643350934
2.2429906542056077,1.0463676759074465,-4.288357818985521
2.2696929238985315,1.064954595115762,-4.382059332582065
2.2963951935914557,1.083584295926166,-4.476303539094655
2.323097463284379,1.1022528058629035,-4.571070192581659
2.3497997329773037,1.12095611927489,-4.6663383699650085
2.376502002670227,1.1396902748707933,-4.762087526814305
2.403204272363151,1.1584512540896377,-4.8582967183329835
2.4299065420560746,1.177235053537206,-4.954945296767154
2.456608811748999,1.196037693010687,-5.052012194253481
2.4833110814419226,1.214855178682011,-5.149476409563827
2.5100133511348464,1.2336834849194531,-5.247316872611844
2.5367156208277706,1.2525186300914193,-5.345512594817049
2.5634178905206944,1.2713566258591005,-5.444042386441997
2.590120160213618,1.2901934384112044,-5.542884957114396
2.616822429906542,1.309025075778987,-5.642018973796489
2.643524699599466,1.3278475880268554,-5.741423408755725
2.67022696929239,1.3466569296438902,-5.841076619861469
2.6969292389853137,1.3654491483312792,-5.940957448452795
2.723631508678237,1.3842202329202713,-6.041044450794678
2.7503337783711617,1.4029662565771592,-6.141316129385874
2.777036048064085,1.421683205557602,-6.241751086418927
2.803738317757009,1.440367106321552,-6.342327840626473
2.830440587449933,1.4590140446620221,-6.443024946885256
2.857142857142857,1.4776200683466794,-6.543820818162768
2.883845126835781,1.4961812119933837,-6.644693958952602
2.9105473965287048,1.5146935676831188,-6.745623040995494
2.937249666221629,1.5331532012217874,-6.846586369610972
2.9639519359145527,1.5515562252787718,-6.947562439735075
2.9906542056074765,1.56989873762057,-7.048529777867709
3.0173564753004007,1.5881768501318059,-7.149467074485067
3.0440587449933245,1.6063867056027576,-7.250352529579084
3.0707610146862483,1.6245244324568764,-7.35116495709023
3.097463284379172,1.6425862177659107,-7.4518830135810115
3.1241655540720963,1.6605681956075724,-7.552485116613705
3.15086782376502,1.6784665962740142,-7.6529496703890185
3.177570093457944,1.6962775990361287,-7.753255721753474
3.204272363150868,1.7139974564846023,-7.853381816806984
3.230974632843792,1.7316223726382898,-7.95330675620755
3.257676902536716,1.7491486600760415,-8.053009360784968
3.28437917222964,1.7665725444264704,-8.152468329893317
3.311081441922564,1.7838903470757133,-8.251662624552774
3.337783711615488,1.8010984197689202,-8.350571087774467
3.364485981308411,1.8181930760898575,-8.44917305905493
3.391188251001335,1.8351706666671266,-8.54744719614674
3.417890520694259,1.8520275940431687,-8.645372977073434
3.444592790387183,1.8687602911741998,-8.742929427542789
3.4712950600801067,1.8853651354107928,-8.840095873421761
3.497997329773031,1.9018386298588452,-8.93685169841671
3.5246995994659547,1.9181772487625157,-9.033176208631522
3.5514018691588785,1.9343774985209423,-9.129049214109966
3.5781041388518022,1.9504359304099996,-9.224450256236944
3.6048064085447264,1.966349059051429,-9.319358871709754
3.63150867823765,1.982113534413569,-9.413755078866098
3.658210947930574,1.9977259237088767,-9.507618596553122
3.684913217623498,2.0131828859868963,-9.600929721518291
3.711615487316422,2.028481126841306,-9.693668340035002
3.7383177570093458,2.043617315212445,-9.78581476855247
3.7650200267022695,2.058588221087968,-9.877349425243183
3.7917222963951938,2.0733905870637557,-9.968252663758673
3.8184245660881175,2.088021198069618,-10.05850518900374
3.845126835781041,2.102476931035549,-10.148087620471951
3.871829105473965,2.1167545962829566,-10.236980967052826
3.898531375166889,2.1308511277633855,-10.325165981680547
3.925233644859813,2.1447634641100026,-10.412624004081087
3.951935914552737,2.1584885672156275,-10.499336092680018
3.978638184245661,2.172023377644297,-10.585283816578876
4.005340453938585,2.1853650083344918,-10.670448551234237
4.032042723631509,2.198510495610519,-10.754812148475002
4.058744993324432,2.211456944831534,-10.838356288116762
4.085447263017357,2.224201543101996,-10.92106308423733
4.11214953271028,2.2367413941663448,-11.002914701373511
4.138851802403204,2.2490737719064455,-11.08389341700138
4.165554072096128,2.261195952223325,-11.163981650204063
4.192256341789052,2.2731052044255593,-11.243161949177573
4.218958611481976,2.2847988570230333,-11.321417531117394
4.2456608811749,2.296274328208274,-11.398731016039013
4.272363150867824,2.30752899203909,-11.475085793173344
4.299065420560748,2.318560323814419,-11.550464982684247
4.325767690253672,2.3293658396970094,-11.624852247245752
4.352469959946595,2.33994307103395,-11.69823133589853
4.37917222963952,2.3502895756568276,-11.770586142941648
4.405874499332444,2.3604030333960986,-11.841900717346913
4.432576769025367,2.3702810931308522,-11.912159154241637
4.459279038718291,2.379921425739852,-11.981346303046399
4.485981308411215,2.3893218659654196,-12.049446820877781
4.512683578104139,2.3984801722829134,-12.116445347296262
4.539385847797063,2.407394177867269,-12.182327113446323
4.566088117489986,2.4160617859487674,-12.247077466952968
4.592790387182911,2.424480942014957,-12.310681645246563
4.619492656875835,2.4326496421106394,-12.373125645723052
4.646194926568758,2.440565894422413,-12.43439540065906
4.672897196261682,2.4482277638619814,-12.494476943365978
4.699599465954607,2.4556333769596432,-12.553356721355161
4.72630173564753,2.462780935107521,-12.611021315129436
4.753004005340454,2.46966863464641,-12.667457525415676
4.779706275033377,2.476294713794231,-12.722652391827225
4.806408544726302,2.4826575169058027,-12.776593304319821
4.833110814419226,2.48875538864653,-12.829267577501062
4.859813084112149,2.494586761085117,-12.880663101960183
4.886515353805073,2.5001500610978695,-12.930767839184535
4.913217623497998,2.505443817824901,-12.9795699798386
4.939919893190921,2.510466616729798,-13.027058056446476
4.966622162883845,2.5152169761438756,-13.073220648343442
4.993324432576769,2.5196936526759055,-13.118046749643604
5.020026702269693,2.52389527523022,-13.161525602157322
5.046728971962617,2.5278206543690134,-13.203646621892755
5.073431241655541,2.531468582218636,-13.244399385023259
5.1001335113484645,2.5348379035209176,-13.283773975681779
5.126835781041389,2.5379275292347554,-13.321760554296928
5.153538050734312,2.540736438562211,-13.358349657741954
5.180240320427236,2.543263632677254,-13.393531790977205
5.2069425901201605,2.5455081729942974,-13.42729801620024
5.233644859813084,2.547469171122193,-13.459639613232593
5.260347129506008,2.5491458080219886,-13.490547984515395
5.287049399198932,2.550537308323393,-13.520014987371928
5.313751668891856,2.551642940744099,-13.548032441681288
5.34045393858478,2.552462025492472,-13.57459289050964
5.367156208277704,2.5529939146997944,-13.5996887796969
5.393858477970627,2.5532380698852126,-13.623312786802252
5.420560747663552,2.553193994639665,-13.645458131413005
5.447263017356475,2.5528611554193756,-13.666118277073572
5.473965287049399,2.55223918530918,-13.685286697906044
5.500667556742323,2.5513277173126765,-13.702957227599981
5.527369826435247,2.5501264491822226,-13.719124311834632
5.554072096128171,2.548635124501759,-13.733782103467872
5.580774365821095,2.5468535382888122,-13.746925534729753
5.607476635514018,2.544781535574864,-13.758549654342596
5.634178905206943,2.5424190454524815,-13.768649559953953
5.660881174899867,2.5397660170010408,-13.777220943889095
5.68758344459279,2.536822415686631,-13.784259742465155
5.714285714285714,2.533588408632768,-13.789761848496685
5.740987983978638,2.530064010000573,-13.793723788031024
5.767690253671562,2.5262494554338955,-13.796142203299702
5.794392523364486,2.5221449496095283,-13.797014305915425
5.8210947930574095,2.517750728746999,-13.796336990471424
5.847797062750334,2.5130672101415312,-13.794108036070512
5.874499332443258,2.508094717201695,-13.790325306336186
5.901201602136181,2.5028336694759576,-13.784986674585577
5.9279038718291055,2.49728460210568,-13.778090745191047
5.95460614152203,2.4914480521329407,-13.769636026411712
5.981308411214953,2.485324571909518,-13.75962173644618
6.008010680907877,2.4789148105501266,-13.748046836348623
6.0347129506008015,2.4722195297093426,-13.734910990899719
6.061415220293725,2.4652394193033267,-13.720214016214747
6.088117489986649,2.457975304216967,-13.703955968688335
6.114819759679572,2.450428030673982,-13.686137411608893
6.141522029372497,2.4425985274440496,-13.66675878456966
6.168224299065421,2.434487693938066,-13.64582119504961
6.194926568758344,2.4260965983442584,-13.623325853851519
6.221628838451268,2.4174262770311525,-13.599274180678544
6.248331108144193,2.408477832715761,-13.573668257055754
6.275033377837116,2.399252460228809,-13.546509895027103
6.30173564753004,2.3897513308779006,-13.517801561100244
6.328437917222964,2.3799757269995405,-13.48754617001461
6.355140186915888,2.3699269650557997,-13.455746207980384
6.381842456608812,2.3596064123237372,-13.422405283939604
6.408544726301735,2.3490154596150497,-13.38752676916989
6.435246995994659,2.3381555792534603,-13.35111444676106
6.461949265687584,2.327028297665526,-13.313172387745707
6.488651535380507,2.3156351508563215,-13.27370509399474
6.515353805073431,2.3039777790352085,-13.232716886741107
6.542056074766355,2.2920578018773288,-13.19021298990742
6.568758344459279,2.279876927981612,-13.146198478968591
6.595460614152203,2.2674369456067582,-13.100678631265286
6.622162883845127,2.2547396017459764,-13.053659496577538
6.6488651535380505,2.2417868071235123,-13.005146883112708
6.675567423230975,2.2285804047424995,-12.955147076507663
6.702269692923899,2.215122335918679,-12.903666689424071
6.728971962616822,2.201414634358325,-12.850712684934496
6.7556742323097465,2.1874592757327584,-12.79629197639206
6.78237650200267,2.1732583824002987,-12.740411841805459
6.809078771695594,2.158814053167563,-12.683080207486384
6.835781041388518,2.144128425832283,-12.62430461641117
6.862483311081442,2.129203772454142,-12.564093551122415
6.889185580774366,2.1140422811921322,-12.502455290908852
6.91588785046729,2.0986463173895897,-12.439398468678085
6.942590120160213,2.083018159226638,-12.374932212305636
6.969292389853138,2.067160255869069,-12.3090655557308
6.995994659546062,2.051074986519271,-12.24180781021006
7.022696929238985,2.0347648319013287,-12.173169123235278
7.049399198931909,2.0182322764527445,-12.103159017739836
7.076101468624833,2.001479894328837,-12.031787966507634
7.102803738317757,1.9845102786094875,-11.959066358171563
7.129506008010681,1.9673260591813577,-11.885004924451195
7.1562082777036045,1.9499298887029912,-11.809614520384232
7.182910547396529,1.9323244742665366,-11.732906591231197
7.209612817089453,1.9145125843043365,-11.6548923392178
7.236315086782376,1.8964969823592863,-11.575583462043518
7.2630173564753,1.8782804891454543,-11.49499207974498
7.289719626168225,1.8598659528609003,-11.413130103211849
7.316421895861148,1.8412563179312322,-11.330010057885657
7.343124165554072,1.8224544541311696,-11.245644508271182
7.369826435246996,1.803463362223693,-11.16004630926852
7.39652870493992,1.784286038773789,-11.073228521874013
7.423230974632844,1.7649255098573038,-10.9852043293319
7.449933244325767,1.745384847019894,-10.895987571510283
7.4766355140186915,1.7256671561089612,-10.805591652090214
7.503337783711616,1.7057755666994618,-10.71403066425753
7.530040053404539,1.6857132644776356,-10.621318681345972
7.556742323097463,1.6654834150093805,-10.527470199319438
7.5834445927903875,1.6450892713124792,-10.432499580458463
7.610146862483311,1.6245340855181114,-10.336422078324206
7.636849132176235,1.6038211189528537,-10.239252219549986
7.663551401869159,1.582953761976544,-10.14100536930219
7.690253671562083,1.5619352725288334,-10.041696870423506
7.716955941255007,1.5407690902635547,-9.941342392429835
7.74365821094793,1.5194586004025126,-9.839957791114816
7.770360480640854,1.4980072085751988,-9.737558696376961
7.797062750333779,1.476418415113882,-9.634161561717681
7.823765020026702,1.4546956373727018,-9.529782760609653
7.850467289719626,1.4328424526567383,-9.424438505850002
7.87716955941255,1.410862349821425,-9.318145798284672
7.903871829105474,1.3887588875727002,-9.210921396005144
7.930574098798398,1.366535651483708,-9.10278230894705
7.957276368491322,1.3441962258526874,-8.993745789612282
7.983978638184245,1.321744219492353,-8.883829302479707
8.01068090787717,1.2991833255209073,-8.773050266495803
8.037383177570094,1.2765171676898093,-8.66142639804243
8.064085447263018,1.2537494413457044,-8.548975491803882
8.09078771695594,1.2308838198476038,-8.435715732318172
8.117489986648865,1.2079240420145463,-8.321665091808121
8.144192256341789,1.1848738728812218,-8.20684225749781
8.170894526034713,1.1617370335447692,-8.091265251376978
8.197596795727637,1.1385172883020072,-7.974952771636838
8.22429906542056,1.115218454498639,-7.857923586665649
8.251001335113484,1.0918443091190349,-7.7401966564151286
8.277703604806408,1.0683986682285802,-7.62179073970009
8.304405874499333,1.0448853990389757,-7.502725230407328
8.331108144192257,1.0213082930034736,-7.383019319606648
8.357810413885181,0.997671246094162,-7.262692105760709
8.384512683578103,0.9739780736754523,-7.141763321975323
8.411214953271028,0.9502327366316626,-7.020252451777801
8.437917222963952,0.9264390542129982,-6.898179262942655
8.464619492656876,0.902600950836679,-6.775563438569905
8.4913217623498,0.8787223158909546,-6.652425046888475
8.518024032042725,0.8548070942795232,-6.528783951422267
8.544726301735647,0.8308591837118209,-6.404660445762354
8.571428571428571,0.8068825015996456,-6.280074550373561
8.598130841121495,0.7828810315358004,-6.155046583646728
8.62483311081442,0.758858665912631,-6.029596976322819
8.651535380507344,0.7348193817646685,-5.903746015582579
8.678237650200266,0.7107671365971417,-5.777514466090467
8.70493991989319,0.6867058023664588,-5.6509227987845385
8.731642189586115,0.6626394418468102,-5.523991510601898
8.758344459279039,0.6385719495246424,-5.396741710934352
8.785046728971963,0.6145073114886636,-5.269193851394925
8.811748998664887,0.5904494506021449,-5.141368836297944
8.83845126835781,0.5664023679118885,-5.01328776251956
8.865153538050734,0.542370015376044,-4.884971329259115
8.891855807743658,0.5183563261519314,-4.7564408814783965
8.918558077436582,0.4943652503042319,-4.627717211473354
8.945260347129507,0.47040074737774934,-4.498821405377049
8.97196261682243,0.44646677811265106,-4.369774744240107
8.998664886515353,0.4225672803895025,-4.240598188468501
9.025367156208278,0.39870617494365634,-4.111313123703003
9.052069425901202,0.37488740138258236,-3.9819406392938363
9.078771695594126,0.35111487364910565,-3.852501920036853
9.10547396528705,0.3273925535548326,-3.7230183697932646
9.132176234979973,0.3037242701100257,-3.593511111887445
9.158878504672897,0.2801139989012864,-3.4640014284903615
9.18558077436582,0.25656559427637393,-3.334510692171631
9.212283044058744,0.2330829370396003,-3.20506013423224
9.23898531375167,0.20966990146185488,-3.0756709886284597
9.265687583444592,0.18633035321718194,-2.946364475591299
9.292389853137516,0.16306813822466956,-2.8171620334784095
9.31909212283044,0.13988706938558623,-2.6880848076666752
9.345794392523365,0.11679097918033168,-2.559154088386369
9.372496662216289,0.09378367049092248,-2.4303908416672053
9.399198931909211,0.07086895689052092,-2.3018165587446817
9.425901201602136,0.048050590791713976,-2.1734523006137554
9.45260347129506,0.025332314967985506,-2.0453190702240667
9.479305740987984,0.002717910818006608,-1.917438132484299
9.506008010680908,-0.01978893433870851,-1.7898303090472154
9.532710280373832,-0.04218452445976385,-1.6625167784762767
9.559412550066757,-0.0644651286147229,-1.5355184864895703
9.58611481975968,-0.08662708306979636,-1.4088563504090847
9.612817089452603,-0.10866681505352556,-1.28255097044998
9.639519359145527,-0.13058057421114583,-1.156623537764201
9.666221628838452,-0.1523648770812193,-1.031094523362998
9.692923898531376,-0.17401605583191943,-0.9059845872647591
9.719626168224298,-0.19553059598617725,-0.7813143724808744
9.746328437917224,-0.2169049646903105,-0.6571045514472252
9.773030707610149,-0.23813561099134475,-0.5333751363283709
9.799732977303073,-0.2592190881144094,-0.41014698451946474
9.826435246995995,-0.28015193319445436,-0.28744005335356543
9.853137516688918,-0.30093070652287124,-0.16527459821863927
9.879839786381842,-0.32155197252355605,-0.043670871783395376
9.906542056074766,-0.34201238176344984,0.07735135560754847
9.93324432576769,-0.3623085593319284,0.19777206981523682
9.959946595460616,-0.3824372014015947,0.3175714510833232
9.98664886515354,-0.40239498269107354,0.4367298716168381
10.01335113484646,-0.42217868120976565,0.5552277401859282
10.040053404539384,-0.4417850125255855,0.6730456326390329
10.06675567423231,-0.4612107982518365,0.7901639606153511
10.093457943925234,-0.48045285971024976,0.9065637773329076
10.120160213618158,-0.49950807243786355,1.0222258619140852
10.146862483311082,-0.5183732823982845,1.1371310834557349
10.173564753004005,-0.5370454649426938,1.2512607710418164
10.200267022696927,-0.555521543502605,1.3645963009784428
10.226969292389851,-0.5737985101260292,1.4771187554836065
10.253671562082776,-0.591873415475418,1.5888100996497736
10.280373831775702,-0.6097432983554512,1.6996518077711724
10.307076101468624,-0.627405252853602,1.8096256896502727
10.333778371161548,-0.6448564232332208,1.918713784558426
10.360480640854473,-0.6620939579253943,2.026898178083977
10.387182910547397,-0.6791151060353214,2.134161433876635
10.41388518024032,-0.695917090749275,2.2404857095954185
10.440587449933243,-0.712497185014293,2.345853936863758
10.467289719626168,-0.7288527078263118,2.4502486198866893
10.493991989319092,-0.7449810553173846,2.553652794944474
10.520694259012016,-0.7608795852579235,2.6560497495886386
10.54739652870494,-0.7765457740390574,2.757422754001521
10.574098798397864,-0.7919770795163864,2.8577552348919304
10.600801068090789,-0.807171036282087,2.9570307812580037
10.627503337783711,-0.8221252051769551,3.0552335194564675
10.654205607476635,-0.8368372130820362,3.1523471488590458
10.68090787716956,-0.8513046624985626,3.2483562040856415
10.707610146862484,-0.8655252773169433,3.3432449188730162
10.734312416555408,-0.8794967629339983,3.436998054244258
10.76101468624833,-0.8932169662505672,3.529600250366521
10.787716955941256,-0.9066836414676099,3.6210366681476387
10.81441922563418,-0.9198946918449347,3.7112925728068715
10.841121495327103,-0.9328479949888362,3.8003532930780026
10.867823765020027,-0.9455415402183323,3.8882043808733924
10.89452603471295,-0.9579733423957593,3.9748319002393444
10.921228304405874,-0.970141372134253,4.0602218224224
10.947930574098798,-0.9820438101029215,4.14436038759539
10.974632843791722,-0.9936787867365328,4.227234141459013
11.001335113484648,-1.0050444493838562,4.308829707427929
11.02803738317757,-1.0161390309372185,4.389134203345091
11.054739652870492,-1.026960864310798,4.468134617265993
11.081441922563418,-1.0375082558291688,4.5458184284209455
11.108144192256342,-1.047779559247011,4.622173300616949
11.134846461949266,-1.0577732237850006,4.697186989180024
11.16154873164219,-1.0674877442543278,4.770847656110456
11.188251001335113,-1.0769216205047947,4.843143734797143
11.214953271028037,-1.0860734355400916,4.914063785304217
11.24165554072096,-1.09494180712375,4.9835963863404595
11.268357810413884,-1.1035254118154236,5.0517306310022105
11.29506008010681,-1.111822988563597,5.118455993605017
11.321762349799734,-1.1198332976694776,5.183762138921452
11.348464619492656,-1.1275551734571543,5.247638480576176
11.37516688918558,-1.1349874614352276,5.310075453658084
11.401869158878505,-1.1421291213048066,5.3710630968217234
11.428571428571429,-1.148979120813198,5.430591894241089
11.455273698264351,-1.1555364894812004,5.488652903478426
11.481975967957275,-1.1618003040572389,5.545237135047026
11.5086782376502,-1.1677696887479216,5.600335750497864
11.535380507343124,-1.1734438653928487,5.6539405930330275
11.562082777036048,-1.1788219888929685,5.706043403177419
11.588785046728972,-1.1839034452578956,5.756636145995706
11.615487316421897,-1.1886875070628482,5.805711479473605
11.64218958611482,-1.1931735843283142,5.853261784903873
11.668891855807743,-1.1973611382194134,5.8992799973253955
11.695594125500667,-1.2012496345763302,5.943759581182207
11.722296395193592,-1.204838660423347,5.986693656759228
11.748998664886516,-1.2081277659527907,6.028076250706878
11.77570093457944,-1.2111166664117712,6.06790105938709
11.802403204272364,-1.2138050259790465,6.106162563356307
11.829105473965289,-1.2161926028093109,6.142855114661421
11.855807743658213,-1.2182792683707553,6.177973903144929
11.882510013351135,-1.2200648285035707,6.21151366672306
11.90921228304406,-1.221549215799034,6.243469729290717
11.935914552736982,-1.2227324324225701,6.2738381247269235
11.962616822429906,-1.2236144669024265,6.302614458915813
11.98931909212283,-1.2241954161783501,6.329795171319783
12.016021361815756,-1.224475398024802,6.35537666396677
12.04272363150868,-1.2244546276729829,6.379355568595055
12.069425901201605,-1.2241333111341766,6.4017291808825245
12.096128170894524,-1.2235117671831461,6.422494628990867
12.12283044058745,-1.2225902977302299,6.44164968444845
12.149532710280374,-1.2213693487910575,6.459192272120536
12.176234979973298,-1.2198493260039627,6.475120390856615
12.202937249666222,-1.2180307619196653,6.4894327644705205
12.229639519359145,-1.2159142041679527,6.502127932846845
12.256341789052067,-1.213500255195802,6.513205108025518
12.283044058744991,-1.210789561369569,6.522663497017148
12.309746328437916,-1.2077828581986134,6.530502706113436
12.336448598130842,-1.2044808836705718,6.53672276107543
12.363150867823766,-1.2008844684218818,6.541323781252945
12.389853137516688,-1.1969944944822406,6.544306173229823
12.416555407209612,-1.1928118422202272,6.545670745797555
12.443257676902537,-1.188337503795663,6.545418459673166
12.46995994659546,-1.1835724766833826,6.543550762068271
12.496662216288383,-1.178517908705867,6.540069093322946
12.523364485981308,-1.1731748360529966,6.5349756911496515
12.550066755674232,-1.167544509142398,6.528272165276687
12.576769025367156,-1.1616280746136887,6.519961463203227
12.60347129506008,-1.155426827378408,6.510046168547364
12.630173564753004,-1.1489421882198865,6.498529118104287
12.656875834445929,-1.1421753944573438,6.485414043821802
12.683578104138851,-1.1351279774174519,6.4707041164861
12.710280373831775,-1.1278013477400035,6.454403374370435
12.7369826435247,-1.1201970344951266,6.43651590847497
12.763684913217624,-1.1123166612664188,6.417046173151714
12.790387182910548,-1.104161787662293,6.395998993066479
12.81708945260347,-1.0957341236691542,6.373379192704968
12.843791722296396,-1.0870353828535753,6.349191936631585
12.87049399198932,-1.0780672996955039,6.323443056618941
12.897196261682245,-1.0688317250075563,6.296138170218203
12.923898531375167,-1.0593304975446087,6.267283332241058
12.950600801068092,-1.0495655394952526,6.236884968854902
12.977303070761014,-1.0395387707148602,6.204949808463026
13.004005340453938,-1.0292522214834907,6.17148450901826
13.030707610146862,-1.0187079589571686,6.136496401916756
13.057409879839788,-1.0079079929580304,6.099992764430693
13.08411214953271,-0.9968545472904714,6.0619816124529695
13.110814419225637,-0.9855497518531288,6.022470645790531
13.137516688918558,-0.9739958325856155,5.981468145475488
13.164218958611482,-0.9621950728826252,5.938982674801445
13.190921228304406,-0.9501497706232495,5.895022935912637
13.21762349799733,-0.9378622797476278,5.849597914919323
13.244325767690254,-0.9253350338623956,5.802716880394907
13.271028037383177,-0.9125704130839195,5.75438953296839
13.2977303070761,-0.8995709482993003,5.70462552518287
13.324432576769023,-0.8863391023614523,5.653434825118499
13.35113484646195,-0.872877523024963,5.6008277669791156
13.377837116154874,-0.8591887332378302,5.546814935293349
13.404539385847798,-0.8452754143031876,5.491407063410943
13.43124165554072,-0.8311402497678232,5.434615227441715
13.457943925233645,-0.8167859555060196,5.3764506939631
13.484646194926569,-0.8022152732726086,5.316925012481195
13.511348464619491,-0.787431037027767,5.256049671431233
13.538050734312415,-0.7724360396917929,5.193836985448479
13.56475300400534,-0.7572332087165874,5.130299073571089
13.591455273698264,-0.7418254182971387,5.065448378419457
13.618157543391188,-0.7262155943971772,4.9992976110448994
13.644859813084112,-0.7104067471933319,4.931859700232533
13.671562082777037,-0.694401881880554,4.8631477251109505
13.69826435246996,-0.678204046170804,4.793175021867794
13.724966622162883,-0.6618163356629927,4.721955270169995
13.751668891855807,-0.6452418414476069,4.649502249874011
13.778371161548732,-0.6284837420703886,4.575830097477798
13.805073431241656,-0.6115452107115227,4.500952930965114
13.83177570093458,-0.5944294691847007,4.424885153849029
13.858477970627504,-0.5771397314111089,4.3476415113302105
13.885180240320429,-0.5596793174184882,4.26923680214458
13.911882510013353,-0.5420514570552494,4.189686196614738
13.938584779706275,-0.5242595769911339,4.1090048547668685
13.9652870493992,-0.5063069824331319,4.027208281101631
13.991989319092124,-0.4881970566527232,3.9443122317905694
14.018691588785046,-0.469933261350996,3.86033255274022
14.04539385847797,-0.4515190137109339,3.7752851020664875
14.072096128170896,-0.43295779044547983,3.6891863250555956
14.09879839786382,-0.4142530838881646,3.602052561238822
14.125500667556745,-0.3954084226289531,3.513900446380885
14.152202937249664,-0.3764273580692419,3.424746761571612
14.17890520694259,-0.3573134457971743,3.3346082751502037
14.205607476635514,-0.33807028968476466,3.2435024299613335
14.232309746328438,-0.31870149874127973,3.1514462832607566
14.259012016021362,-0.29921071116150333,3.0584574391747315
14.285714285714286,-0.27960161687051666,2.964553436868153
14.312416555407207,-0.25987782450426394,2.869752118285589
14.339118825100131,-0.24004312259825983,2.774071309144033
14.365821094793056,-0.22010116687270698,2.6775293385308743
14.392523364485982,-0.20005570441648346,2.580144282828792
14.419225634178906,-0.17991049861778283,2.481934556217926
14.445927903871828,-0.15966933425429772,2.3829188345964116
14.472630173564752,-0.13933597733531133,2.283115603411126
14.499332443257677,-0.11891423785837292,2.1825436278814845
14.5260347129506,-0.0984079597642099,2.08122207480108
14.552736982643523,-0.07782097876879661,1.979169982801876
14.57943925233645,-0.05715709259440273,1.8764065317425485
14.606141522029372,-0.0364202223055417,1.7729509805171015
14.632843791722296,-0.015614197865636965,1.6688229279852944
14.65954606141522,0.005257078457839565,1.5640418104203713
14.686248331108144,0.026189703880895702,1.4586274183189463
14.712950600801069,0.047179782506209175,1.3525994970575763
14.739652870493993,0.06822335210563932,1.245977952804193
14.766355140186915,0.08931655646561457,1.1387828525085362
14.79305740987984,0.11045540348077189,1.0310340878563546
14.819759679572764,0.13163598306227015,0.9227521566484768
14.846461949265688,0.15285432046565164,0.8139571314813341
14.873164218958612,0.17410650076478285,0.7046694935759316
14.899866488651536,0.19538850861940546,0.5949096616054462
14.92656875834446,0.21669642836463102,0.48469814630774166
14.953271028037385,0.23802624249633347,0.3740557531144423
14.979973297730307,0.25937403796547276,0.2630030216214038
15.006675567423231,0.28073576901158454,0.15156072199456955
15.033377837116156,0.3021075175326488,0.03974971108443583
15.060080106809078,0.32348524534705736,-0.07240890896435752
15.086782376502002,0.3448650234032402,-0.18489467876565646
15.113484646194928,0.36624284312949346,-0.29768615607667603
15.14018691588785,0.3876147359608612,-0.41076226616977635
15.166889185580777,0.4089767285516974,-0.5241021254146522
15.193591455273696,0.4303248518827677,-0.6376844233534205
15.220293724966622,0.45165506590821675,-0.7514881532430422
15.246995994659546,0.47296348682369743,-0.8654917461445779
15.27369826435247,0.4942461340447238,-0.9796741992755565
15.300400534045394,0.5154990092960796,-1.0940140500826487
15.32710280373832,0.5367182030416193,-1.2084901360725007
15.35380507343124,0.5578997338226054,-1.3230811831753317
15.380507343124163,0.5790396712427316,-1.437765511988923
15.40720961281709,0.6001340974928294,-1.5525218859401222
15.433911882510014,0.6211790911570263,-1.6673289863922198
15.460614152202938,0.6421707012231372,-1.7821655236465355
15.48731642189586,0.6631050188745022,-1.8970098861657332
15.514018691588785,0.6839782347602192,-2.01184070640118
15.540720961281709,0.7047863796038135,-2.1266367721426858
15.567423230974631,0.725525620644434,-2.2413764314943534
15.594125500667555,0.7461920841852263,-2.3560386518519523
15.62082777036048,0.766781924682111,-2.4706017081879095
15.647530040053404,0.787291357085916,-2.585044611497309
15.674232309746328,0.8077164994412617,-2.699345727227064
15.700934579439252,0.8280536035534009,-2.8134840801799847
15.727636849132177,0.8482988677161597,-2.927438261051576
15.7543391188251,0.868448518450607,-3.04118708347406
15.781041388518023,0.8884987988262715,-3.1547093585404435
15.807743658210947,0.9084459982184943,-3.2679840036651107
15.834445927903872,0.9282863999171916,-3.3809898697842864
15.861148197596796,0.9480163151285155,-3.4937060563980493
15.88785046728972,0.9676320532842364,-3.6061113731034977
15.914552736982644,0.9871299719418042,-3.7181850632453646
15.941255006675568,1.00650640827623,-3.8299061778460217
15.967957276368493,1.0257578484090184,-3.941254093746508
15.994659546061415,1.0448806147673497,-4.052207829492195
16.02136181575434,1.063871175266244,-4.162746898316255
16.048064085447262,1.0827259883322466,-4.272850695800058
16.074766355140188,1.10144156313651,-4.382498776609691
16.10146862483311,1.1200143628491877,-4.491670563528174
16.128170894526036,1.1384409531579935,-4.600345945819965
16.15487316421896,1.1567179221719366,-4.708504428061756
16.18157543391188,1.1748418242011955,-4.816126143953857
16.208277703604807,1.1928093144257437,-4.923190981904967
16.23497997329773,1.2106169819171502,-5.02967883467386
16.261682242990656,1.2282615607994303,-5.135569922474917
16.288384512683578,1.2457397250930524,-5.240844851910736
16.3150867823765,1.2630482023069094,-5.345483536764235
16.341789052069426,1.2801838040036488,-5.449466877838907
16.36849132176235,1.29714327073862,-5.552775055420643
16.395193591455275,1.31392349772589,-5.655389146467166
16.421895861148197,1.3305212560199136,-5.757289949895167
16.44859813084112,1.3469335074964683,-5.858458485337185
16.475300400534046,1.3631571948152246,-5.958875852692678
16.502002670226968,1.379189224870064,-6.058523293769066
16.528704939919894,1.3950266333513452,-6.157382259193773
16.555407209612817,1.410666435013625,-6.255434349714949
16.582109479305743,1.426105686527514,-6.352661106816403
16.608811748998665,1.4413415167226111,-6.449044538560553
16.635514018691588,1.4563710774985077,-6.544566557522582
16.662216288384514,1.4711914839860394,-6.639209393006715
16.688918558077436,1.485799994612441,-6.732955247607712
16.715620827770362,1.5001938850809233,-6.825786592387366
16.742323097463284,1.5143704046897097,-6.917686303575554
16.769025367156207,1.5283269221242106,-7.008637063234501
16.795727636849133,1.5420607693261157,-7.0986216107490865
16.822429906542055,1.5555693654083729,-7.187623479932148
16.84913217623498,1.5688501776578045,-7.275625791138377
16.875834445927904,1.581900706134392,-7.362612047755543
16.902536715620826,1.5947184493785942,-7.448566114560674
16.929238985313752,1.6073010320729237,-7.533471641450489
16.955941255006675,1.619646023963447,-7.617312793775211
16.9826435246996,1.6317511043253736,-7.700074009881924
17.009345794392523,1.6436139874212063,-7.781739591368074
17.03604806408545,1.6552324272712278,-7.862294161330594
17.06275033377837,1.6666041693949807,-7.941722634377634
17.089452603471294,1.6777270886299243,-8.020010061004823
17.11615487316422,1.6885990638014785,-8.097141876669989
17.142857142857142,1.6992180148897127,-8.173103170052023
17.16955941255007,1.7095819102181626,-8.247879978307626
17.19626168224299,1.7196887596223969,-8.32145816207756
17.222963951935913,1.729536655217385,-8.393823544111966
17.24966622162884,1.7391236637162935,-8.464962752125283
17.27636849132176,1.748447993575153,-8.534862179169522
17.303070761014688,1.7575078040066952,-8.603508793026155
17.32977303070761,1.7663013658094873,-8.67088948645128
17.356475300400533,1.7748269687002356,-8.73699138598979
17.38317757009346,1.7830829800037242,-8.801802011829402
17.40987983978638,1.791067762885243,-8.865309073378492
17.436582109479307,1.79877978741337,-8.927500598363773
17.46328437917223,1.8062175389646455,-8.988364765715334
17.489986648865152,1.8133795759459226,-9.047889758557325
17.516688918558078,1.8202644637611511,-9.10606448215961
17.543391188251,1.8268708725056604,-9.16287753860038
17.570093457943926,1.8331974579334676,-9.21831821749838
17.59679572763685,1.8392429719609105,-9.272375826232821
17.623497997329775,1.8450062508274916,-9.32504009037234
17.650200267022697,1.850486090781848,-9.37630101814259
17.67690253671562,1.8556813960534666,-9.426148343857607
17.703604806408546,1.860591123969498,-9.474572750980862
17.730307076101468,1.865214286780936,-9.521564879219428
17.757009345794394,1.8695498835364621,-9.567115523459005
17.783711615487316,1.8735970281023961,-9.61121582716856
17.81041388518024,1.8773549271992183,-9.653857150767744
17.837116154873165,1.8808227269037272,-9.695031299958092
17.863818424566087,1.8839996676133888,-9.734730298141049
17.890520694259013,1.8868851288173938,-9.772946084693167
17.917222963951936,1.889478392027006,-9.809671362251184
17.94392523364486,1.8917789271454553,-9.84489890286247
17.970627503337784,1.8937861710551256,-9.878621338739837
17.997329773030707,1.8954996487050484,-9.910832379254208
18.024032042723636,1.8969189383299634,-9.94152547571762
18.050734312416555,1.8980436485548744,-9.970694246616118
18.07743658210948,1.8988734561047687,-9.998332904234482
18.104138851802404,1.8994081077504026,-10.024436031553444
18.13084112149533,1.8996473581756113,-10.04899785170138
18.15754339118825,1.899591093954941,-10.072013797066333
18.18424566088117,1.899239150639593,-10.093478547060263
18.2109479305741,1.8985914684526766,-10.113388016256744
18.237650200267023,1.8976480646440177,-10.131737694472438
18.264352469959945,1.8964089817947771,-10.14852372888614
18.29105473965287,1.8948743058404314,-10.163742550970682
18.317757009345797,1.8930442420688502,-10.177390407475652
18.34445927903872,1.8909189138272,-10.189464601046206
18.37116154873164,1.8884986570231044,-10.199962096537606
18.397863818424565,1.8857837354148275,-10.208880287506728
18.42456608811749,1.8827745283193924,-10.21621698789399
18.451268357810413,1.879471454262432,-10.221970242950508
18.47797062750334,1.8758749827818644,-10.226138358248578
18.50467289719626,1.8719856287332397,-10.228719628340437
18.531375166889184,1.8678039954012018,-10.22971338262398
18.55807743658211,1.863330678083969,-10.229118585004592
18.584779706275032,1.8585663765576355,-10.226934570791517
18.61148197596796,1.8535118101138943,-10.223161146923363
18.63818424566088,1.8481677912961767,-10.21779833342961
18.664886515353807,1.8425351127333267,-10.21084643088154
18.69158878504673,1.83661469607169,-10.202306004748003
18.71829105473965,1.8304074678722146,-10.192177943338002
18.744993324432578,1.8239144143805563,-10.18046336968229
18.7716955941255,1.8171366087171983,-10.167163669143427
18.798397863818423,1.810075114782689,-10.152280647026036
18.82510013351135,1.8027310859520034,-10.135816308399084
18.85180240320427,1.7951056989776077,-10.117772856315844
18.8785046728972,1.7872002676341348,-10.098152931072882
18.90520694259012,1.7790159892743191,-10.076959428746816
18.931909212283045,1.7705542630878999,-10.054195257103487
18.958611481975968,1.7618164912762533,-10.02986419959516
18.98531375166889,1.7528041084674992,-10.0039696546069
19.012016021361816,1.7435185987443274,-9.976515827359298
19.03871829105474,1.7339615382260938,-9.947506674237339
19.065420560747665,1.7241344951725106,-9.916947054219422
19.092122830440587,1.7140391051579797,-9.884841528735919
19.11882510013351,1.7036770447399294,-9.85119546471283
19.14552736982644,1.6930500958136832,-9.816013951779631
19.17222963951936,1.6821600084489146,-9.779302689774324
19.198931909212284,1.6710086513073679,-9.741067815894143
19.225634178905207,1.6595978330565362,-9.701315328179362
19.252336448598133,1.647929526212682,-9.660051724818974
19.27903871829105,1.6360057275885669,-9.617283697024188
19.305740987983977,1.6238283939232208,-9.573018335900473
19.332443257676903,1.6113996296394086,-9.527262985459668
19.359145527369822,1.5987214954517468,-9.48002504157786
19.385847797062752,1.585796220709042,-9.431312339171242
19.412550066755674,1.5726259637226963,-9.381133026817189
19.4392523364486,1.5592129234198648,-9.32949533586657
19.465954606141523,1.5455594498579583,-9.276407885168675
19.492656875834445,1.5316678162289818,-9.221879645138193
19.51935914552737,1.5175404504064447,-9.16591968043741
19.546061415220294,1.5031797181700493,-9.108537196648099
19.572763684913216,1.4885880846999826,-9.049742131257618
19.599465954606146,1.4737680679185932,-8.989543990342277
19.626168224299064,1.4587221509263422,-8.927953258414346
19.65287049399199,1.4434529647709964,-8.864980207399864
19.679572763684916,1.4279631380887192,-8.800635431617033
19.706275033377835,1.4122552619054587,-8.734929799612742
19.73297730307076,1.3963320741973224,-8.667874408151054
19.759679572763684,1.3801963255512226,-8.599480767387982
19.78638184245661,1.3638507624872922,-8.529760272502756
19.81308411214953,1.3472982176163855,-8.458724927130078
19.83978638184246,1.3305415110087515,-8.38638667900435
19.86648865153538,1.3135835345056528,-8.312757990017392
19.893190921228303,1.2964272115600406,-8.237851386488506
19.91989319092123,1.2790755227685593,-8.161679482273042
19.94659546061415,1.2615314141077383,-8.084255454566183
19.97329773030708,1.243797950750197,-8.005592408682359
20.0,1.2258781777708916,-7.925704020397368
