0.0,11.003610171066887,1213.0346305918379,5.359356187093411
0.0133511348464619,11.18703456875609,1221.8373524503481,4.972471091295845
0.0267022696929239,9.69260488063422,1252.1993419583293,5.0367319991976025
0.0400534045393858,10.715936200069393,1240.6198068263736,5.173906620564663
0.0534045393858478,6.563611263732086,1215.6596970441292,5.033579387077336
0.0667556742323097,13.812886456431922,1235.155990369841,5.480631845297246
0.0801068090787717,3.6738001081837224,1217.8596667121838,5.047590173036863
0.0934579439252336,9.612348754116859,1243.0600983646998,5.5142621783569385
0.1068090787716956,5.968381276660029,1222.6993475482955,5.720282188100641
0.1201602136181575,5.1434642142271505,1231.3074161009056,5.831998261915631
0.1335113484646194,9.580963584972903,1219.9775528109662,5.632930197438146
0.1468624833110814,10.8115846549925,1234.5718915779662,5.186351174025719
0.1602136181575434,7.095166137947771,1220.2708532830131,5.316242106552138
0.1735647530040053,12.026607617387578,1228.7863839120673,5.961900494655059
0.1869158878504672,10.669825296089115,1238.1514826979778,5.707706005588743
0.2002670226969292,5.544572760661534,1262.0622349115479,6.318459607205829
0.2136181575433912,9.416996879498537,1225.6861365417199,5.282504498735356
0.2269692923898531,15.397323513999211,1242.0254474438857,5.861806214686079
0.240320427236315,10.0769912180744,1245.7403026350278,6.030670073514368
0.253671562082777,8.447254855809659,1226.2978593088649,6.307206399241416
0.2670226969292389,8.910239284306805,1218.3694027692643,6.251280133368953
0.2803738317757009,15.459626499584466,1228.1632651226296,6.1439879386476495
0.2937249666221629,15.905557062658492,1231.1780421565238,6.54679659047257
0.3070761014686248,21.242661984571036,1244.6153906089364,6.418708193509559
0.3204272363150868,19.06467050454402,1233.5280506831623,6.859097530258793
0.3337783711615487,16.50509680586181,1223.6674360794666,6.899550842667475
0.3471295060080107,13.090671680609478,1214.8692247330011,6.945286188127743
0.3604806408544726,23.700264670902566,1230.6466145067493,6.373940674548777
0.3738317757009345,14.298500840967174,1216.1920552920594,6.572109124545222
0.3871829105473965,22.845091127967606,1220.0504753295716,6.411811697815051
0.4005340453938584,18.318519396192585,1238.4672084539268,6.611668470058689
0.4138851802403204,16.319793956398925,1223.0894876917723,6.981134358947505
0.4272363150867824,12.743751843473675,1233.8944314664213,6.914402334185595
0.4405874499332443,15.734712106943949,1230.1203673132347,7.168651179889118
0.4539385847797063,18.371248786751334,1234.205433192724,7.402913637919618
0.4672897196261682,17.145494075601967,1252.4914500692203,7.276671066446422
0.4806408544726301,26.17395566496773,1256.355118701001,7.55963335762534
0.4939919893190921,13.407457571189868,1243.4694721999842,7.55598329558655
0.507343124165554,28.383481037065284,1232.6964150178787,7.210798159255856
0.520694259012016,13.644300965068515,1208.8076709381146,7.508721547303006
0.5340453938584779,21.27557925722889,1227.61974125748,8.054322832703598
0.5473965287049399,21.350199482654176,1232.6036160756673,7.978737702130118
0.5607476635514018,26.0498213708277,1240.606272062826,7.944690652608467
0.5740987983978638,28.607298687469875,1216.786568965414,7.664614775817384
0.5874499332443258,26.563718046083512,1194.3637063954625,7.896920005193177
0.6008010680907877,23.04920594139012,1215.6544454531763,7.977593522375961
0.6141522029372497,25.013586935255628,1221.7054608021497,8.464379740518098
0.6275033377837116,20.16811794826736,1242.040923258201,7.9676049080584175
0.6408544726301736,22.72285690351186,1232.5163095246141,8.663029695480388
0.6542056074766355,18.404387432478472,1210.8291964716577,8.578668076205334
0.6675567423230975,18.687754753994028,1238.761367061112,8.394140189424979
0.6809078771695594,14.104108541829746,1247.5247233951634,8.740811738459989
0.6942590120160214,37.163840518579676,1233.2529298300483,8.803460961172133
0.7076101468624834,26.647822085678442,1226.9263659272035,8.961620199052923
0.7209612817089452,32.03289129219029,1230.3026265666322,8.658984811332427
0.7343124165554072,25.335909497284526,1241.977621494031,8.694663199405193
0.7476635514018691,32.28451560945445,1216.0457941339203,9.107074813139288
0.7610146862483311,31.527944040778408,1226.2226534517506,8.908555059664035
0.774365821094793,26.351510026351825,1250.00835760201,9.316315977835297
0.787716955941255,31.837253947400196,1226.0534628275175,9.444002493601843
0.8010680907877169,37.529760673413996,1216.488537063898,9.751039174179871
0.8144192256341789,30.577982159059918,1234.9910928490813,9.56239459594073
0.8277703604806409,34.38666065854545,1233.2944447872317,9.563961590000796
0.8411214953271028,35.7554551232445,1240.0704893506547,10.161214307499694
0.8544726301735648,26.389109345289505,1226.3614662903353,9.619560145467071
0.8678237650200267,30.022943579352397,1235.0686081504932,10.196259958451728
0.8811748998664887,32.62435065218621,1223.8909184673064,10.361811929688526
0.8945260347129506,37.59785693061725,1228.2502054065014,10.159163865400522
0.9078771695594126,39.987054506205055,1198.9375475615564,10.753201313199131
0.9212283044058746,31.498815536233057,1226.7864285534258,10.525134562079476
0.9345794392523364,37.10032755054273,1225.8471849330806,10.42948305105718
0.9479305740987984,26.670540970392985,1228.1430038356018,10.51247097724549
0.9612817089452604,38.486157664757,1214.617116706966,11.038660445550812
0.9746328437917224,43.128535600701795,1245.969883480979,11.096096897358686
0.9879839786381842,41.9655178152167,1210.3243829482367,11.099745195968708
1.0013351134846462,33.453017627474985,1239.2465506827716,11.479840145130146
1.014686248331108,38.430426317352065,1215.5515899574564,11.607635586426227
1.02803738317757,45.530713846077155,1233.9148683264445,11.955808105740923
1.041388518024032,46.84196481332812,1242.622202217498,12.016754593288766
1.054739652870494,38.650596688979924,1221.7099234490236,12.045522617160795
1.068090787716956,38.086453013398405,1235.1873536252474,12.213600910506573
1.081441922563418,46.632071260786525,1225.3207072934424,12.160019937837863
1.09479305740988,42.96574938082257,1229.7895100229607,12.281728866925084
1.1081441922563418,46.3760027054942,1236.8293601969624,12.543063439533393
1.1214953271028036,38.46693966327455,1223.0020110045089,12.585964006116495
1.1348464619492658,47.17995993184194,1224.2181796867196,13.011249308805718
1.1481975967957276,42.696428332353136,1240.9419682107707,12.935913050100261
1.1615487316421895,49.837455478842635,1228.2837237335375,12.998888826551918
1.1748998664886516,57.759460883428844,1229.4995549174446,13.353734903051038
1.1882510013351135,46.899381711353975,1216.3259957407906,12.961192167916606
1.2016021361815754,48.62794955388675,1251.1355130214538,13.19082779981146
1.2149532710280373,50.77535524772502,1224.4691881842336,13.361427019827872
1.2283044058744994,54.812068739399386,1221.0290594789449,13.656424166090384
1.2416555407209613,58.29109496832815,1236.4364137000514,13.8828155128965
1.2550066755674232,55.199715308559135,1220.3431993938411,13.937618710410034
1.2683578104138853,53.07247139386766,1222.2447482327366,14.456764085545393
1.2817089452603472,56.74397449156616,1228.2387902950131,14.312476642747928
1.295060080106809,48.49326321167187,1252.2963548953546,14.394321236570581
1.308411214953271,55.51125055823545,1239.4345221898093,14.773771172580688
1.321762349799733,53.50072042087097,1240.7888878862664,14.783770779040646
1.335113484646195,60.69670876939983,1223.1302193352142,14.706894338275257
1.3484646194926568,64.19318818048094,1233.0926878087969,14.916837412736864
1.3618157543391187,60.2784825057224,1211.0420606828256,15.36471679296975
1.3751668891855808,57.590044416093804,1238.8910303484738,15.384769311111112
1.3885180240320427,67.69168123706125,1227.1076769690003,15.4874551931991
1.4018691588785046,65.44690246933841,1230.3293239594877,15.439083945583707
1.4152202937249667,53.75487977506665,1236.0444238360442,16.005244741103045
1.4285714285714286,57.67407714342022,1228.0405617876502,16.017851803388307
1.4419225634178905,59.96264173560332,1224.3898154179585,15.999094857174594
1.4552736982643524,67.58322444976396,1234.9120455074722,16.513661054698392
1.4686248331108145,68.89149933452184,1228.9569199122327,15.917377305335526
1.4819759679572764,80.24859799761882,1210.012322834293,16.651844244889382
1.4953271028037385,69.88740686521656,1251.7845433043396,16.332248977815052
1.5086782376502004,65.92137665181433,1238.2456466370677,17.175662416556232
1.5220293724966625,66.60365815745013,1237.3130930789243,17.071570912595146
1.535380507343124,77.16402464700948,1232.0551307743413,17.622151052776104
1.548731642189586,78.03498688234461,1238.1926716423754,17.71387095397444
1.562082777036048,62.75258386849623,1207.2248250110124,18.04067583124904
1.57543391188251,74.49223771141796,1223.8552354169751,17.856327957351475
1.588785046728972,68.11124757365045,1242.6129285949044,17.979939532519438
1.6021361815754338,75.39083759567166,1222.8125631115352,18.39392670069113
1.615487316421896,69.8057076194878,1211.9996986306114,18.03692112382983
1.6288384512683578,67.98383950706781,1232.1200957948388,18.765900349386417
1.6421895861148197,79.77414938953248,1229.0523609344843,18.755159504873966
1.6555407209612818,81.63025397402487,1223.3962636074616,18.689421926496003
1.6688918558077437,84.73915520548825,1213.048872872671,19.59622249422575
1.6822429906542056,84.7165828951205,1225.0400953084722,19.774138100906296
1.6955941255006677,87.49441821434051,1225.4948746393666,19.306820729155362
1.7089452603471296,88.14721787613944,1226.382666996519,19.934403883065798
1.7222963951935917,81.16169706125862,1224.123760280902,20.03034165513133
1.7356475300400531,80.24406684802109,1220.2408627365899,20.20805604019208
1.7489986648865157,84.02718598504578,1242.9171158291963,20.788991246402475
1.7623497997329771,84.28470698035873,1226.811310120632,20.608854004753702
1.7757009345794392,94.82066223888434,1242.527485031759,20.822384830765223
1.7890520694259011,88.96987078586385,1241.7127189398723,20.852901580353855
1.8024032042723632,95.51182920534913,1242.2472817620396,20.96834020203166
1.815754339118825,93.07011885495474,1242.0204118984266,21.377839979929984
1.829105473965287,95.29095487596493,1228.218224410455,21.09266916566632
1.842456608811749,98.56537025221238,1243.5508587591323,21.60219428369272
1.855807743658211,98.34371326240641,1239.913386307442,21.86327830378215
1.8691588785046729,90.71370584602916,1253.5070861547113,22.545536710766154
1.8825100133511348,96.08387586750506,1237.6263830437947,22.480628884836865
1.8958611481975969,99.60238045423709,1231.613732770761,22.62799167993432
1.9092122830440588,101.0519314054798,1227.7887844252125,22.916339207231243
1.9225634178905209,99.04629073614049,1220.0949736318237,23.10832622903347
1.9359145527369823,103.50090119875634,1247.7236932798999,22.908461278841
1.9492656875834449,102.99908526530663,1249.5574499477652,23.939762253054806
1.9626168224299063,113.48177423276509,1234.0920941761046,23.345408623117727
1.9759679572763684,98.85643134022847,1227.354183997054,23.959089167486738
1.9893190921228303,114.3008394638483,1247.8994467747239,23.760927489328015
2.0026702269692924,103.59922902404283,1228.9853067362867,24.292737087655443
2.0160213618157545,115.60240352454252,1220.1624012401353,24.445656102218827
2.029372496662216,112.17131252521395,1211.6831799129272,24.59465961312239
2.0427236315086783,113.83596895429493,1204.6095628728644,25.150582373167875
2.05607476635514,117.44181696657459,1248.687518342734,25.53794447472051
2.069425901201602,116.39219826645316,1240.187660049872,25.28836951062893
2.082777036048064,132.124283829416,1214.8469289309317,25.843757084451358
2.096128170894526,120.88585962524768,1254.4369538026015,25.695086769939476
2.109479305740988,117.00214574587956,1238.1008114038705,26.06187495858815
2.12283044058745,129.50472362950532,1218.9252018324144,25.931262794608845
2.136181575433912,122.31322348743993,1226.7169001121883,26.059780201639374
2.149532710280374,121.07128196792283,1229.529100202226,26.672405934658695
2.162883845126836,133.47549832377257,1219.4109654783915,26.642782278514634
2.1762349799732976,128.70681686769743,1249.1323716866782,27.62430208298087
2.18958611481976,123.91927787584949,1226.6915558930748,27.300102763254767
2.202937249666222,127.49701457061703,1215.1601369860543,27.998522146716716
2.2162883845126835,122.12593864344038,1218.6597924132143,27.402911696218236
2.2296395193591456,125.28327923933813,1253.714273194012,28.04772368292625
2.2429906542056077,137.5893806333378,1222.1832751896773,28.2282032788225
2.2563417890520694,130.52261217516,1232.9209911907997,28.54042063515767
2.2696929238985315,138.74864624442668,1228.0081678678894,28.737621041933533
2.283044058744993,142.95396461886048,1214.5524164747148,28.705689776439588
2.2963951935914557,140.4126159112646,1215.4616468024283,29.053233959092452
2.3097463284379174,146.02771077706993,1228.2644191442423,28.934524155567985
2.323097463284379,149.78175926626355,1237.55925348283,29.50063043245684
2.336448598130841,148.81618013040438,1229.4497042358078,29.875980480719935
2.3497997329773037,150.7017956719031,1237.9635012936913,29.936691591936324
2.363150867823765,143.1522380319383,1223.0211414786195,30.21112648104883
2.376502002670227,148.57923744396516,1252.7570928898895,30.351366389721896
2.3898531375166887,151.85904574372827,1227.620927524738,30.383444168616744
2.403204272363151,148.2362809782581,1232.2402834546292,30.97887801611454
2.416555407209613,159.44656049938996,1236.0984563758095,30.80021937539613
2.4299065420560746,164.4539064457885,1236.0494834857611,31.746718438760542
2.4432576769025367,166.82628281742228,1229.6080290872426,31.67066353453687
2.456608811748999,159.8749656591539,1244.0941519160267,31.51430833982138
2.4699599465954605,167.94341544291055,1234.7559640590684,32.04278744529671
2.4833110814419226,164.90728401002653,1227.8888572093088,32.20783192121494
2.4966622162883847,161.45610588924077,1231.9055567123785,32.94563876504782
2.5100133511348464,172.09638215586133,1222.2872944562027,32.74249917049449
2.5233644859813085,165.9243647215295,1235.925580213101,33.20617999248806
2.5367156208277706,164.1014567736325,1257.4100572920408,32.96287128027002
2.550066755674232,168.22329686143942,1247.740821607786,33.805468955528454
2.5634178905206944,176.5887875747961,1252.376954951634,33.386178619122795
2.576769025367156,173.16068484706423,1231.1816871413173,33.36081634241598
2.590120160213618,177.69195038558289,1229.1108145225085,33.770523695026164
2.60347129506008,182.42374473413528,1221.8428540486061,33.45816049150193
2.616822429906542,185.82294562648235,1222.7598866382684,34.4270238028849
2.630173564753004,184.1355676650921,1221.2196282739487,34.10943176205342
2.643524699599466,188.17566081116,1209.892203013168,34.73731805958617
2.656875834445928,189.0421880319965,1244.6259060656969,35.64033288056131
2.67022696929239,196.75791664436943,1236.6268645384607,35.300789673579615
2.683578104138852,200.10099073513513,1219.6636559501508,35.448088374240506
2.6969292389853137,189.17580995944436,1239.3655276887148,35.61514691106226
2.710280373831776,196.66964016596637,1226.5566256320908,35.619099318959215
2.723631508678237,201.6940393825321,1250.6099104591,35.630085672285354
2.7369826435247,210.22889153548664,1226.919715791349,36.940087013269576
2.7503337783711617,205.9575192027874,1242.4920665975712,36.46772314461135
2.7636849132176238,196.57918494372726,1220.3368229992843,37.34221580594349
2.777036048064085,203.7564849292314,1226.8971793679978,37.27583167754142
2.7903871829105475,210.12817374931623,1210.795816901616,37.28708267851843
2.803738317757009,211.54035867085153,1229.1953094824853,37.55286118951178
2.8170894526034718,214.8916535665757,1222.984259409967,37.40564858356015
2.830440587449933,208.37661391959656,1241.9819934460195,37.88620704001874
2.843791722296395,213.13340537257935,1230.152639321913,38.21873840966511
2.857142857142857,215.82886754395216,1234.4994211068934,38.53442566226591
2.870493991989319,219.0347069679603,1236.824352159403,38.60336494217957
2.883845126835781,223.2985119301917,1238.8618516607376,38.70123246288331
2.897196261682243,222.61594808856836,1228.5129437127725,38.592188608813714
2.9105473965287048,224.4714051747412,1215.9389164659099,39.01773518306901
2.923898531375167,232.89190488773934,1230.305597987965,38.97535281760477
2.937249666221629,230.06155721692184,1218.49426482628,39.57553711991604
2.95060080106809,230.37657941551444,1223.6283754042129,39.409135019516306
2.9639519359145527,228.49340634104598,1212.2793264464217,39.395531992314176
2.977303070761015,238.66284164400892,1236.996665107748,40.34726712269363
2.9906542056074765,243.6048937937599,1229.4015587635854,39.95075041304248
3.004005340453938,237.35880089418504,1216.6849263096724,40.91839598382455
3.0173564753004007,241.06897095321634,1246.6601476754224,40.33208247407804
3.0307076101468624,257.38048735998245,1228.8395693793086,40.99882591264775
3.0440587449933245,240.83276067799287,1207.9757618616184,41.15208265376574
3.057409879839786,250.59396009937598,1234.6360314224075,40.84009159052344
3.0707610146862483,251.93572391896214,1244.0355904268567,41.52262898227264
3.0841121495327104,252.1772604960158,1213.1161844668823,41.69062698364745
3.097463284379172,254.6482838957791,1245.4669732004268,41.487855907782084
3.110814419225634,258.64459379487295,1243.5337775144494,41.47866884840153
3.1241655540720963,259.9177541275023,1230.9501750086397,41.5812000481156
3.137516688918558,256.73624893586646,1223.216209738904,41.6044873067179
3.15086782376502,264.98559233219913,1238.2628111968295,41.816211912503704
3.164218958611482,267.58745673577073,1252.7936997594404,42.23203266612393
3.177570093457944,270.64126560525847,1231.4640052046734,42.739323686456984
3.190921228304406,266.7282858174491,1240.0920745466547,42.55792513969821
3.204272363150868,269.48481172703595,1234.182779047068,42.91560835665363
3.2176234979973297,282.7045724113181,1236.3304991723717,43.03943521602227
3.230974632843792,273.5339810521149,1234.148604175304,42.91603082176842
3.244325767690253,276.19668839269724,1235.6873701166814,43.20300109704925
3.257676902536716,281.91179341276285,1232.1040147646554,43.433364459592234
3.2710280373831777,283.7871490121683,1240.6730055896835,43.290928985238565
3.28437917222964,283.06983710336897,1214.599609945322,43.62190790816976
3.297730307076101,285.59833133734804,1235.9474826229475,43.51580036695185
3.311081441922564,289.90860697219426,1218.0303446864475,43.927530642334766
3.3244325767690253,292.7833707078306,1246.2338407537052,44.024203021872665
3.337783711615488,292.0534032710236,1224.3232295112296,44.43346793660462
3.351134846461949,291.6591812857989,1248.3111212565964,44.467081000084534
3.364485981308411,296.00335068952495,1228.9939730917379,44.89414754167801
3.3778371161548733,303.36242270447383,1218.4372184254594,44.38251755500633
3.391188251001335,302.63332369442116,1245.1628807456,44.643981998022575
3.404539385847797,301.6768691257031,1248.8786076264753,44.50706706714854
3.417890520694259,314.1835676318804,1222.9070114115568,45.33567807811761
3.431241655540721,309.96382962644,1219.969893405372,44.878840602283724
3.444592790387183,317.56644776038223,1245.1865841530969,45.70048352458334
3.457943925233645,309.6237172393243,1216.1465067574504,45.36306192234425
3.4712950600801067,320.29076812932857,1236.1199202330286,45.67340652310783
3.484646194926569,321.3943818329557,1238.2558907705222,45.9713654882894
3.497997329773031,317.59426029908553,1232.712329982267,45.51808632854841
3.511348464619493,323.6159004589359,1239.1357290308651,45.53154988231157
3.5246995994659547,321.0973787625862,1232.78442257957,46.33612052779973
3.5380507343124163,323.9971005461641,1240.2066414134615,45.660608446927505
3.5514018691588785,336.72531146066285,1227.8329846283207,45.79250586186484
3.564753004005341,340.834353630221,1223.75523127171,46.16938974658563
3.5781041388518022,342.1294005922067,1236.3079071606542,45.75138144445479
3.5914552736982643,344.17539330805823,1229.4568142641222,46.42481601179077
3.6048064085447264,342.7281658586168,1240.650269382992,46.37335092821286
3.618157543391188,352.74080084222896,1215.8036842337342,46.739865806717276
3.63150867823765,342.2790462768935,1208.3125016724593,46.62511810646753
3.644859813084112,339.9602983488212,1223.067460032864,46.33006054512784
3.658210947930574,352.1529328466709,1215.0948115664046,46.41998677936293
3.671562082777036,360.0110720063105,1226.2305126935964,46.18835836666868
3.684913217623498,370.5476911925493,1244.4927418099912,46.91466906644066
3.69826435246996,360.60453922686304,1231.8383581434382,46.98669031909606
3.711615487316422,365.2219121071471,1230.3083507797041,46.96229052981971
3.724966622162884,371.13675471504956,1228.3885078873727,47.1111173705095
3.7383177570093458,366.56428691824,1220.1003274698107,46.896017545889684
3.751668891855808,378.5968427103487,1228.0783276460018,46.65981330116217
3.7650200267022695,373.02250823168464,1251.9568011757592,46.95514552382186
3.778371161548732,365.39607427056006,1238.020601684219,47.07739360787279
3.7917222963951938,374.3203138312074,1229.7913026051413,46.52612188023934
3.805073431241656,387.09561702403204,1213.85480343226,47.34036727433248
3.8184245660881175,381.44781534266116,1209.8608597618559,47.08384365603852
3.83177570093458,387.0849934816595,1228.5285346546125,47.207923140072914
3.845126835781041,392.2239457260799,1212.1239068375203,47.237089895354075
3.858477970627504,390.3533869189183,1244.0302945023432,47.102669330833024
3.871829105473965,397.4735073429445,1231.5537869306702,47.32031950891465
3.885180240320427,395.10399400759457,1230.5225749012625,47.38331215398586
3.898531375166889,397.37700488170344,1219.9259855263035,47.847969845799746
3.911882510013351,407.03071073125386,1215.0864556531342,47.5837995100372
3.925233644859813,404.2208626740691,1236.1900062438003,47.14710411949346
3.938584779706275,400.88503173199035,1220.0761197440982,47.38342297242596
3.951935914552737,409.9343710828664,1227.8040208227944,47.2512655440809
3.965287049399199,408.70589872360006,1250.4449361172856,47.89736354866814
3.978638184245661,418.40893650183506,1203.980329737573,47.66263667542612
3.9919893190921223,420.86492591355545,1230.0947585464407,47.591521911227396
4.005340453938585,413.3783984556959,1226.6327777398783,47.62245075702321
4.018691588785047,416.99633508537903,1226.5308442570388,47.747885802189884
4.032042723631509,419.44514081864304,1235.5289751979456,47.57031695093829
4.04539385847797,429.30581641216105,1222.8469677626738,47.29901361449646
4.058744993324432,433.9387082741991,1209.600147565512,47.31116339653692
4.072096128170895,422.45644030776253,1249.494236771828,47.339767144670745
4.085447263017357,426.52583657222965,1218.7811822323542,47.21293971934825
4.098798397863819,424.4284503796317,1238.6886940436584,47.63981210680945
4.11214953271028,444.94146747740933,1237.9645186109224,47.37272688170671
4.125500667556742,443.00606054942585,1197.4894299696057,47.913496018617245
4.138851802403204,444.56817479889537,1237.077016852175,47.22357997937766
4.152202937249666,441.12517403514926,1227.4195431261182,47.193191121244425
4.165554072096128,437.97673526349723,1234.097965285611,47.182957264399185
4.178905206942591,443.06134441099186,1248.5993118855138,47.46559714369091
4.192256341789052,441.29350727782145,1221.8266639287253,47.34995632229869
4.205607476635514,456.6926321281818,1212.490229907054,47.25073411667922
4.218958611481976,460.57815468827516,1242.2406094035794,47.420643396112695
4.232309746328438,458.2938835193472,1249.1203085988404,47.28634300162785
4.2456608811749,453.08230422470876,1229.2576823859956,46.81514385955151
4.259012016021362,457.1028354559526,1225.0662312018455,47.414484711200444
4.272363150867824,467.85813821376183,1237.4750702588906,46.74234201333908
4.285714285714286,472.4405399149042,1221.1444926472784,47.27427538711963
4.299065420560748,472.52406491236576,1236.1178282213723,46.931719863884275
4.31241655540721,477.8297534290091,1231.795354991578,46.72179568500777
4.325767690253672,476.68148808032794,1234.4481637035362,46.82763412890772
4.339118825100133,480.7260852699357,1222.5611578204544,46.613548172800456
4.352469959946595,481.46195677066527,1232.6682073622142,47.131057012891766
4.365821094793057,481.97084338318774,1229.778187047175,46.58689424104653
4.37917222963952,484.887190279786,1225.4602115524526,46.78553893633951
4.392523364485982,476.07440416158414,1235.389415950295,46.962375003949994
4.405874499332444,485.30493224909463,1235.7940442402698,46.780884330398244
4.419225634178905,497.90315366637634,1223.6782068371326,46.8393777590384
4.432576769025367,495.7923551301155,1227.61376268365,46.15554121879961
4.445927903871829,498.23705856986174,1227.755654671219,46.356727951632664
4.459279038718291,498.62210503865765,1214.7629210069686,46.38793384879092
4.472630173564753,504.053177431001,1225.8018266675083,46.253157122128584
4.485981308411215,504.19163882918156,1229.783880736097,45.98082968767276
4.499332443257677,510.14909953111317,1226.9527091093676,45.840904320573706
4.512683578104139,508.37877289797825,1223.634519487256,45.759177453797996
4.526034712950601,503.6266699113172,1236.2241837155718,46.19559423713993
4.539385847797063,506.1393859822105,1233.4850975696315,45.31508129475066
4.552736982643525,517.7327065420394,1215.430500491952,46.082160034764634
4.566088117489986,516.6270450176502,1215.8393685275116,45.718954252033754
4.579439252336448,524.5270301761166,1223.183102978967,45.75692637214662
4.592790387182911,520.2905594818201,1228.7266079324852,45.226955163907824
4.606141522029373,531.4827426755918,1214.5416876310312,44.834214086715406
4.619492656875835,529.7534443578459,1218.9619900001417,45.31048518516239
4.632843791722296,528.9581663613131,1242.2151537350026,45.07292064540089
4.646194926568758,524.0019556939158,1228.4553583142808,44.90954317811575
4.65954606141522,533.191532808786,1236.2325667336377,45.395659789939685
4.672897196261682,524.3808123286246,1225.2489598190875,44.680731286108326
4.686248331108144,533.0842795988915,1228.962004563787,45.26275956825994
4.699599465954607,537.3373070206812,1233.8517147866758,44.50379637716065
4.712950600801068,539.4329922993148,1238.9774905831537,44.53918704609485
4.72630173564753,543.479569716187,1232.748520561547,44.764067699022476
4.739652870493992,553.6852167644194,1204.4150140988088,44.7242689158821
4.753004005340454,552.6825943508883,1236.879774609842,44.85681893191341
4.766355140186916,550.235591424687,1221.8128636856773,44.52223598841493
4.779706275033377,555.4026272359376,1208.694197955845,44.07513828503253
4.79305740987984,552.6105556130599,1236.877089721537,44.069964125107106
4.806408544726302,561.3607592552407,1210.2253729504653,43.64466901176669
4.819759679572764,552.1485546201607,1224.2565266026402,43.571491104321865
4.833110814419226,553.307568327542,1228.8318439200582,44.03440749955882
4.846461949265688,567.7168615131538,1219.417451342896,43.664531538160105
4.859813084112149,571.4375335796939,1223.5919208747264,43.58438824218639
4.873164218958611,571.8195840433472,1234.6814516984532,43.10741503326756
4.886515353805073,571.7345767223051,1237.3123138650642,43.26025196697709
4.899866488651536,571.3244369062802,1227.6327398889593,43.18949895594848
4.913217623497998,572.5734253526006,1230.3663929848872,43.18213147389737
4.926568758344459,579.2576585321578,1229.3535028249048,42.72679064496234
4.939919893190921,571.4474750382311,1245.3843726045834,42.75921264936209
4.953271028037383,578.0169579248097,1239.3153688696552,42.93292670826884
4.966622162883845,584.4668948126694,1225.2360278139647,42.529581993400306
4.979973297730307,585.4568428021666,1237.9150831968193,42.87528581259077
4.993324432576769,592.4435710141612,1224.4433002707144,42.31886346286147
5.006675567423231,579.7497938197656,1224.7843433625278,42.49590275999782
5.020026702269693,590.6865857970279,1228.5078209257288,42.020279868418676
5.033377837116155,587.6830684238876,1248.593310341522,42.07917059537002
5.046728971962617,589.8275712217737,1228.3050060093103,42.211185131560846
5.060080106809079,598.9610273914094,1232.430818047579,41.98138652601542
5.073431241655541,594.7327281217144,1210.652651075363,41.18725112688631
5.086782376502002,606.3982806606524,1242.3372291533185,41.75911465686169
5.1001335113484645,596.8649726501397,1241.6032577956298,41.640050456050034
5.113484646194927,602.7867896266529,1241.6306312231345,41.14244680254398
5.126835781041389,607.0829278645593,1228.915913834724,41.189621851051456
5.140186915887851,608.4839521879215,1213.8169449547722,41.158098900334174
5.153538050734312,606.7850895573575,1225.766871261905,40.738632322933384
5.166889185580774,615.101286720221,1242.0429779867245,40.979847871533835
5.180240320427236,613.6690199077541,1235.161606174609,40.595180297702
5.193591455273698,610.9932884330883,1223.2455718063143,40.205909457164175
5.2069425901201605,620.9609347590749,1251.8687757554194,40.23973394096715
5.220293724966623,618.1457415717861,1238.7772028898378,40.05461638243772
5.233644859813084,618.4495832421051,1223.0018515303943,39.968833784847064
5.246995994659546,626.0469891041499,1237.8369759512345,39.77742734774059
5.260347129506008,632.1839168588104,1250.004157972361,39.84171201968469
5.27369826435247,628.549656439812,1229.1580049836718,39.75086969717364
5.287049399198932,630.0990453284763,1240.4038482611709,39.98749234205822
5.3004005340453935,637.6800649969736,1233.3241160739801,39.21341660311001
5.313751668891856,629.4861294316469,1229.0720101382142,38.926224644756545
5.327102803738318,626.311179016585,1248.6049311467984,39.228917772746335
5.34045393858478,630.1444293630043,1246.529139396856,39.347778064734165
5.353805073431242,642.1334025320364,1205.4749020265729,38.96575564359994
5.367156208277704,642.1071104442175,1221.2225913266554,38.45553284631726
5.380507343124165,644.5852404143623,1217.3533224925168,38.37478563339612
5.393858477970627,654.7489577753557,1233.1384118720516,38.20447262561903
5.4072096128170895,651.2604804084752,1218.2777660271784,38.30572253040408
5.420560747663552,653.1368505510882,1223.1338539996339,38.21904993097935
5.433911882510014,650.5696549467173,1238.1966051723768,37.79447109221031
5.447263017356475,650.0738410492409,1220.4095825944037,37.56643529348689
5.460614152202937,654.2652040547425,1213.7588560078725,38.15995336110565
5.473965287049399,658.0879366449456,1231.8358097215964,37.08920363919528
5.487316421895861,656.3531610919773,1234.8677649615006,37.17212821156874
5.500667556742323,658.543685468881,1226.5994612258983,37.47750933710191
5.514018691588785,653.8793017598715,1235.7994488549798,37.50867136481646
5.527369826435247,660.8817944318062,1223.3359613387452,37.15682829995117
5.540720961281709,666.4988162757189,1244.5662284521238,36.56355269358262
5.554072096128171,670.6111965480936,1217.4806892419367,36.74804405803358
5.567423230974633,666.7946136061598,1225.3844345652092,36.701412138381585
5.580774365821095,670.4240782508174,1222.2575121500624,36.534491082553146
5.594125500667556,665.5126462245827,1218.5238733269262,36.08162815805864
5.607476635514018,675.9472928419963,1222.1384232175244,36.05391802583121
5.6208277703604805,675.0803460222044,1227.4834451569748,36.4273891561145
5.634178905206943,669.1668448066971,1247.06175713206,35.982598699599116
5.647530040053405,668.1039246435905,1243.806100410462,35.7803324751658
5.660881174899867,680.3700964238755,1241.3645059087899,35.79845758129962
5.674232309746328,685.96306744811,1230.4123558682347,34.83467307865431
5.68758344459279,674.9018740843385,1221.3205932491865,35.449929879389735
5.700934579439252,693.6753812327499,1241.9261500537168,35.57885688638645
5.714285714285714,684.2914140605278,1232.299215556769,34.86196019970987
5.7276368491321765,684.3362336258615,1241.1658571444484,35.006677379826485
5.740987983978638,683.2830425386096,1214.559772497722,34.46075757031121
5.7543391188251,688.3502765834648,1240.7697425142355,34.70505034514219
5.767690253671562,695.6096263970876,1222.1558859392605,34.487641714838745
5.781041388518024,691.0438445965905,1232.8147264582994,34.18903970340769
5.794392523364486,693.3176162859213,1249.0308980069206,33.82056211189289
5.807743658210948,693.327401511992,1243.606097374477,33.766875352048885
5.8210947930574095,692.0759570623122,1234.8830394030515,33.74008444802199
5.834445927903872,695.2761807349515,1241.46330406037,34.042796082934636
5.847797062750334,689.716608888717,1236.0066576927156,33.77183797549378
5.861148197596796,698.5026920148728,1216.200530968825,33.19680698597788
5.874499332443258,703.14254406987,1229.6160037645027,32.97021747750064
5.88785046728972,697.8919514562574,1220.0187081534912,33.550010422717435
5.901201602136181,712.2838744384367,1217.9549840704742,32.90199667148068
5.914552736982643,699.9909621280812,1211.4313389333097,32.290205133871495
5.9279038718291055,701.9623803895231,1224.4401190584056,32.54130874582341
5.941255006675568,715.358035779719,1209.6346822746164,32.445178089675515
5.95460614152203,713.0006546324545,1222.8928761552745,32.185289936239286
5.967957276368491,715.6229559269897,1230.6077223388695,32.18620976892903
5.981308411214953,724.2119138655403,1244.70560858981,31.76735111767438
5.994659546061415,712.6673212671211,1217.7106142918467,32.144385005556074
6.008010680907877,714.4424282495794,1222.912892916971,32.32191569760256
6.021361815754339,713.4510208779974,1240.6462879240364,31.765351533873485
6.0347129506008015,720.7566235173135,1242.147635295091,31.89310215372992
6.048064085447263,716.8299616506799,1242.6060182220679,31.014579157440885
6.061415220293725,721.7436866096008,1243.8892849650565,31.137522818865556
6.074766355140187,719.7666907640803,1222.4204110506462,31.03850479544277
6.088117489986649,725.5122914937352,1235.8567551293672,30.930283959059857
6.101468624833111,723.0721288403189,1241.914009108759,30.756430661220282
6.114819759679572,731.3812780856,1224.635857127933,30.916448227288456
6.1281708945260345,728.4901189126856,1231.2359306415146,30.56010866251825
6.141522029372497,732.8166631801856,1233.7686187628992,30.522057556636547
6.154873164218959,733.8061849785837,1240.7379484293924,29.973556536672284
6.168224299065421,733.4453209711512,1236.183230842686,29.816843362635908
6.181575433911883,728.6381208079755,1210.2520607005001,30.234952160653343
6.194926568758344,740.8608726286275,1227.2326874732298,29.482565367279822
6.208277703604806,735.9937559766005,1229.539351817402,29.36470702985852
6.221628838451268,744.0869962264666,1225.6518318301648,29.16711400616707
6.2349799732977305,746.0504305261813,1227.7903092940187,28.844147561966913
6.248331108144193,746.700066788342,1203.967363933485,29.02596400718221
6.261682242990654,747.1208937221393,1225.4381970685006,28.937903857991564
6.275033377837116,736.2222911518367,1222.8008803869898,29.27901951481546
6.288384512683578,748.9415298429932,1225.4785213613602,28.676593710237007
6.30173564753004,745.8147580412434,1243.0432672973518,28.457195250069624
6.315086782376502,745.6576076660084,1211.435149035289,28.230034595954525
6.328437917222964,752.5901064448352,1246.2727758303067,28.490728665243385
6.341789052069426,750.2680210423061,1220.815939245078,27.929108672002357
6.355140186915888,736.1414929281113,1220.6336616302906,28.216582380792012
6.36849132176235,742.7631089979748,1232.6911491443307,28.14842038671582
6.381842456608812,751.0353901475868,1225.9468676735569,27.71122305749775
6.395193591455274,749.6051803232384,1238.9483078759945,27.458426423713156
6.408544726301735,757.5715135433902,1226.6792189131343,27.305639131516504
6.421895861148197,760.2917879771085,1219.7789804909864,27.492384392389447
6.435246995994659,765.6983912969531,1241.6397013691967,27.0685063193617
6.4485981308411215,758.703728878303,1220.0734605187763,26.692582772873248
6.461949265687584,765.7439172705145,1232.7031402366085,27.00914062681401
6.475300400534046,769.9752205378522,1232.2387041679751,26.804263015116078
6.488651535380507,761.4593760104464,1215.996734367313,26.813699625130308
6.502002670226969,762.8506544780798,1254.605929866918,26.580069506169306
6.515353805073431,771.554426255466,1221.1805655772584,26.030204444059404
6.528704939919893,760.0372263413167,1238.707802962903,26.511517135745027
6.542056074766355,769.6165201400249,1220.088633196912,26.349279987551363
6.5554072096128175,768.739447878837,1224.5851656480775,26.009911414311567
6.568758344459279,764.8842032540542,1247.6901649855163,25.956155494913762
6.582109479305741,779.6478424908149,1228.692963214109,26.03582934278953
6.595460614152203,775.174072289826,1230.4378832647203,25.78311104137785
6.608811748998665,770.437640806107,1239.686368845065,25.32304002958876
6.622162883845127,770.5108356903207,1240.8857865469233,25.11338557690908
6.635514018691588,771.5381177477907,1216.5922534646343,25.298392413140864
6.6488651535380505,771.3857466159507,1233.92917317767,25.155020635984314
6.662216288384513,778.4402315597614,1235.978446248399,24.373863397093658
6.675567423230975,772.6563216115286,1215.0108766717783,24.776562421620326
6.688918558077437,771.621051958503,1225.1558303634743,24.748669696239
6.702269692923899,771.9101222826912,1214.9285587259972,24.615078100319078
6.71562082777036,776.0563724201213,1223.1886989399043,24.64299445730496
6.728971962616822,783.2279750531475,1229.839277036677,24.377331805658265
6.742323097463284,772.1962721200132,1213.2832182099592,24.226326507260563
6.7556742323097465,775.2608674453662,1217.04425563423,24.156728310869905
6.769025367156209,780.9886691667975,1233.584231975653,23.763591300465407
6.78237650200267,783.7148966935683,1214.0459225904656,23.78381444182652
6.795727636849132,784.5060997157608,1220.576588175133,23.43385655922563
6.809078771695594,790.4017202455682,1231.5111351524076,23.830773690325344
6.822429906542056,778.1850605701079,1221.920489465534,23.727575354734515
6.835781041388518,786.4539195678808,1230.5287913358602,23.073438653471413
6.84913217623498,793.1013618485597,1231.0329146222186,22.990078470702205
6.862483311081442,787.7741318567972,1245.894654250686,23.17498946822448
6.875834445927904,778.9245746390013,1229.2471335445061,23.002499523311975
6.889185580774366,793.411625580354,1236.185196532209,23.018928371684048
6.902536715620828,790.2272474995117,1272.886935643509,22.531979791122463
6.91588785046729,781.114204114589,1231.1211585995443,22.486767005920893
6.929238985313751,785.3454854922442,1219.772216902707,22.50563966103392
6.942590120160213,806.8758810373178,1228.31388099938,22.302842391806738
6.955941255006676,806.3802460589843,1230.7942064604326,22.48655766752916
6.969292389853138,792.6045337008144,1206.46694425241,21.99150526147598
6.9826435246996,792.3648064061274,1214.5464831014972,21.7562292088078
6.995994659546062,790.2614016957243,1233.4507369897988,22.100832194066868
7.009345794392523,798.6865377631331,1217.5857556414974,21.34413733291976
7.022696929238985,798.0235657019897,1216.3990843109052,21.614745457928663
7.036048064085447,792.8694615989449,1247.5464749518917,21.769915908401014
7.049399198931909,800.5604980624535,1246.3611710217115,21.755297861316922
7.062750333778372,800.0794906170001,1220.6462656022775,21.238845855713777
7.076101468624833,805.4529132760166,1237.8432591792955,21.087889384073733
7.089452603471295,805.0915824188232,1217.9463765707576,20.61924761843675
7.102803738317757,799.0516277367813,1228.139528321587,21.017304949901973
7.116154873164219,803.3598744379883,1239.2328510660766,20.777500829693853
7.129506008010681,800.645762707742,1204.9785893166843,20.36009573763265
7.142857142857143,798.8965825644214,1228.911543724154,20.524064089157562
7.1562082777036045,799.9177917825377,1227.846987057962,20.2432717159651
7.169559412550067,806.5996601813337,1230.8903226375132,20.360630757343127
7.182910547396529,791.2788864233556,1231.4189115831816,20.399287133455367
7.196261682242991,802.6646208337496,1225.675811594416,20.405919075715737
7.209612817089453,816.2893541752246,1210.9942085700427,20.112910572029108
7.222963951935914,815.8912551203716,1226.5592215480008,19.714129087908496
7.236315086782376,808.3736551743046,1245.361845315758,19.694244472307172
7.249666221628838,804.8362968467387,1245.85716605995,19.585933470904656
7.2630173564753,821.666294743456,1235.678063558414,19.466566979473143
7.276368491321762,811.6326131083771,1221.1469172523584,19.211595982857506
7.289719626168225,802.5523640185256,1238.7145320459708,19.327266178170007
7.303070761014686,816.5816041359434,1238.8031979232526,19.62719036205105
7.316421895861148,814.5315061272125,1201.0359341472379,19.248655453145574
7.32977303070761,824.9367597369527,1198.1274000087678,19.0445197803682
7.343124165554072,809.7061123697241,1252.4256590277319,19.037257185875713
7.356475300400534,818.4013445081167,1227.971988382381,18.46758107768842
7.369826435246996,810.1406029717847,1247.3003737152228,18.557148444999836
7.383177570093458,824.3639521921241,1228.5993864861093,19.004281603608803
7.39652870493992,803.4673636374281,1237.8299021075575,18.324585569732204
7.409879839786382,818.8763884753835,1224.4819693914892,19.07023550392624
7.423230974632844,809.164331535243,1248.221890770989,18.012144640360198
7.436582109479306,823.5058079168733,1226.4076156425506,17.933016777728174
7.449933244325767,823.2705720603594,1221.9828501023317,18.183406628590173
7.463284379172229,823.7156003758446,1222.7688866508674,17.681523301197124
7.4766355140186915,818.537699857861,1221.2879684069321,18.220913008568093
7.489986648865154,822.9414620621714,1255.8997170005844,18.006660534863833
7.503337783711616,819.4724700922021,1234.3642629834408,17.51554203987695
7.516688918558078,817.3776383492967,1213.3519615598248,17.374658660703343
7.530040053404539,817.8991997738797,1232.0884656905207,17.457842147816095
7.543391188251001,823.808893383865,1249.7046487752593,17.916401954486325
7.556742323097463,822.5044336062331,1225.1346649269178,16.97145259451381
7.570093457943925,825.5820306022157,1252.271054670792,17.277454057898538
7.5834445927903875,829.4366055366061,1224.3473113623072,17.19265706990662
7.596795727636849,821.47912709223,1227.3998069555703,16.834186890264263
7.610146862483311,816.2855575493596,1234.6241070942829,16.946109692648456
7.623497997329773,829.7573918959697,1245.150527295268,16.84712433757054
7.636849132176235,826.4886744871756,1232.7597428802026,16.64394970727593
7.650200267022697,822.7629139950891,1209.1460096493745,16.327973235968756
7.663551401869159,827.0932920096146,1227.3769298107522,16.574288072671628
7.67690253671562,825.1970734124891,1228.9047908475295,16.40410805457693
7.690253671562083,828.4503140552001,1228.6960126440174,16.42506462017282
7.703604806408545,817.0588975246817,1204.7179046840706,16.117198143888803
7.716955941255007,834.340901011071,1215.9539999192716,15.962287923301238
7.730307076101469,824.2224848711984,1239.645140011174,16.074603611609938
7.74365821094793,825.824724295216,1221.5250787640061,15.882842689381784
7.757009345794392,826.9022400427092,1232.236197635753,15.391234191611764
7.770360480640854,830.43448638794,1235.0191037568636,15.657411999458374
7.783711615487316,827.6784867143141,1238.2770758900322,15.812445594460721
7.797062750333779,829.8157290143207,1235.3656904006098,15.947627229320716
7.810413885180241,832.4782093197845,1230.8360736486634,15.674239942311988
7.823765020026702,829.6184382808246,1244.5412189714218,15.61158554766359
7.837116154873164,827.3864323858874,1245.4761788311182,15.187766578088388
7.850467289719626,829.4952774312117,1221.4019887731654,15.308513625319254
7.863818424566088,828.5699555310536,1226.0247411848768,14.935269141965648
7.87716955941255,835.5563308706106,1223.5553210681999,15.25264774866075
7.890520694259012,826.2890348076012,1234.600754792818,14.808877290960929
7.903871829105474,837.1917901389484,1229.4716394269446,15.356503997003438
7.917222963951936,832.9739995908071,1247.9303265678095,14.766192456215306
7.930574098798398,829.77754982482,1234.838246096497,14.679502979255359
7.94392523364486,822.1709842420452,1222.3443720959121,15.105353572169589
7.957276368491322,834.7865956663246,1227.6925454355485,14.876032280738807
7.970627503337783,835.512543399482,1231.6821400581941,14.869543178773526
7.983978638184245,830.7277394714687,1244.4188608592815,14.432728586567071
7.997329773030708,833.4299395499684,1231.9680955181946,14.404007295389546
8.01068090787717,838.611540733437,1235.5869930081622,14.399810671143879
8.024032042723631,836.4897702926979,1222.427143644384,14.248650468190625
8.037383177570094,845.2764332852723,1225.89677625057,13.927435437527391
8.050734312416555,830.640801236062,1235.2163689734273,14.316897825534118
8.064085447263018,839.6680582967928,1214.4969500872448,13.988763627602882
8.07743658210948,827.4425040683122,1221.3345276596522,13.469037860243501
8.09078771695594,851.5678605692622,1250.1736112228577,13.902287230178198
8.104138851802404,832.9243458828603,1222.7353170570632,13.884694233280909
8.117489986648865,833.1024482763355,1216.7336861511037,13.692094292959055
8.130841121495328,833.8830873677273,1213.5731765712912,13.016473398065845
8.144192256341789,832.1467862825263,1213.0903330022954,13.325148392111016
8.15754339118825,842.3593786303328,1232.5938323662133,13.27296616991668
8.170894526034713,835.5280580290095,1222.2185702573618,12.827017928026464
8.184245660881174,836.1287704104668,1217.509194952725,13.044539261104882
8.197596795727637,839.82854728262,1248.4615859399096,12.90256812263901
8.210947930574099,828.668323459354,1227.0008343109023,13.54078249689007
8.22429906542056,844.9715067954224,1240.5798553699158,13.127172856318662
8.237650200267023,837.8723841290129,1214.399210328406,12.95611115160726
8.251001335113484,832.8666922315724,1248.1807506377886,12.526443786119911
8.264352469959947,835.7095479742452,1221.5153021455942,12.498601016791005
8.277703604806408,833.5283999102896,1219.3313315438565,12.376017273420022
8.291054739652871,843.626524620845,1243.4702831085183,12.98605845922242
8.304405874499333,838.8486636935436,1207.2281733012167,12.334992038836383
8.317757009345794,841.5590504890487,1253.5146991227523,12.117357187997587
8.331108144192257,835.0523935454547,1227.4339806570865,12.23464495128586
8.344459279038718,838.8419284533707,1219.812288489399,12.321013982354899
8.357810413885181,846.5558169102413,1219.5711760692366,11.95837616042846
8.371161548731642,845.787357006993,1254.2353301622318,11.816152665253606
8.384512683578103,848.7100780964878,1226.0669387599328,12.12150104466216
8.397863818424566,843.5798763931801,1242.3064244004756,12.130002585890086
8.411214953271028,842.5514632485786,1258.1029439411484,11.995907897743383
8.42456608811749,843.2373613454347,1228.2631426366422,11.977237233782818
8.437917222963952,843.5956266955889,1214.1620831039343,11.572159300823825
8.451268357810413,843.2790002676602,1223.6907151902133,11.563244750599216
8.464619492656876,841.6918976927632,1239.5059332878081,11.323252709297538
8.477970627503337,842.1194069210687,1230.3386919983707,11.434894304612035
8.4913217623498,846.4434946047661,1248.9546728404314,11.41059621739026
8.504672897196262,835.8510959481314,1225.0338138186598,11.524588697765578
8.518024032042725,843.2600970470116,1215.137799229892,11.380621552240191
8.531375166889186,850.6660535545022,1238.3947165868542,11.150691396771483
8.544726301735647,848.0748877426571,1225.5960053342528,11.042730043925493
8.55807743658211,835.2432538297713,1256.5657280591074,10.791860136471943
8.571428571428571,854.67980715128,1225.018693304678,10.887946697986449
8.584779706275034,843.5452358352088,1203.6530514181095,10.652274026395562
8.598130841121495,851.7925059862564,1241.3657594769452,10.995426765703618
8.611481975967957,840.4538719883311,1236.3932099656145,10.382687191475808
8.62483311081442,849.1100688320112,1237.6824732140237,10.717712170434961
8.63818424566088,852.2620943037526,1219.4854553090627,11.000278664022517
8.651535380507344,844.9693241658584,1229.2690352353873,11.115819605639347
8.664886515353805,839.2525906735017,1214.681366524245,10.52284834094628
8.678237650200266,843.7965384792379,1210.7711085360058,10.484796744294885
8.69158878504673,844.4898127268203,1248.9465793637253,10.484201950762948
8.70493991989319,846.2575127878675,1239.4577934839456,10.671018720133835
8.718291054739653,848.9077322065469,1215.2381883709377,10.162818206201557
8.731642189586115,837.1465860289674,1223.3301302321072,10.11690435652581
8.744993324432576,851.4147028563178,1222.551327733003,10.284430155743367
8.758344459279039,837.1026506144982,1235.365913754662,9.956025288174034
8.7716955941255,842.2508849508771,1206.6683176754004,9.869093631229495
8.785046728971963,839.8198288244226,1229.18191790074,10.51032735554222
8.798397863818424,845.2502536955064,1218.8544076920052,9.797383153411241
8.811748998664887,841.234674333156,1219.9468663157359,10.31257943046671
8.825100133511349,851.5111286250233,1222.5060194856503,9.409360913919743
8.83845126835781,840.5075295763992,1229.3812664637069,9.584276973445098
8.851802403204273,839.0746080126613,1240.8507629091505,9.60655680508908
8.865153538050734,843.2053943213706,1213.044464415202,9.750986905287078
8.878504672897197,848.2901577010714,1230.5745415698407,9.717286968463895
8.891855807743658,845.6615222467067,1213.6687710326605,9.379949309253748
8.90520694259012,857.0550655249448,1207.8541950781907,9.390968585541035
8.918558077436582,848.209709447744,1234.2981823668633,9.444459415935995
8.931909212283044,857.7705588764973,1225.504301238817,9.318827712640486
8.945260347129507,840.2191884751937,1231.3354528224586,9.340751096482117
8.958611481975968,837.5766615206267,1209.2397186590447,9.273441961151935
8.97196261682243,850.3952438047717,1242.4689146712665,8.896205071773297
8.985313751668892,848.9615214213954,1235.3818612692003,9.154673526680494
8.998664886515353,852.5820210271945,1233.1543853540722,8.732444500849882
9.012016021361816,836.4081718272535,1245.2731554785723,9.184222276745015
9.025367156208278,839.8335305085986,1225.3094020100234,8.979060069201832
9.03871829105474,846.4532069826035,1214.6485396343926,9.07952174372784
9.052069425901202,845.4348977249832,1248.6554515753398,9.190803806142393
9.065420560747665,849.4997576301645,1226.2051183997908,8.74817217275287
9.078771695594126,847.1144181701063,1245.8370223192885,8.394979371694557
9.092122830440587,845.0794802415155,1241.1165953653335,8.745942506583193
9.10547396528705,841.175251707351,1222.8314584612024,8.391726851169249
9.118825100133511,849.8764671350334,1230.2125962869488,8.456249463355421
9.132176234979973,842.7498738379683,1245.3845822056778,8.732956374867266
9.145527369826436,842.8360641683638,1231.1431506750025,8.231216314211071
9.158878504672897,847.5722743963826,1221.5395859110783,8.662881077000614
9.17222963951936,848.8256011667154,1254.2943292078166,8.32516350197495
9.18558077436582,852.1877439063308,1215.144321027991,8.430265838650346
9.198931909212282,839.9341595689584,1250.0527010522794,8.876264078019275
9.212283044058744,852.2280704323524,1224.8489386992555,8.078374155124646
9.225634178905208,837.1264920530951,1250.8326653981162,7.983940551993931
9.23898531375167,846.6563501274251,1224.8016974384877,8.22880805356857
9.25233644859813,846.0001996999262,1243.878656299644,7.487324254559958
9.265687583444592,847.9939584406177,1215.3241288232734,7.8402244346281105
9.279038718291057,832.3816834187969,1236.5679705172008,8.446148119879064
9.292389853137516,849.0531510813342,1217.3969933375527,7.713898854202292
9.30574098798398,851.0179813755384,1230.9229121398976,7.702129532971601
9.31909212283044,840.3001929506272,1220.9743283839516,7.803548895926323
9.332443257676903,847.0938273974417,1229.3584527159499,7.794672257451374
9.345794392523365,848.4880078387458,1224.7794096789667,7.895589518893138
9.359145527369826,845.9739308674016,1231.3579833685874,7.75324994384311
9.372496662216289,845.3566083260968,1242.7935654255662,7.452866487505523
9.38584779706275,839.0681872885291,1218.908727761362,7.764970265588639
9.399198931909211,851.3642717107024,1215.8942201631346,7.787842648329912
9.412550066755674,842.2919727678885,1227.370414803665,6.965311821648902
9.425901201602136,848.3311168200469,1240.0188179847767,7.258138331614752
9.4392523364486,849.4230775870853,1238.9849634953684,7.439805962503271
9.45260347129506,844.723259496779,1254.1509825035484,7.287180349026535
9.465954606141525,848.5011635063668,1227.7542196821678,7.705017689149417
9.479305740987984,836.3730362417707,1242.3668557129733,7.050901056133668
9.492656875834443,848.81279098617,1212.9912587240358,7.378860881961989
9.506008010680908,840.7852420861442,1212.003014944702,7.365570224995469
9.51935914552737,848.1133489971206,1220.9527474998306,7.0816067518289225
9.532710280373832,842.4229984185517,1215.4893249939742,7.32650723767691
9.546061415220294,835.261124135932,1250.8711052729084,7.036812878369836
9.559412550066757,849.2434580352102,1230.878087924516,7.350383899723091
9.572763684913218,840.9346167266283,1232.616092537593,6.961354440739859
9.58611481975968,836.8209547573275,1226.3482417011887,6.744870614908198
9.599465954606142,839.2944890132694,1216.2689792610786,7.187683922439501
9.612817089452603,842.3887499343375,1218.823220961876,6.916408637710815
9.626168224299066,848.4063129322737,1226.8548468512263,6.74283145418216
9.639519359145527,834.3555928956513,1243.3915534707385,6.769970939745601
9.652870493991989,841.4578643847107,1227.937170521531,6.826183796504853
9.666221628838452,843.3959329196489,1228.836362214069,6.835714970596444
9.679572763684911,846.7573722588601,1238.2991482892994,6.757459129431281
9.692923898531376,843.1346170507201,1246.7126024005327,6.526856909382902
9.706275033377835,843.6173464471957,1226.9716824495674,6.578339379778147
9.719626168224298,840.0964671083783,1249.077582151217,6.20360796612624
9.73297730307076,836.8630526240503,1220.0033410817296,6.224800138307946
9.746328437917224,835.4916191650298,1242.8621343266313,6.701026503282273
9.759679572763686,844.5216573333597,1221.2495020815775,6.587594014017289
9.773030707610149,842.7251969053284,1252.930531998917,6.253651045253351
9.786381842456608,835.3810928945268,1247.7851135836434,6.358395590804303
9.799732977303073,841.9561320534048,1218.5050802536518,6.280940807012685
9.813084112149532,844.1832183334127,1225.0595019322318,6.444660167623718
9.826435246995995,838.4991691874135,1228.2661107607169,5.8777018418332085
9.839786381842456,835.8545566721612,1222.2454520471606,6.183853240995409
9.853137516688918,839.6792650684405,1195.6958573622824,6.192849162652269
9.86648865153538,839.0196191810528,1233.7513836171072,5.989331768928865
9.879839786381842,834.3739555996949,1216.5418366183324,5.635694765824125
9.893190921228303,841.8018328383905,1234.8907053941464,6.219250248463513
9.906542056074766,841.4560500360827,1226.4656399018456,5.289209949090516
9.91989319092123,839.1864288682256,1233.2254869646733,5.5730226845754345
9.93324432576769,841.4329813317379,1232.5859805190844,5.634388416453312
9.946595460614152,840.0950472206868,1241.9060732157152,5.642784584106467
9.959946595460616,832.2751986696577,1252.530137487381,5.902445251946707
9.973297730307076,834.8928949036388,1248.7868914100386,5.751231662421315
9.98664886515354,838.8497212670773,1222.6560934992701,5.435889139881137
10.0,845.3146565043718,1234.6628000646444,5.619215107400365
