0.0,6.679998342850584,0.17049896873578183
0.0133511348464619,6.674636783180136,0.17577559208751362
0.0267022696929239,6.669270951958474,0.18105084497974994
0.0400534045393858,6.663910463596198,0.18632157212861006
0.0534045393858478,6.658550346659008,0.19159017215823745
0.0667556742323097,6.653177616089678,0.19685332625161928
0.0801068090787717,6.647821345885809,0.20211426459633394
0.0934579439252336,6.642456107170458,0.20737343894432111
0.1068090787716956,6.63709684516997,0.21262790008919855
0.1201602136181575,6.631733931232491,0.2178835537702185
0.1335113484646194,6.62637984144545,0.22313354707035357
0.1468624833110814,6.62101325343363,0.22837696134198704
0.1602136181575434,6.61565827957943,0.23362337788416468
0.1735647530040053,6.61029937902725,0.23886262153404517
0.1869158878504672,6.6049432277706295,0.24409595972243442
0.2002670226969292,6.599576616574566,0.24933430607929485
0.2136181575433912,6.594225227317495,0.2545662263016526
0.2269692923898531,6.588869523048291,0.25979255406795726
0.240320427236315,6.58350719986807,0.2650199335920176
0.253671562082777,6.578148894741087,0.27024157357323986
0.2670226969292389,6.572796521510552,0.2754621525552452
0.2803738317757009,6.567443812881388,0.2806771554467228
0.2937249666221629,6.562094804631117,0.28589410723225783
0.3070761014686248,6.556750940498068,0.2911020937627726
0.3204272363150868,6.551393479780496,0.29631288358396674
0.3337783711615487,6.546040921865552,0.30151605267588705
0.3471295060080107,6.540696118558025,0.30672035289962724
0.3604806408544726,6.535339992357832,0.31191877382555866
0.3738317757009345,6.529993381549408,0.31711413526992654
0.3871829105473965,6.524645558906483,0.32230669585742006
0.4005340453938584,6.51931317028889,0.327501145205707
0.4138851802403204,6.51394849931616,0.3326863473639709
0.4272363150867824,6.508606944824471,0.33787292200038493
0.4405874499332443,6.503265579459744,0.34305582103104415
0.4539385847797063,6.497923755186365,0.34823800042882214
0.4672897196261682,6.492578572296446,0.3534121885148609
0.4806408544726301,6.487226284950733,0.358590741548179
0.4939919893190921,6.481888776640697,0.3637604126637211
0.507343124165554,6.47654917846827,0.3689267184536387
0.520694259012016,6.4712063091409675,0.3740982745707066
0.5340453938584779,6.465871747156362,0.3792560715949191
0.5473965287049399,6.46052274906382,0.3844165641951468
0.5607476635514018,6.455191631202467,0.3895802548918448
0.5740987983978638,6.449843288314981,0.394731361433391
0.5874499332443258,6.44450656532917,0.39988121364159523
0.6008010680907877,6.439174479056567,0.40503372007268107
0.6141522029372497,6.433840636308187,0.4101807551519465
0.6275033377837116,6.428504954373361,0.41532805183790134
0.6408544726301736,6.423167763088311,0.42046823618061013
0.6542056074766355,6.4178351148037756,0.4256095556406197
0.6675567423230975,6.412499567636757,0.4307428111801543
0.6809078771695594,6.407167663651691,0.43587861982483966
0.6942590120160214,6.401835470253116,0.4410088901924444
0.7076101468624834,6.396503541005511,0.44613754250166965
0.7209612817089452,6.391163074854937,0.4512664452366322
0.7343124165554072,6.385846788296596,0.45639041536685443
0.7476635514018691,6.380508972607328,0.4615115739974192
0.7610146862483311,6.375181121794326,0.4666298816314297
0.774365821094793,6.369853281884393,0.4717462457290054
0.787716955941255,6.364533584717765,0.4768593800532077
0.8010680907877169,6.3591932951818295,0.4819715472628946
0.8144192256341789,6.353867463723807,0.4870737668359195
0.8277703604806409,6.348544641668783,0.4921865760516979
0.8411214953271028,6.343211515270928,0.497288968640507
0.8544726301735648,6.337896468693246,0.5023902177626127
0.8678237650200267,6.332561486039765,0.5074853395777149
0.8811748998664887,6.327242316805772,0.5125823892517195
0.8945260347129506,6.321933410825778,0.5176766622315521
0.9078771695594126,6.316609082494133,0.5227685864581856
0.9212283044058746,6.311283123865823,0.5278564885266156
0.9345794392523364,6.305964265905741,0.5329413945705453
0.9479305740987984,6.300643995855835,0.538029277588833
0.9612817089452604,6.295324426892723,0.543108211057927
0.9746328437917224,6.290010660521183,0.5481857605488624
0.9879839786381842,6.284694579230019,0.5532612890402554
1.0013351134846462,6.279369139318444,0.5583331767884339
1.014686248331108,6.274057413276857,0.5634067148377554
1.02803738317757,6.268744634313385,0.568476924966355
1.041388518024032,6.26342925719553,0.5735407523219955
1.054739652870494,6.258104723068935,0.5786072217125279
1.068090787716956,6.252803856235913,0.5836649677222647
1.081441922563418,6.247474667303811,0.5887291859190273
1.09479305740988,6.242174384835761,0.593786463195957
1.1081441922563418,6.236866632363851,0.5988388793057043
1.1214953271028036,6.231558649044728,0.603891547197227
1.1348464619492658,6.226243392111278,0.6089420619840231
1.1481975967957276,6.220936284119888,0.6139893354337622
1.1615487316421895,6.215625673686761,0.619035055658004
1.1748998664886516,6.210315915028475,0.6240782967746037
1.1882510013351135,6.205010453618119,0.6291162447421538
1.2016021361815754,6.199712814053546,0.6341558385034134
1.2149532710280373,6.194399142809394,0.6391900917579711
1.2283044058744994,6.1890944212258105,0.6442209443341069
1.2416555407209613,6.183791721494008,0.6492566976238745
1.2550066755674232,6.178490022411171,0.6542835817854303
1.2683578104138853,6.173186053503214,0.6593130751717442
1.2817089452603472,6.167880266447772,0.6643339375323619
1.295060080106809,6.162583156189104,0.669360270849805
1.308411214953271,6.157272680120933,0.6743803212114936
1.321762349799733,6.151980212650663,0.6793995289986203
1.335113484646195,6.146676370480166,0.6844121368285573
1.3484646194926568,6.141377999959142,0.6894257791060295
1.3618157543391187,6.136084338738836,0.6944362694845578
1.3751668891855808,6.130790021722213,0.6994436736632431
1.3885180240320427,6.125490015954863,0.7044479138724725
1.4018691588785046,6.120196887509434,0.709455697938831
1.4152202937249667,6.114904679586106,0.7144601932950791
1.4285714285714286,6.109609610998036,0.7194530968701146
1.4419225634178905,6.1043107624898045,0.7244520498752741
1.4552736982643524,6.099018825842109,0.729447261658109
1.4686248331108145,6.093728645109532,0.7344414307028999
1.4819759679572764,6.088445780335965,0.7394349789800898
1.4953271028037385,6.08315199164023,0.744421594899327
1.5086782376502004,6.077863309774881,0.7494052022538911
1.5220293724966625,6.072572674193899,0.7543912057522617
1.535380507343124,6.067283298015379,0.7593768043046547
1.548731642189586,6.061994433492926,0.7643559075803431
1.562082777036048,6.056705749668271,0.7693329887392849
1.57543391188251,6.051424885794636,0.7743096481585716
1.588785046728972,6.046141638249772,0.7792856835862326
1.6021361815754338,6.040848401339536,0.7842531476242679
1.615487316421896,6.035566542299584,0.7892203759157936
1.6288384512683578,6.030276003657265,0.7941872328720876
1.6421895861148197,6.025000737548305,0.7991592362797596
1.6555407209612818,6.019718786208839,0.8041177457248576
1.6688918558077437,6.014441776653404,0.8090750518683608
1.6822429906542056,6.00915960809542,0.8140311437711079
1.6955941255006677,6.003877723569051,0.8189908548522342
1.7089452603471296,5.998595275274581,0.8239451391307148
1.7222963951935917,5.993330743149317,0.8288959680694249
1.7356475300400531,5.988044791837744,0.8338458289364831
1.7489986648865157,5.982771685564865,0.8387952960422892
1.7623497997329771,5.9774854599958065,0.8437436177354564
1.7757009345794392,5.972222788461352,0.8486901135085635
1.7890520694259011,5.96694252010124,0.8536283319773134
1.8024032042723632,5.961668894589607,0.8585673325429573
1.815754339118825,5.9564053221583295,0.8635105181231578
1.829105473965287,5.951130311686401,0.868440502130809
1.842456608811749,5.945852308194997,0.8733761836012591
1.855807743658211,5.94058891220864,0.878308693254246
1.8691588785046729,5.935318399669337,0.8832373043491047
1.8825100133511348,5.930048996957965,0.8881643272673541
1.8958611481975969,5.924780261401962,0.8930887511368165
1.9092122830440588,5.919519826555514,0.8980112115549035
1.9225634178905209,5.914238110758027,0.9029339958666383
1.9359145527369823,5.908973714760454,0.9078540364821073
1.9492656875834449,5.903710670119772,0.9127678298956436
1.9626168224299063,5.898442301152702,0.9176850204300968
1.9759679572763684,5.893189614721925,0.9225968156256096
1.9893190921228303,5.887926340720013,0.9275113210435959
2.0026702269692924,5.882661294181368,0.9324208611882097
2.0160213618157545,5.877404984160568,0.9373248483318464
2.029372496662216,5.872131391548865,0.9422287163029678
2.0427236315086783,5.866880425139618,0.9471345603842126
2.05607476635514,5.8616266153585235,0.9520372921304966
2.069425901201602,5.856366011691494,0.9569362340064709
2.082777036048064,5.851105287225158,0.9618309538784409
2.096128170894526,5.845848113597431,0.9667271834099964
2.109479305740988,5.840596618793293,0.9716179842657672
2.12283044058745,5.835333173130779,0.9765086396753454
2.136181575433912,5.8300886017349685,0.9813989642821829
2.149532710280374,5.824838699288011,0.9862874386620207
2.162883845126836,5.819578667422534,0.9911747365050648
2.1762349799732976,5.814326157700151,0.9960585833781422
2.18958611481976,5.809074379842555,1.000939059582003
2.202937249666222,5.803832258756716,1.0058192794495886
2.2162883845126835,5.798580614880152,1.0106961871581261
2.2296395193591456,5.793327083129046,1.0155704378493333
2.2429906542056077,5.788080916996225,1.0204417478411532
2.2563417890520694,5.782836905005601,1.025315294370908
2.2696929238985315,5.7775876847256855,1.030184226651856
2.283044058744993,5.772340184142674,1.0350542375610408
2.2963951935914557,5.76709551870336,1.0399195665606042
2.3097463284379174,5.761848392621024,1.0447853062374688
2.323097463284379,5.756609834508623,1.0496435946719405
2.336448598130841,5.75137338804906,1.0545065352677145
2.3497997329773037,5.746118556274354,1.0593648850712232
2.363150867823765,5.740888104209057,1.064220067365359
2.376502002670227,5.73564316283896,1.0690731309045454
2.3898531375166887,5.7304021457726035,1.0739258863371903
2.403204272363151,5.725173072654895,1.078777198389432
2.416555407209613,5.719925356203973,1.0836298907204414
2.4299065420560746,5.714688457638984,1.0884742248946047
2.4432576769025367,5.709458122423884,1.0933205971959579
2.456608811748999,5.704219010366065,1.09816393466618
2.4699599465954605,5.698983089014429,1.1030016665102498
2.4833110814419226,5.69374783455039,1.1078435113602458
2.4966622162883847,5.688519791568236,1.1126793824140948
2.5100133511348464,5.6832899078828705,1.1175146236353817
2.5233644859813085,5.678056640644781,1.1223481260403056
2.5367156208277706,5.672819871302655,1.1271809967732758
2.550066755674232,5.667590917156355,1.1320096592893163
2.5634178905206944,5.662368991892523,1.1368366516861148
2.576769025367156,5.6571424680570495,1.1416662801590902
2.590120160213618,5.651915943674778,1.146490210580816
2.60347129506008,5.646692696073864,1.1513149124840776
2.616822429906542,5.641459271690164,1.1561338322279544
2.630173564753004,5.636238373092551,1.160950647737365
2.643524699599466,5.631012588485231,1.1657706635960463
2.656875834445928,5.6257932862406586,1.1705826392763845
2.67022696929239,5.6205641050206765,1.175398490620036
2.683578104138852,5.615347569924884,1.180210270873262
2.6969292389853137,5.610116585192534,1.1850189097994843
2.710280373831776,5.60489589778544,1.1898266160127495
2.723631508678237,5.599693173834572,1.194629437322182
2.7369826435247,5.594454801749013,1.1994351940941688
2.7503337783711617,5.589244833653719,1.2042377052051267
2.7636849132176238,5.584031604482813,1.2090387816390546
2.777036048064085,5.578819198987732,1.2138369626266277
2.7903871829105475,5.573603181012879,1.2186354891634854
2.803738317757009,5.568389793855891,1.2234293454667031
2.8170894526034718,5.563174947106505,1.2282266353029512
2.830440587449933,5.557959944945855,1.2330136389298392
2.843791722296395,5.552746701340238,1.2378072648727514
2.857142857142857,5.547538620844926,1.2425943493067726
2.870493991989319,5.542332993314212,1.2473780419177083
2.883845126835781,5.537127299749774,1.2521638498667012
2.897196261682243,5.531917082522597,1.2569468029775597
2.9105473965287048,5.526706562059087,1.2617292924104138
2.923898531375167,5.521502031009283,1.2665065542175258
2.937249666221629,5.516300095921603,1.2712819022411777
2.95060080106809,5.5110901515249475,1.276056596982437
2.9639519359145527,5.5058881933277455,1.280835566876484
2.977303070761015,5.500689010079616,1.2856054202444696
2.9906542056074765,5.4954895760727505,1.2903736070127352
3.004005340453938,5.490271784927556,1.2951464931022476
3.0173564753004007,5.485073301880892,1.2999067156504842
3.0307076101468624,5.4798834827331735,1.3046734816199417
3.0440587449933245,5.474688159512166,1.3094397279340755
3.057409879839786,5.469484583386093,1.3141991493794025
3.0707610146862483,5.464287179838097,1.3189571853044268
3.0841121495327104,5.459082282430802,1.3237157383078884
3.097463284379172,5.453888688653107,1.3284725025924347
3.110814419225634,5.448694739647914,1.3332270970435387
3.1241655540720963,5.44351573697951,1.3379797526116974
3.137516688918558,5.438313961837913,1.342728232654487
3.15086782376502,5.433124293724745,1.3474806961923587
3.164218958611482,5.427923177158834,1.3522218811485989
3.177570093457944,5.422743986447989,1.3569732581143137
3.190921228304406,5.4175442822746325,1.3617123216645728
3.204272363150868,5.412373691479423,1.3664573477983462
3.2176234979973297,5.407173550976599,1.3711944111142276
3.230974632843792,5.401991666249106,1.3759333959508004
3.244325767690253,5.3967986799534735,1.3806691568732359
3.257676902536716,5.391623167300254,1.3854079138649869
3.2710280373831777,5.386429267115092,1.3901404231408718
3.28437917222964,5.381261300133545,1.394871820424619
3.297730307076101,5.376067731037723,1.3996000799742299
3.311081441922564,5.370895009889578,1.4043266633942406
3.3244325767690253,5.365704902070909,1.4090542503543473
3.337783711615488,5.360533294431253,1.4137781560896128
3.351134846461949,5.355351001843799,1.418502275103948
3.364485981308411,5.350175957461338,1.4232231786920522
3.3778371161548733,5.344992530351003,1.427941741499031
3.391188251001335,5.3398161254011045,1.432657018188641
3.404539385847797,5.334640782631291,1.4373726937677531
3.417890520694259,5.329475198126872,1.44208851621398
3.431241655540721,5.32429559632138,1.4468025480178512
3.444592790387183,5.319119022807873,1.4515125476119457
3.457943925233645,5.313954055724166,1.4562224159447499
3.4712950600801067,5.3087714446472,1.4609296883921357
3.484646194926569,5.303608489132967,1.4656370576624218
3.497997329773031,5.2984444657727705,1.4703422160145163
3.511348464619493,5.293277567402635,1.4750423123282204
3.5246995994659547,5.28810494671066,1.4797404096071696
3.5380507343124163,5.282937132987191,1.4844438286227633
3.5514018691588785,5.277759996688588,1.4891395379411008
3.564753004005341,5.272612351396277,1.4938341730579432
3.5781041388518022,5.267444641183341,1.4985275604636346
3.5914552736982643,5.262286976929274,1.5032162400518907
3.6048064085447264,5.257123046825638,1.5079096632685836
3.618157543391188,5.251955946359252,1.5125965305087437
3.63150867823765,5.24680289537677,1.5172867227923985
3.644859813084112,5.241635867058328,1.5219733594480118
3.658210947930574,5.236487867371735,1.5266570945118136
3.671562082777036,5.23132840084975,1.5313353861615466
3.684913217623498,5.2261661320782835,1.5360125644215636
3.69826435246996,5.221014987009253,1.5406931749705763
3.711615487316422,5.2158615126755645,1.5453714763967024
3.724966622162884,5.210717907381398,1.5500436624043559
3.7383177570093458,5.205552944577789,1.5547195325288614
3.751668891855808,5.20039667258549,1.5593930938726297
3.7650200267022695,5.1952501307759995,1.5640616925336888
3.778371161548732,5.190099737539652,1.5687308312680295
3.7917222963951938,5.184949520901619,1.573398643201221
3.805073431241656,5.17980512371664,1.5780631945139598
3.8184245660881175,5.174659708545207,1.582728154195514
3.83177570093458,5.169505734519186,1.5873841308554526
3.845126835781041,5.1643712504703965,1.5920526176540017
3.858477970627504,5.159227784394102,1.5967032979626794
3.871829105473965,5.15408308338566,1.6013638714594982
3.885180240320427,5.148935889126224,1.6060177993121563
3.898531375166889,5.14379883043697,1.6106700999364787
3.911882510013351,5.138659600220165,1.6153256062719175
3.925233644859813,5.133514384332297,1.6199727664081316
3.938584779706275,5.128381617554394,1.6246253663923347
3.951935914552737,5.123237982355341,1.6292696193499792
3.965287049399199,5.118093972518951,1.6339160821454053
3.978638184245661,5.112962479409739,1.6385575276084139
3.9919893190921223,5.107829426963891,1.6431966016538169
4.005340453938585,5.1026935097018695,1.6478386243529928
4.018691588785047,5.0975633656701715,1.6524779385899653
4.032042723631509,5.092426693030304,1.6571138280478384
4.04539385847797,5.087289151932,1.6617500232833669
4.058744993324432,5.082173455744426,1.6663817827661813
4.072096128170895,5.077034252161782,1.6710163720682245
4.085447263017357,5.07190947359473,1.675645380127772
4.098798397863819,5.066793053678823,1.6802722551234421
4.11214953271028,5.061661231452585,1.6849013358163385
4.125500667556742,5.056545886712598,1.6895244216561518
4.138851802403204,5.05140636796083,1.6941490830927943
4.152202937249666,5.0462945857279715,1.698772226471209
4.165554072096128,5.0411571278220615,1.7033911697847213
4.178905206942591,5.036049492249609,1.7080072369844255
4.192256341789052,5.030925895080334,1.7126264761761008
4.205607476635514,5.025807442364373,1.7172416684730356
4.218958611481976,5.020683375059691,1.7218543397562782
4.232309746328438,5.015567515948721,1.7264648138382774
4.2456608811749,5.0104436280446745,1.7310774921374332
4.259012016021362,5.0053272589092845,1.7356850824331453
4.272363150867824,5.000218342109434,1.7402891103924807
4.285714285714286,4.995116450100545,1.7448982930074732
4.299065420560748,4.989981514082546,1.7495019011203339
4.31241655540721,4.984881630095362,1.7541011973114213
4.325767690253672,4.979770920275282,1.75870331173369
4.339118825100133,4.974658243326773,1.7633013569770521
4.352469959946595,4.969559695719438,1.7679018932533597
4.365821094793057,4.964438047861914,1.772497693769181
4.37917222963952,4.9593386148874545,1.7770905488866215
4.392523364485982,4.954229736208715,1.7816813431711493
4.405874499332444,4.94912732673951,1.7862709528493712
4.419225634178905,4.944017682231413,1.7908633336509172
4.432576769025367,4.9389176536951815,1.7954461407068492
4.445927903871829,4.933827755632921,1.8000357983055184
4.459279038718291,4.92871464416273,1.8046190216842846
4.472630173564753,4.923622152384305,1.809204722242758
4.485981308411215,4.918519377144648,1.813783263526566
4.499332443257677,4.913423609417195,1.818365088158529
4.512683578104139,4.908323126664516,1.822943626655048
4.526034712950601,4.903223682750253,1.8275162069123956
4.539385847797063,4.898131803751338,1.8320908177203599
4.552736982643525,4.893029861953759,1.8366644635671274
4.566088117489986,4.887942725450064,1.841235831200538
4.579439252336448,4.882853763409573,1.8458031651399722
4.592790387182911,4.877760023335546,1.8503694904483885
4.606141522029373,4.872671611574029,1.8549363330899769
4.619492656875835,4.867584100423626,1.859504139801149
4.632843791722296,4.862494058548561,1.864061605833705
4.646194926568758,4.857414739832321,1.868625084361186
4.65954606141522,4.852337183385291,1.8731854916967625
4.672897196261682,4.847244565772527,1.8777411521875382
4.686248331108144,4.842153983077739,1.8822986431127404
4.699599465954607,4.837070603074394,1.8868533904531253
4.712950600801068,4.831990181949738,1.8914062984357765
4.72630173564753,4.826913383699658,1.8959565687251674
4.739652870493992,4.8218407378476345,1.9005117234292148
4.753004005340454,4.8167571498661745,1.9050594585681286
4.766355140186916,4.811669846213609,1.9096025418912066
4.779706275033377,4.806603785250678,1.9141506358749887
4.79305740987984,4.801521081876766,1.9186926673149756
4.806408544726302,4.796449056410182,1.923236767419614
4.819759679572764,4.791371646856511,1.9277757549111039
4.833110814419226,4.786302002361868,1.932311252233354
4.846461949265688,4.781222379935551,1.9368500903253394
4.859813084112149,4.776155996571088,1.9413839578786092
4.873164218958611,4.7710906106174855,1.9459198786101426
4.886515353805073,4.766016670748401,1.9504516567878545
4.899866488651536,4.760956019415354,1.9549829475904152
4.913217623497998,4.755895276848269,1.9595066550810043
4.926568758344459,4.750826683644054,1.964034279468702
4.939919893190921,4.745763758600165,1.9685610864691037
4.953271028037383,4.740695567972702,1.9730830349975368
4.966622162883845,4.7356229541934995,1.9776065292227731
4.979973297730307,4.730580171905239,1.98212790055683
4.993324432576769,4.725513705620719,1.9866479063312554
5.006675567423231,4.720457091075198,1.9911624882807146
5.020026702269693,4.715396379719948,1.9956816104556887
5.033377837116155,4.710339337889933,2.0001969285338945
5.046728971962617,4.705290577109495,2.0047062391502193
5.060080106809079,4.700231057170548,2.0092175314691834
5.073431241655541,4.6951690194297235,2.0137268183348733
5.086782376502002,4.690122944737498,2.018234528138252
5.1001335113484645,4.685076721757562,2.0227408116512993
5.113484646194927,4.680026919080085,2.0272448921525985
5.126835781041389,4.67498058198406,2.031749209142136
5.140186915887851,4.669927051188356,2.036252461933166
5.153538050734312,4.664883832127668,2.040748781892687
5.166889185580774,4.659836219250762,2.0452488280547785
5.180240320427236,4.654786307323672,2.049744262204203
5.193591455273698,4.649738081930057,2.054239053376566
5.2069425901201605,4.644709025603144,2.0587307278355227
5.220293724966623,4.6396569746579095,2.0632231567456025
5.233644859813084,4.634620140020718,2.0677133603944386
5.246995994659546,4.62958468427178,2.0721973771687416
5.260347129506008,4.624541064685323,2.076685733543757
5.27369826435247,4.619511973764255,2.0811739962008664
5.287049399198932,4.614470719234319,2.0856559048837777
5.3004005340453935,4.609437014497322,2.090137470670227
5.313751668891856,4.604397886390003,2.0946153090275423
5.327102803738318,4.5993672534089685,2.099091926455238
5.34045393858478,4.594339743619728,2.1035721521997996
5.353805073431242,4.5892983007972274,2.1080452376930756
5.367156208277704,4.584273838737908,2.112526030960144
5.380507343124165,4.579251109889448,2.116994243896043
5.393858477970627,4.5742204760113,2.121462969616748
5.4072096128170895,4.569187549358307,2.1259323845541864
5.420560747663552,4.5641669783839065,2.13040016823455
5.433911882510014,4.5591441425120856,2.1348637231562604
5.447263017356475,4.5541241196259685,2.1393298888221444
5.460614152202937,4.549099219107219,2.143788795193564
5.473965287049399,4.5440794670302544,2.1482499789666036
5.487316421895861,4.539064662022401,2.152709831552459
5.500667556742323,4.534037961263436,2.157167373989032
5.514018691588785,4.5290162851521325,2.1616201822958274
5.527369826435247,4.524015687716533,2.1660747926350528
5.540720961281709,4.518994881564955,2.1705248832256077
5.554072096128171,4.513969281156071,2.174980024537532
5.567423230974633,4.5089562322504095,2.179428852927359
5.580774365821095,4.5039480985331295,2.1838754455564264
5.594125500667556,4.498940346270276,2.1883239508448016
5.607476635514018,4.493931390694273,2.1927641607697694
5.6208277703604805,4.48893301090108,2.197203983709512
5.634178905206943,4.483919416395339,2.2016480821814977
5.647530040053405,4.478907689736165,2.2060867350045013
5.660881174899867,4.473911381367664,2.2105247767417113
5.674232309746328,4.468909106263766,2.214961977250213
5.68758344459279,4.463897094923396,2.219394166558498
5.700934579439252,4.458910248578244,2.2238277663414507
5.714285714285714,4.453901059974273,2.228258008940738
5.7276368491321765,4.4489060919221775,2.2326872635383452
5.740987983978638,4.443898479909805,2.237120744607888
5.7543391188251,4.438906628813347,2.2415479308391135
5.767690253671562,4.433916880591879,2.245966883598837
5.781041388518024,4.42890852796422,2.2503932860271365
5.794392523364486,4.423910587788138,2.25481266366983
5.807743658210948,4.41893580163339,2.2592343673580477
5.8210947930574095,4.413939448288262,2.2636482287377584
5.834445927903872,4.408953319710083,2.268066003894318
5.847797062750334,4.40395306885283,2.2724813087746383
5.861148197596796,4.398976358436415,2.2768967124452884
5.874499332443258,4.393984292001533,2.2813052912132266
5.88785046728972,4.3890014352700435,2.2857175302749506
5.901201602136181,4.384012587080523,2.290124105772548
5.914552736982643,4.379033071096673,2.294531313516295
5.9279038718291055,4.374053708400736,2.2989367030691596
5.941255006675568,4.3690615078936075,2.3033391213714642
5.95460614152203,4.364096202727141,2.307738410138571
5.967957276368491,4.3591184766802815,2.3121390342521138
5.981308411214953,4.3541232050672365,2.31653715640431
5.994659546061415,4.34916249007342,2.32093526935268
6.008010680907877,4.344185161402016,2.325331766952015
6.021361815754339,4.339223003425732,2.3297260146002756
6.0347129506008015,4.334239627895914,2.334114390828034
6.048064085447263,4.329269946711196,2.3385061014841213
6.061415220293725,4.32430575430519,2.3428934318128976
6.074766355140187,4.319336868846826,2.3472808447415057
6.088117489986649,4.31436972445348,2.351668231672719
6.101468624833111,4.309402646775919,2.356047607690218
6.114819759679572,4.304434064606102,2.3604318217317437
6.1281708945260345,4.29947869162345,2.3648136274673766
6.141522029372497,4.294504115276621,2.3691909112400413
6.154873164218959,4.28954997448314,2.3735675234717393
6.168224299065421,4.284581599179605,2.3779426054779136
6.181575433911883,4.279631961190871,2.382312642550014
6.194926568758344,4.274667383251789,2.3866853454531416
6.208277703604806,4.2697163185787295,2.3910572531746332
6.221628838451268,4.264759462552603,2.3954256831680882
6.2349799732977305,4.259805105329379,2.3997919225269166
6.248331108144193,4.254854357208553,2.4041620139424316
6.261682242990654,4.249905958168764,2.408520317397954
6.275033377837116,4.244946445739286,2.4128843161197073
6.288384512683578,4.239997603834741,2.4172421837725
6.30173564753004,4.235054762374285,2.4215975862347383
6.315086782376502,4.230102111790717,2.4259617553394035
6.328437917222964,4.22516165540555,2.4303145891694213
6.341789052069426,4.220215312321796,2.434667253835651
6.355140186915888,4.215278224668697,2.439020524203628
6.36849132176235,4.210328967513402,2.4433691949894634
6.381842456608812,4.2053905509701,2.4477170659705183
6.395193591455274,4.200451071113268,2.4520605624164413
6.408544726301735,4.195512565950873,2.456408124844873
6.421895861148197,4.190576074758901,2.460755772113801
6.435246995994659,4.1856457288334585,2.465095428576342
6.4485981308411215,4.180706471829629,2.469437120805135
6.461949265687584,4.1757671623443064,2.47377538469232
6.475300400534046,4.170837432173352,2.4781103002883462
6.488651535380507,4.165904724804694,2.4824488456570886
6.502002670226969,4.160976575265483,2.4867755324621927
6.515353805073431,4.156053131485359,2.491108910448076
6.528704939919893,4.151121765635985,2.4954403643915373
6.542056074766355,4.14620798312524,2.4997689798398994
6.5554072096128175,4.141282604746811,2.50409551836464
6.568758344459279,4.136350507568243,2.508425775589371
6.582109479305741,4.131429211614054,2.5127430583128367
6.595460614152203,4.1265169277569225,2.5170687658319006
6.608811748998665,4.121602786692722,2.5213893164364847
6.622162883845127,4.116676841651019,2.525702976234076
6.635514018691588,4.111760259164005,2.5300228331103076
6.6488651535380505,4.10683579671983,2.5343370305595028
6.662216288384513,4.101932245956715,2.5386533286229893
6.675567423230975,4.097027716873528,2.5429630671539094
6.688918558077437,4.092109500900884,2.5472713267133735
6.702269692923899,4.087191788758545,2.551584549314041
6.71562082777036,4.082293544424856,2.5558865013379775
6.728971962616822,4.077373879516637,2.560192994677742
6.742323097463284,4.072476382736314,2.564495999265044
6.7556742323097465,4.067566894768562,2.56879894686848
6.769025367156209,4.062667852670348,2.5730953356867303
6.78237650200267,4.0577649420173625,2.577393920083332
6.795727636849132,4.052866232421601,2.5816921569436406
6.809078771695594,4.0479589267997955,2.5859871870135063
6.822429906542056,4.043066260839254,2.590281830008324
6.835781041388518,4.038155024146887,2.594572407710529
6.84913217623498,4.033266970640603,2.5988611438730937
6.862483311081442,4.028371991195751,2.6031453287138375
6.875834445927904,4.023489248380869,2.6074337821856064
6.889185580774366,4.01859294410614,2.6117188009086214
6.902536715620828,4.013701683165456,2.616001494446897
6.91588785046729,4.008814867172492,2.6202801722764106
6.929238985313751,4.003917692272559,2.6245633913501973
6.942590120160213,3.9990429622580455,2.628831965884303
6.955941255006676,3.9941415563675404,2.633112225215736
6.969292389853138,3.989267188131102,2.637392158829191
6.9826435246996,3.984389001470569,2.641655360200525
6.995994659546062,3.9795067952867287,2.6459303301389188
7.009345794392523,3.974631997572514,2.6502037538502905
7.022696929238985,3.9697366635181837,2.6544699955951585
7.036048064085447,3.964869588449368,2.6587329267094617
7.049399198931909,3.9599919612742025,2.6629979637196617
7.062750333778372,3.955121301467039,2.6672571866185075
7.076101468624833,3.950247142725189,2.6715181984164826
7.089452603471295,3.9453744896870178,2.6757778113648083
7.102803738317757,3.9405116048615465,2.680035064143312
7.116154873164219,3.9356328197004617,2.6842921371664175
7.129506008010681,3.9307697419104812,2.6885439662026527
7.142857142857143,3.925901570514025,2.6927951366800214
7.1562082777036045,3.921043930070066,2.6970483808400134
7.169559412550067,3.91617220503465,2.701294008603163
7.182910547396529,3.911314610545988,2.705540757869406
7.196261682242991,3.9064449284103224,2.709787187492325
7.209612817089453,3.901580077209648,2.7140247542727005
7.222963951935914,3.896737045979828,2.718270378103601
7.236315086782376,3.8918869636015567,2.722508937588044
7.249666221628838,3.8870236919863355,2.7267480509895154
7.2630173564753,3.882162652213907,2.730980409419491
7.276368491321762,3.8773197735416796,2.7352166997121836
7.289719626168225,3.872471372815237,2.7394476344134877
7.303070761014686,3.8676132956730216,2.7436814224127635
7.316421895861148,3.862758926803731,2.74790555739739
7.32977303070761,3.857924328969957,2.752133349389326
7.343124165554072,3.8530807228747808,2.7563629671607637
7.356475300400534,3.8482227453037927,2.7605891537974396
7.369826435246996,3.843386344431156,2.7648115983272747
7.383177570093458,3.838547915693459,2.769031226270875
7.39652870493992,3.833705896608542,2.7732460445628058
7.409879839786382,3.828863848099146,2.7774623331126698
7.423230974632844,3.8240334262202533,2.781678286707298
7.436582109479306,3.8191983541032193,2.785895812788722
7.449933244325767,3.8143574138149003,2.7901035044450597
7.463284379172229,3.809529402514655,2.794312789024967
7.4766355140186915,3.804697812180466,2.798520438350626
7.489986648865154,3.799856236440698,2.8027284943105726
7.503337783711616,3.795040025748333,2.8069300126924532
7.516688918558078,3.7902077085907235,2.8111366274279863
7.530040053404539,3.7853811029851916,2.8153328890460423
7.543391188251001,3.7805624933273867,2.819533354200565
7.556742323097463,3.7757318870733036,2.823733012691331
7.570093457943925,3.770907914978224,2.827925505655379
7.5834445927903875,3.7660961959061003,2.832120520768149
7.596795727636849,3.7612737261893217,2.8363123754999813
7.610146862483311,3.7564594342752096,2.8404988103345423
7.623497997329773,3.7516514697612773,2.8446899045785825
7.636849132176235,3.746828181439423,2.8488791585192503
7.650200267022697,3.7420226608112106,2.853064751163218
7.663551401869159,3.737204540587658,2.8572468928164128
7.67690253671562,3.732398433476767,2.8614286039980446
7.690253671562083,3.7275901447127477,2.8656048970247716
7.703604806408545,3.7227696934443526,2.8697811806963567
7.716955941255007,3.7179788089072017,2.873956711022722
7.730307076101469,3.713166450481986,2.878134456780808
7.74365821094793,3.7083668357283286,2.8823053198700532
7.757009345794392,3.7035696544788097,2.8864753292487344
7.770360480640854,3.698771364322328,2.890641635714729
7.783711615487316,3.693957792772798,2.8948098422136335
7.797062750333779,3.6891676091707213,2.8989769308624744
7.810413885180241,3.684386259442327,2.9031402668586344
7.823765020026702,3.6795813372754926,2.9073022807094886
7.837116154873164,3.674788258812496,2.9114635789722656
7.850467289719626,3.6699965672972503,2.915618752364918
7.863818424566088,3.6652074656822826,2.919774262432789
7.87716955941255,3.6604239234985356,2.9239276706419663
7.890520694259012,3.6556391860713577,2.9280809484611328
7.903871829105474,3.6508461020345693,2.9322346343586276
7.917222963951936,3.6460707564436134,2.936380958393654
7.930574098798398,3.641278019343243,2.940527012935461
7.94392523364486,3.6364962558331926,2.9446707950456648
7.957276368491322,3.6317232490658706,2.9488184036025387
7.970627503337783,3.626936999509962,2.9529569225727954
7.983978638184245,3.6221696715299996,2.9570961851734503
7.997329773030708,3.6173900205767944,2.9612311718241995
8.01068090787717,3.6126291250723823,2.965362626529882
8.024032042723631,3.607854175607366,2.96950657429174
8.037383177570094,3.6030783822133667,2.97363604520663
8.050734312416555,3.598323302446492,2.9777687679808422
8.064085447263018,3.593553877956552,2.981894005418981
8.07743658210948,3.5887809571085345,2.9860208698016786
8.09078771695594,3.584028722064391,2.9901432638154124
8.104138851802404,3.5792599863063224,2.9942694491569664
8.117489986648865,3.574506738290885,2.998386087160233
8.130841121495328,3.569740509672082,3.002510039817479
8.144192256341789,3.5649860543471616,3.006624469643393
8.15754339118825,3.5602292654595056,3.0107410275232627
8.170894526034713,3.5554705664679527,3.0148554271931753
8.184245660881174,3.550711790441443,3.01896429378042
8.197596795727637,3.5459607194702323,3.0230767049591383
8.210947930574099,3.54121937041272,3.0271828395306226
8.22429906542056,3.5364773405637115,3.0312886798005065
8.237650200267023,3.5317231249536567,3.0353966067730926
8.251001335113484,3.526990003309439,3.0394979816683105
8.264352469959947,3.5222311042152614,3.043599535885974
8.277703604806408,3.5174930295110403,3.0477006066525973
8.291054739652871,3.5127511788516936,3.051794111781794
8.304405874499333,3.508014442552301,3.055890165594749
8.317757009345794,3.503283914253079,3.0599799626100794
8.331108144192257,3.498538959682428,3.0640746294934864
8.344459279038718,3.4938071086427365,3.068160420217859
8.357810413885181,3.4890722582416216,3.072251540350348
8.371161548731642,3.4843402789107984,3.076335195579033
8.384512683578103,3.4796116486629076,3.0804154195286757
8.397863818424566,3.4748893963980683,3.0845001939571404
8.411214953271028,3.4701674761972883,3.088582968085758
8.42456608811749,3.465429585143429,3.092657676320626
8.437917222963952,3.460714908984617,3.0967318263136967
8.451268357810413,3.455992904122229,3.1008120060656976
8.464619492656876,3.4512716799208194,3.104883675853071
8.477970627503337,3.446553633466317,3.108950483968357
8.4913217623498,3.441833049452161,3.113020315295064
8.504672897196262,3.437127858320316,3.117085105686741
8.518024032042725,3.4324133499447664,3.12115228232545
8.531375166889186,3.427702846290786,3.125212804444452
8.544726301735647,3.4229938513674862,3.129273008080468
8.55807743658211,3.4182887371376345,3.1333330332751985
8.571428571428571,3.4135744695409573,3.137388928332831
8.584779706275034,3.40887040442833,3.1414451477784953
8.598130841121495,3.4041767602488266,3.1454951688098727
8.611481975967957,3.3994602591008993,3.1495484520612935
8.62483311081442,3.39476342136643,3.153600607668485
8.63818424566088,3.390062997241672,3.157645989266569
8.651535380507344,3.3853736854793546,3.1616911822499008
8.664886515353805,3.3806774024908326,3.165732627165072
8.678237650200266,3.375977075580807,3.1697743079398264
8.69158878504673,3.371289804950534,3.173819807647658
8.70493991989319,3.366592383152835,3.177854072418951
8.718291054739653,3.3619030190009567,3.1818861857291245
8.731642189586115,3.3572291805034715,3.1859206359364944
8.744993324432576,3.3525428641483885,3.1899526942235714
8.758344459279039,3.3478521932733494,3.193982098605351
8.7716955941255,3.3431754860744762,3.198012047104697
8.785046728971963,3.3384891617647807,3.2020390939573002
8.798397863818424,3.333813188941918,3.2060624657544903
8.811748998664887,3.329135865440864,3.2100847398382286
8.825100133511349,3.3244638211107254,3.214102775905135
8.83845126835781,3.3197943884894574,3.218125321244054
8.851802403204273,3.315116561874789,3.222139446308939
8.865153538050734,3.310442606297636,3.2261517175437397
8.878504672897197,3.3057841205782,3.230165804654414
8.891855807743658,3.3011113693553487,3.2341730184101323
8.90520694259012,3.296461159417154,3.238183634061683
8.918558077436582,3.291785787538271,3.2421927344966885
8.931909212283044,3.2871261692815694,3.2461928137656377
8.945260347129507,3.2824614877879323,3.250196702235265
8.958611481975968,3.2778050164735,3.2541964840502735
8.97196261682243,3.2731397643401894,3.2581972035225615
8.985313751668892,3.268495535834931,3.2621923158852617
8.998664886515353,3.2638405596007227,3.2661881948364586
9.012016021361816,3.259200244620938,3.270178329948774
9.025367156208278,3.2545407553407455,3.2741675611204424
9.03871829105474,3.2498918043816207,3.2781572313835214
9.052069425901202,3.2452477225282457,3.2821393962216754
9.065420560747665,3.2406002352193943,3.286125044030208
9.078771695594126,3.235963509355603,3.2901095407909295
9.092122830440587,3.23131884958851,3.2940888241299957
9.10547396528705,3.2266832878784815,3.298066488578934
9.118825100133511,3.2220439801832876,3.3020452018285535
9.132176234979973,3.2173988546747325,3.3060224433660017
9.145527369826436,3.2127806418672717,3.309987727140478
9.158878504672897,3.208137941161774,3.3139606829483554
9.17222963951936,3.2035086777285544,3.3179293831652563
9.18558077436582,3.198885351710654,3.321894481891632
9.198931909212282,3.1942612536605477,3.325854856690235
9.212283044058744,3.189631446091479,3.3298219073828697
9.225634178905208,3.1850071139772274,3.3337809477534237
9.23898531375167,3.1803857959084176,3.337737138174977
9.25233644859813,3.1757675386410598,3.341695076031604
9.265687583444592,3.171144453190567,3.3456470589027365
9.279038718291057,3.1665305283261165,3.3496004929871197
9.292389853137516,3.161919951475717,3.353551400567527
9.30574098798398,3.1573105898042737,3.357501378276103
9.31909212283044,3.152692185500014,3.3614427801250977
9.332443257676903,3.14808604321892,3.365388640217244
9.345794392523365,3.143475862254811,3.369327522037153
9.359145527369826,3.138877595636281,3.373268003077336
9.372496662216289,3.1342640539842748,3.3772058127278015
9.38584779706275,3.129680186038289,3.3811376237027235
9.399198931909211,3.1250701367504456,3.385076458935949
9.412550066755674,3.120467962505917,3.389004029675019
9.425901201602136,3.1158771708965607,3.392933660135463
9.4392523364486,3.111278252440368,3.396861840146937
9.45260347129506,3.106686869358278,3.400785705880377
9.465954606141525,3.1020964295442073,3.404708346459623
9.479305740987984,3.097501722289651,3.408632304905956
9.492656875834443,3.09291716582788,3.412550379673985
9.506008010680908,3.088334075384317,3.4164667236541773
9.51935914552737,3.083751846182035,3.420382159219762
9.532710280373832,3.079159959040113,3.4242955782268307
9.546061415220294,3.074588944354826,3.4282049672503154
9.559412550066757,3.070012337571895,3.432112898043517
9.572763684913218,3.0654296332098188,3.436022186028451
9.58611481975968,3.0608623036374287,3.439919685423338
9.599465954606142,3.0562916276532066,3.443822865766635
9.612817089452603,3.0517173874562573,3.447723228085034
9.626168224299066,3.0471442405850353,3.4516199524355113
9.639519359145527,3.0425899740421842,3.4555170442719256
9.652870493991989,3.038008794042256,3.4594102913480325
9.666221628838452,3.033453716637523,3.463300758068871
9.679572763684911,3.0289022689735527,3.4671885063376777
9.692923898531376,3.0243380871355736,3.4710831441160006
9.706275033377835,3.0197754874655023,3.474962321237599
9.719626168224298,3.0152185891858294,3.4788453657870795
9.73297730307076,3.010664337722719,3.4827273047274665
9.746328437917224,3.0061170191819535,3.486602985054467
9.759679572763686,3.001567464526495,3.4904805682156415
9.773030707610149,2.9970304266490753,3.4943528007566242
9.786381842456608,2.992468839726115,3.4982293922512704
9.799732977303073,2.987937042995107,3.5020967601015567
9.813084112149532,2.983397602558007,3.50596476778711
9.826435246995995,2.978851797958488,3.5098360498133774
9.839786381842456,2.9743140428009713,3.513697056938371
9.853137516688918,2.96978344332919,3.5175579391831815
9.86648865153538,2.965235938709012,3.521416253385988
9.879839786381842,2.960710065029258,3.5252718509914795
9.893190921228303,2.9561870009206923,3.529129386729135
9.906542056074766,2.951655315241795,3.5329782637970175
9.91989319092123,2.94712392931366,3.5368326784855095
9.93324432576769,2.942604387688883,3.5406795501354926
9.946595460614152,2.9380831415159387,3.5445231759005065
9.959946595460616,2.9335572193701585,3.5483677099986437
9.973297730307076,2.9290367405181694,3.5522103002112484
9.98664886515354,2.9245230536643603,3.556051114628679
10.0,2.92000408274404,3.5598841511671475
