model_name,noise_level,interpolator_method,estimator,variable_name,variable_type,true_value,estimated_value,rel_error,cluster_id,solution_in_cluster,overall_problem_error
lv_periodic,0.0,GPR,PE,x1(t),state,2.0,2.000051582092979,2.5791046489587188e-5,1,1,0.19041496687977155
lv_periodic,0.0,GPR,PE,x2(t),state,0.5,0.49999760534484433,4.789310311337225e-6,1,1,0.19041496687977155
lv_periodic,0.0,GPR,PE,a,parameter,1.5,1.4999704861535064,1.9675897662422653e-5,1,1,0.19041496687977155
lv_periodic,0.0,GPR,PE,b,parameter,0.9,0.8999939075821164,6.769353204032984e-6,1,1,0.19041496687977155
lv_periodic,0.0,GPR,PE,c,parameter,3.0,3.0001465615616607,4.885385388690248e-5,1,1,0.19041496687977155
lv_periodic,0.0,GPR,PE,d,parameter,0.8,0.8000226918364927,2.8364795615770655e-5,1,1,0.19041496687977155
lv_periodic,0.0,GPR,PE,x1(t),state,2.0,1.9999715446971298,1.4227651435105848e-5,2,1,0.1904116435595853
lv_periodic,0.0,GPR,PE,x2(t),state,0.5,0.5000093516501988,1.8703300397548972e-5,2,1,0.1904116435595853
lv_periodic,0.0,GPR,PE,a,parameter,1.5,1.4999971884793692,1.874347087168123e-6,2,1,0.1904116435595853
lv_periodic,0.0,GPR,PE,b,parameter,0.9,0.9000030759807057,3.4177563396692926e-6,2,1,0.1904116435595853
lv_periodic,0.0,GPR,PE,c,parameter,3.0,3.0000177579281306,5.9193093768783456e-6,2,1,0.1904116435595853
lv_periodic,0.0,GPR,PE,d,parameter,0.8,0.8000176337469884,2.2042183735471177e-5,2,1,0.1904116435595853
lv_periodic,0.0,GPR,PE,x1(t),state,2.0,1.9998036467653244,9.817661733779737e-5,3,1,0.19040962038232837
lv_periodic,0.0,GPR,PE,x2(t),state,0.5,0.5000975614155493,0.00019512283109857087,3,1,0.19040962038232837
lv_periodic,0.0,GPR,PE,a,parameter,1.5,1.5000778947651217,5.1929843414436995e-5,3,1,0.19040962038232837
lv_periodic,0.0,GPR,PE,b,parameter,0.9,0.9000165026460407,1.8336273378549706e-5,3,1,0.19040962038232837
lv_periodic,0.0,GPR,PE,c,parameter,3.0,2.9998953188649002,3.4893711699920026e-5,3,1,0.19040962038232837
lv_periodic,0.0,GPR,PE,d,parameter,0.8,0.799980640711797,2.4199110253836364e-5,3,1,0.19040962038232837
lv_periodic,0.0,GPR,PE,x1(t),state,2.0,2.0004930954633897,0.0002465477316948572,4,1,0.1904375367633683
lv_periodic,0.0,GPR,PE,x2(t),state,0.5,0.49983547046493615,0.00032905907012770186,4,1,0.1904375367633683
lv_periodic,0.0,GPR,PE,a,parameter,1.5,1.5000805344608026,5.368964053505584e-5,4,1,0.1904375367633683
lv_periodic,0.0,GPR,PE,b,parameter,0.9,0.9001789213751997,0.0001988015279996702,4,1,0.1904375367633683
lv_periodic,0.0,GPR,PE,c,parameter,3.0,2.9996083277277457,0.0001305574240847799,4,1,0.1904375367633683
lv_periodic,0.0,GPR,PE,d,parameter,0.8,0.7998206031702886,0.00022424603713933067,4,1,0.1904375367633683
lv_periodic,0.0,GPR,PE,x1(t),state,2.0,2.0015313858414494,0.0007656929207247032,5,1,0.19045682844949297
lv_periodic,0.0,GPR,PE,x2(t),state,0.5,0.49933678169946616,0.001326436601067682,5,1,0.19045682844949297
lv_periodic,0.0,GPR,PE,a,parameter,1.5,1.4997526038831752,0.00016493074454985526,5,1,0.19045682844949297
lv_periodic,0.0,GPR,PE,b,parameter,0.9,0.8999492873994798,5.634733391139216e-5,5,1,0.19045682844949297
lv_periodic,0.0,GPR,PE,c,parameter,3.0,3.0000856037424906,2.853458083018623e-5,5,1,0.19045682844949297
lv_periodic,0.0,GPR,PE,d,parameter,0.8,0.8000198826486092,2.485331076149122e-5,5,1,0.19045682844949297
lv_periodic,0.0,GPR,PE,x1(t),state,2.0,1.9990038839297852,0.0004980580351073849,6,1,0.19037521638389285
lv_periodic,0.0,GPR,PE,x2(t),state,0.5,0.5003350877977327,0.0006701755954654498,6,1,0.19037521638389285
lv_periodic,0.0,GPR,PE,a,parameter,1.5,1.4999031273854058,6.458174306282298e-5,6,1,0.19037521638389285
lv_periodic,0.0,GPR,PE,b,parameter,0.9,0.8997610898183158,0.00026545575742689366,6,1,0.19037521638389285
lv_periodic,0.0,GPR,PE,c,parameter,3.0,3.000523437139577,0.00017447904652560334,6,1,0.19037521638389285
lv_periodic,0.0,GPR,PE,d,parameter,0.8,0.8002170623608299,0.0002713279510373201,6,1,0.19037521638389285
lv_periodic,0.0,GPR,PE,x1(t),state,2.0,2.0067675508700527,0.003383775435026326,7,1,0.19060579046764078
lv_periodic,0.0,GPR,PE,x2(t),state,0.5,0.4973007876786762,0.005398424642647615,7,1,0.19060579046764078
lv_periodic,0.0,GPR,PE,a,parameter,1.5,1.4992529669733465,0.0004980220177689768,7,1,0.19060579046764078
lv_periodic,0.0,GPR,PE,b,parameter,0.9,0.8998416642289815,0.00017592863446504027,7,1,0.19060579046764078
lv_periodic,0.0,GPR,PE,c,parameter,3.0,3.000166777594964,5.5592531654694945e-5,7,1,0.19060579046764078
lv_periodic,0.0,GPR,PE,d,parameter,0.8,0.8000366914715568,4.586433944589463e-5,7,1,0.19060579046764078
lv_periodic,0.0,GPR,PE,x1(t),state,2.0,2.0005789680958936,0.0002894840479468197,8,1,0.19043439337225232
lv_periodic,0.0,GPR,PE,x2(t),state,0.5,0.49980393045918536,0.00039213908162927247,8,1,0.19043439337225232
lv_periodic,0.0,GPR,PE,a,parameter,1.5,1.5000331343840716,2.2089589381065384e-5,8,1,0.19043439337225232
lv_periodic,0.0,GPR,PE,b,parameter,0.9,0.900090293913579,0.00010032657064328198,8,1,0.19043439337225232
lv_periodic,0.0,GPR,PE,c,parameter,3.0,2.999787483572692,7.083880910263574e-5,8,1,0.19043439337225232
lv_periodic,0.0,GPR,PE,d,parameter,0.8,0.7999213725891728,9.828426353400421e-5,8,1,0.19043439337225232
lv_periodic,0.0,GPR,PE,x1(t),state,2.0,1.458138053131128,0.27093097343443595,9,1,0.17544957603141156
lv_periodic,0.0,GPR,PE,x2(t),state,0.5,1.9305532074426244,2.8611064148852487,9,1,0.17544957603141156
lv_periodic,0.0,GPR,PE,a,parameter,1.5,2.1949577562579385,0.4633051708386257,9,1,0.17544957603141156
lv_periodic,0.0,GPR,PE,b,parameter,0.9,1.0442739215263452,0.1603043572514947,9,1,0.17544957603141156
lv_periodic,0.0,GPR,PE,c,parameter,3.0,3.0172035533014645,0.005734517767154834,9,1,0.17544957603141156
lv_periodic,0.0,GPR,PE,d,parameter,0.8,0.8046991260900838,0.005873907612604645,9,1,0.17544957603141156
lv_periodic,0.01,GPR,PE,x1(t),state,2.0,2.4590864640990446,0.22954323204952232,1,1,0.18621390567811283
lv_periodic,0.01,GPR,PE,x2(t),state,0.5,0.4976985219666854,0.0046029560666291935,1,1,0.18621390567811283
lv_periodic,0.01,GPR,PE,a,parameter,1.5,1.2954549821781942,0.1363633452145372,1,1,0.18621390567811283
lv_periodic,0.01,GPR,PE,b,parameter,0.9,0.8291482858006369,0.07872412688818121,1,1,0.18621390567811283
lv_periodic,0.01,GPR,PE,c,parameter,3.0,3.9914938903679458,0.3304979634559819,1,1,0.18621390567811283
lv_periodic,0.01,GPR,PE,d,parameter,0.8,0.9317438871506369,0.16467985893829612,1,1,0.18621390567811283
lv_periodic,0.01,GPR,PE,x1(t),state,2.0,2.044621829496119,0.022310914748059574,2,1,0.17805664610403135
lv_periodic,0.01,GPR,PE,x2(t),state,0.5,0.4835111175991335,0.03297776480173298,2,1,0.17805664610403135
lv_periodic,0.01,GPR,PE,a,parameter,1.5,1.555419140612895,0.036946093741929996,2,1,0.17805664610403135
lv_periodic,0.01,GPR,PE,b,parameter,0.9,1.0440624592778147,0.16006939919757188,2,1,0.17805664610403135
lv_periodic,0.01,GPR,PE,c,parameter,3.0,2.8229459992998547,0.05901800023338177,2,1,0.17805664610403135
lv_periodic,0.01,GPR,PE,d,parameter,0.8,0.7317847247870946,0.08526909401613186,2,1,0.17805664610403135
lv_periodic,0.01,GPR,PE,x1(t),state,2.0,1.6161509226534159,0.19192453867329207,3,1,0.19297267821701203
lv_periodic,0.01,GPR,PE,x2(t),state,0.5,0.7271195166671873,0.45423903333437465,3,1,0.19297267821701203
lv_periodic,0.01,GPR,PE,a,parameter,1.5,1.7898690653314326,0.19324604355428843,3,1,0.19297267821701203
lv_periodic,0.01,GPR,PE,b,parameter,0.9,0.9799685194020957,0.088853910446773,3,1,0.19297267821701203
lv_periodic,0.01,GPR,PE,c,parameter,3.0,2.524464252958428,0.158511915680524,3,1,0.19297267821701203
lv_periodic,0.01,GPR,PE,d,parameter,0.8,0.7049980448781403,0.11875244390232464,3,1,0.19297267821701203
lv_periodic,0.01,GPR,PE,x1(t),state,2.0,0.645960672047287,0.6770196639763565,4,1,0.20358981534312567
lv_periodic,0.01,GPR,PE,x2(t),state,0.5,3.667287121154737,6.334574242309474,4,1,0.20358981534312567
lv_periodic,0.01,GPR,PE,a,parameter,1.5,1.14218841955671,0.23854105362886,4,1,0.20358981534312567
lv_periodic,0.01,GPR,PE,b,parameter,0.9,0.09704255498672075,0.8921749389036436,4,1,0.20358981534312567
lv_periodic,0.01,GPR,PE,c,parameter,3.0,2.2420195138342516,0.2526601620552495,4,1,0.20358981534312567
lv_periodic,0.01,GPR,PE,d,parameter,0.8,0.43555791343547406,0.45555260820565746,4,1,0.20358981534312567
lv_periodic,0.01,GPR,PE,x1(t),state,2.0,3.588795050208522,0.794397525104261,5,1,0.2550456896361691
lv_periodic,0.01,GPR,PE,x2(t),state,0.5,0.8536016756418932,0.7072033512837863,5,1,0.2550456896361691
lv_periodic,0.01,GPR,PE,a,parameter,1.5,2.59840968987237,0.7322731265815801,5,1,0.2550456896361691
lv_periodic,0.01,GPR,PE,b,parameter,0.9,1.1323092290481542,0.25812136560906024,5,1,0.2550456896361691
lv_periodic,0.01,GPR,PE,c,parameter,3.0,2.8059387974567715,0.06468706751440949,5,1,0.2550456896361691
lv_periodic,0.01,GPR,PE,d,parameter,0.8,0.7563322302131663,0.054584712233542165,5,1,0.2550456896361691
lv_periodic,0.01,GPR,PE,x1(t),state,2.0,0.9243109407498092,0.5378445296250953,6,1,0.19320514497616506
lv_periodic,0.01,GPR,PE,x2(t),state,0.5,1.9790076716457887,2.9580153432915774,6,1,0.19320514497616506
lv_periodic,0.01,GPR,PE,a,parameter,1.5,1.3373035682301566,0.10846428784656226,6,1,0.19320514497616506
lv_periodic,0.01,GPR,PE,b,parameter,0.9,0.41778213458774555,0.5357976282358383,6,1,0.19320514497616506
lv_periodic,0.01,GPR,PE,c,parameter,3.0,2.1819472379939286,0.2726842540020238,6,1,0.19320514497616506
lv_periodic,0.01,GPR,PE,d,parameter,0.8,0.4204226719738729,0.4744716600326589,6,1,0.19320514497616506
lv_periodic,0.01,GPR,PE,x1(t),state,2.0,4.357093608432664,1.178546804216332,7,1,0.2818530553153737
lv_periodic,0.01,GPR,PE,x2(t),state,0.5,4.734831354992232,8.469662709984464,7,1,0.2818530553153737
lv_periodic,0.01,GPR,PE,a,parameter,1.5,2.8714448407645143,0.9142965605096762,7,1,0.2818530553153737
lv_periodic,0.01,GPR,PE,b,parameter,0.9,1.1991736756713467,0.3324151951903852,7,1,0.2818530553153737
lv_periodic,0.01,GPR,PE,c,parameter,3.0,2.8055277032071286,0.06482409893095713,7,1,0.2818530553153737
lv_periodic,0.01,GPR,PE,d,parameter,0.8,0.755503762855997,0.05562029643000385,7,1,0.2818530553153737
lv_periodic,0.01,GPR,PE,x1(t),state,2.0,1.1827702101417574,0.4086148949291213,8,1,0.17977165591583377
lv_periodic,0.01,GPR,PE,x2(t),state,0.5,1.2737436742778612,1.5474873485557223,8,1,0.17977165591583377
lv_periodic,0.01,GPR,PE,a,parameter,1.5,1.1674969722608528,0.22166868515943147,8,1,0.17977165591583377
lv_periodic,0.01,GPR,PE,b,parameter,0.9,0.13525588290504323,0.8497156856610631,8,1,0.17977165591583377
lv_periodic,0.01,GPR,PE,c,parameter,3.0,3.1354109152453824,0.0451369717484608,8,1,0.17977165591583377
lv_periodic,0.01,GPR,PE,d,parameter,0.8,0.8309471545934967,0.03868394324187077,8,1,0.17977165591583377
lv_periodic,0.01,GPR,PE,x1(t),state,2.0,2.611604400272855,0.30580220013642756,9,1,0.3460926115901825
lv_periodic,0.01,GPR,PE,x2(t),state,0.5,4.045254970803973,7.090509941607946,9,1,0.3460926115901825
lv_periodic,0.01,GPR,PE,a,parameter,1.5,10.272681158556649,5.848454105704433,9,1,0.3460926115901825
lv_periodic,0.01,GPR,PE,b,parameter,0.9,2.7087394197269052,2.009710466363228,9,1,0.3460926115901825
lv_periodic,0.01,GPR,PE,c,parameter,3.0,4.350423248645608,0.45014108288186944,9,1,0.3460926115901825
lv_periodic,0.01,GPR,PE,d,parameter,0.8,1.1310635174474213,0.41382939680927655,9,1,0.3460926115901825
lv_periodic,0.05,GPR,PE,x1(t),state,2.0,2.9814899280542244,0.4907449640271122,1,1,0.1995282798705608
lv_periodic,0.05,GPR,PE,x2(t),state,0.5,0.42059187550315213,0.15881624899369573,1,1,0.1995282798705608
lv_periodic,0.05,GPR,PE,a,parameter,1.5,1.1194961874029916,0.2536692083980056,1,1,0.1995282798705608
lv_periodic,0.05,GPR,PE,b,parameter,0.9,0.7430749484422611,0.17436116839748772,1,1,0.1995282798705608
lv_periodic,0.05,GPR,PE,c,parameter,3.0,4.379933031876664,0.45997767729222144,1,1,0.1995282798705608
lv_periodic,0.05,GPR,PE,d,parameter,0.8,0.949132507094452,0.1864156338680649,1,1,0.1995282798705608
lv_periodic,0.05,GPR,PE,x1(t),state,2.0,-6.110454171537559e-17,1.0,2,1,1356.1588798668306
lv_periodic,0.05,GPR,PE,x2(t),state,0.5,36540.539086056495,73080.07817211299,2,1,1356.1588798668306
lv_periodic,0.05,GPR,PE,a,parameter,1.5,0.8048578011410156,0.4634281325726563,2,1,1356.1588798668306
lv_periodic,0.05,GPR,PE,b,parameter,0.9,-0.05372454415659991,1.0596939379517776,2,1,1356.1588798668306
lv_periodic,0.05,GPR,PE,c,parameter,3.0,4.19442942585962,0.39814314195320666,2,1,1356.1588798668306
lv_periodic,0.05,GPR,PE,d,parameter,0.8,1.4323925333884975,0.7904906667356217,2,1,1356.1588798668306
lv_periodic,0.05,GPR,PE,x1(t),state,2.0,1.4864889307320317,0.25675553463398415,3,1,0.18995253662463418
lv_periodic,0.05,GPR,PE,x2(t),state,0.5,1.7584460044057573,2.5168920088115145,3,1,0.18995253662463418
lv_periodic,0.05,GPR,PE,a,parameter,1.5,1.8185588696892963,0.21237257979286417,3,1,0.18995253662463418
lv_periodic,0.05,GPR,PE,b,parameter,0.9,0.9331582166088855,0.03684246289876168,3,1,0.18995253662463418
lv_periodic,0.05,GPR,PE,c,parameter,3.0,2.9082461773814883,0.03058460753950391,3,1,0.18995253662463418
lv_periodic,0.05,GPR,PE,d,parameter,0.8,0.7425817976555532,0.07177275293055854,3,1,0.18995253662463418
lv_periodic,0.05,GPR,PE,x1(t),state,2.0,2.4211712415168054,0.2105856207584027,4,1,0.16919988214145906
lv_periodic,0.05,GPR,PE,x2(t),state,0.5,0.3833626396864249,0.23327472062715016,4,1,0.16919988214145906
lv_periodic,0.05,GPR,PE,a,parameter,1.5,1.8166756553531027,0.21111710356873514,4,1,0.16919988214145906
lv_periodic,0.05,GPR,PE,b,parameter,0.9,1.875889244865489,1.0843213831838765,4,1,0.16919988214145906
lv_periodic,0.05,GPR,PE,c,parameter,3.0,4.728305696045317,0.5761018986817724,4,1,0.16919988214145906
lv_periodic,0.05,GPR,PE,d,parameter,0.8,1.5034896932126003,0.8793621165157502,4,1,0.16919988214145906
lv_periodic,0.05,GPR,PE,x1(t),state,2.0,4.353630987054254,1.176815493527127,5,1,0.2700818012810999
lv_periodic,0.05,GPR,PE,x2(t),state,0.5,4.734535099560324,8.469070199120647,5,1,0.2700818012810999
lv_periodic,0.05,GPR,PE,a,parameter,1.5,2.458304385397028,0.6388695902646854,5,1,0.2700818012810999
lv_periodic,0.05,GPR,PE,b,parameter,0.9,1.091022430641098,0.2122471451567756,5,1,0.2700818012810999
lv_periodic,0.05,GPR,PE,c,parameter,3.0,2.340863238614104,0.2197122537952986,5,1,0.2700818012810999
lv_periodic,0.05,GPR,PE,d,parameter,0.8,0.6696331260785428,0.16295859240182162,5,1,0.2700818012810999
lv_periodic,0.05,GPR,PE,x1(t),state,2.0,4.648892891240419,1.3244464456202096,6,1,0.6159429255909856
lv_periodic,0.05,GPR,PE,x2(t),state,0.5,0.27984346952320255,0.4403130609535949,6,1,0.6159429255909856
lv_periodic,0.05,GPR,PE,a,parameter,1.5,2.491411709911371,0.6609411399409139,6,1,0.6159429255909856
lv_periodic,0.05,GPR,PE,b,parameter,0.9,3.0108126811400138,2.3453474234889042,6,1,0.6159429255909856
lv_periodic,0.05,GPR,PE,c,parameter,3.0,1.6015897069149903,0.4661367643616699,6,1,0.6159429255909856
lv_periodic,0.05,GPR,PE,d,parameter,0.8,0.20908259570882892,0.7386467553639638,6,1,0.6159429255909856
lv_periodic,0.05,GPR,PE,x1(t),state,2.0,4.00915603638396,1.00457801819198,7,1,0.29340566058113693
lv_periodic,0.05,GPR,PE,x2(t),state,0.5,0.9208847252424279,0.8417694504848559,7,1,0.29340566058113693
lv_periodic,0.05,GPR,PE,a,parameter,1.5,2.7593198169935613,0.8395465446623742,7,1,0.29340566058113693
lv_periodic,0.05,GPR,PE,b,parameter,0.9,1.1799075837224489,0.31100842635827647,7,1,0.29340566058113693
lv_periodic,0.05,GPR,PE,c,parameter,3.0,2.2408191413412717,0.2530602862195761,7,1,0.29340566058113693
lv_periodic,0.05,GPR,PE,d,parameter,0.8,0.6632033098958284,0.17099586263021452,7,1,0.29340566058113693
lv_periodic,0.05,GPR,PE,x1(t),state,2.0,7.378601651785275,2.6893008258926376,8,1,5.572447379029171
lv_periodic,0.05,GPR,PE,x2(t),state,0.5,0.2157798065805609,0.5684403868388782,8,1,5.572447379029171
lv_periodic,0.05,GPR,PE,a,parameter,1.5,1.7804980036042841,0.18699866906952275,8,1,5.572447379029171
lv_periodic,0.05,GPR,PE,b,parameter,0.9,1.4265273946867916,0.5850304385408794,8,1,5.572447379029171
lv_periodic,0.05,GPR,PE,c,parameter,3.0,0.8410566494973885,0.7196477835008706,8,1,5.572447379029171
lv_periodic,0.05,GPR,PE,d,parameter,0.8,0.020196757949298497,0.9747540525633769,8,1,5.572447379029171
lv_periodic,0.05,GPR,PE,x1(t),state,2.0,2.574660971438359e292,1.2873304857191794e292,9,1,4.27210396679701e289
lv_periodic,0.05,GPR,PE,x2(t),state,0.5,0.0,1.0,9,1,4.27210396679701e289
lv_periodic,0.05,GPR,PE,a,parameter,1.5,-45.41400889335235,31.27600592890157,9,1,4.27210396679701e289
lv_periodic,0.05,GPR,PE,b,parameter,0.9,-8.432408069245433,10.369342299161593,9,1,4.27210396679701e289
lv_periodic,0.05,GPR,PE,c,parameter,3.0,2.6756600419053527,0.10811331936488244,9,1,4.27210396679701e289
lv_periodic,0.05,GPR,PE,d,parameter,0.8,0.7168630535027662,0.10392118312154225,9,1,4.27210396679701e289
vanderpol,0.0,GPR,PE,x1(t),state,2.0,1.9999999909977284,4.501135797418954e-9,1,1,5.626806182996118e-8
vanderpol,0.0,GPR,PE,x2(t),state,0.0,9.218578999140731e-8,9.218578999140731e-8,1,1,5.626806182996118e-8
vanderpol,0.0,GPR,PE,a,parameter,1.0,0.9999995093538444,4.90646155593133e-7,1,1,5.626806182996118e-8
vanderpol,0.0,GPR,PE,b,parameter,1.0,0.9999999037220832,9.627791675015374e-8,1,1,5.626806182996118e-8
vanderpol,0.0,GPR,PE,x1(t),state,2.0,2.000000487216102,2.436080510648253e-7,1,2,1.265346906042276e-8
vanderpol,0.0,GPR,PE,x2(t),state,0.0,-1.8317592646641215e-6,1.8317592646641215e-6,1,2,1.265346906042276e-8
vanderpol,0.0,GPR,PE,a,parameter,1.0,0.9999999286214573,7.137854274308353e-8,1,2,1.265346906042276e-8
vanderpol,0.0,GPR,PE,b,parameter,1.0,1.0000003385568892,3.385568891900448e-7,1,2,1.265346906042276e-8
vanderpol,0.0,GPR,PE,x1(t),state,2.0,2.000003551913501,1.7759567505493123e-6,1,3,5.8984244158047566e-8
vanderpol,0.0,GPR,PE,x2(t),state,0.0,-8.356480175384203e-6,8.356480175384203e-6,1,3,5.8984244158047566e-8
vanderpol,0.0,GPR,PE,a,parameter,1.0,1.0000000019054411,1.905441138205788e-9,1,3,5.8984244158047566e-8
vanderpol,0.0,GPR,PE,b,parameter,1.0,0.9999991739200859,8.260799141401876e-7,1,3,5.8984244158047566e-8
vanderpol,0.0,GPR,PE,x1(t),state,2.0,2.0000000499093358,2.4954667887655546e-8,1,4,5.3933895734132405e-9
vanderpol,0.0,GPR,PE,x2(t),state,0.0,-5.207514029724342e-7,5.207514029724342e-7,1,4,5.3933895734132405e-9
vanderpol,0.0,GPR,PE,a,parameter,1.0,0.9999999316653659,6.833463406241691e-8,1,4,5.3933895734132405e-9
vanderpol,0.0,GPR,PE,b,parameter,1.0,1.0000000569114287,5.69114286808059e-8,1,4,5.3933895734132405e-9
vanderpol,0.0,GPR,PE,x1(t),state,2.0,2.0000068877846235,3.44389231177189e-6,2,1,1.3418638594907906e-7
vanderpol,0.0,GPR,PE,x2(t),state,0.0,-2.1729256358568337e-5,2.1729256358568337e-5,2,1,1.3418638594907906e-7
vanderpol,0.0,GPR,PE,a,parameter,1.0,0.9999999605312692,3.946873083915392e-8,2,1,1.3418638594907906e-7
vanderpol,0.0,GPR,PE,b,parameter,1.0,1.000002245209555,2.2452095549407858e-6,2,1,1.3418638594907906e-7
vanderpol,0.0,GPR,PE,x1(t),state,2.0,2.0000045327901983,2.2663950991486104e-6,3,1,7.314594152113154e-8
vanderpol,0.0,GPR,PE,x2(t),state,0.0,-1.0307242946873605e-5,1.0307242946873605e-5,3,1,7.314594152113154e-8
vanderpol,0.0,GPR,PE,a,parameter,1.0,1.0000004865322503,4.865322502656255e-7,3,1,7.314594152113154e-8
vanderpol,0.0,GPR,PE,b,parameter,1.0,1.0000000770807174,7.708071736445277e-8,3,1,7.314594152113154e-8
vanderpol,0.0,GPR,PE,x1(t),state,2.0,2.0000081966416143,4.0983208071665445e-6,4,1,1.086850655559509e-6
vanderpol,0.0,GPR,PE,x2(t),state,0.0,7.397346123219184e-5,7.397346123219184e-5,4,1,1.086850655559509e-6
vanderpol,0.0,GPR,PE,a,parameter,1.0,1.0000250543348252,2.5054334825247437e-5,4,1,1.086850655559509e-6
vanderpol,0.0,GPR,PE,b,parameter,1.0,0.9999940308662619,5.969133738070731e-6,4,1,1.086850655559509e-6
vanderpol,0.0,GPR,PE,x1(t),state,2.0,2.000026260180444,1.3130090221968871e-5,5,1,4.4862382834079525e-7
vanderpol,0.0,GPR,PE,x2(t),state,0.0,-6.969410265581251e-5,6.969410265581251e-5,5,1,4.4862382834079525e-7
vanderpol,0.0,GPR,PE,a,parameter,1.0,1.0000003787168188,3.7871681879408925e-7,5,1,4.4862382834079525e-7
vanderpol,0.0,GPR,PE,b,parameter,1.0,1.0000001940062144,1.9400621442677846e-7,5,1,4.4862382834079525e-7
vanderpol,0.0,GPR,PE,x1(t),state,2.0,1.9989017894777612,0.0005491052611193981,6,1,1.9242199533169362e-5
vanderpol,0.0,GPR,PE,x2(t),state,0.0,0.0030104001996626257,0.0030104001996626257,6,1,1.9242199533169362e-5
vanderpol,0.0,GPR,PE,a,parameter,1.0,1.0000014160460815,1.4160460815038078e-6,6,1,1.9242199533169362e-5
vanderpol,0.0,GPR,PE,b,parameter,1.0,0.9999872869313505,1.2713068649472525e-5,6,1,1.9242199533169362e-5
vanderpol,0.01,GPR,PE,x1(t),state,2.0,2.005603945738638,0.002801972869318936,1,1,0.0019677517506429907
vanderpol,0.01,GPR,PE,x2(t),state,0.0,-0.002018652929379362,0.002018652929379362,1,1,0.0019677517506429907
vanderpol,0.01,GPR,PE,a,parameter,1.0,1.020034359100064,0.020034359100064014,1,1,0.0019677517506429907
vanderpol,0.01,GPR,PE,b,parameter,1.0,1.0030627752173837,0.0030627752173837397,1,1,0.0019677517506429907
vanderpol,0.01,GPR,PE,x1(t),state,2.0,2.060498562038888,0.030249281019443908,2,1,0.0014058146070701867
vanderpol,0.01,GPR,PE,x2(t),state,0.0,-0.19856683433946162,0.19856683433946162,2,1,0.0014058146070701867
vanderpol,0.01,GPR,PE,a,parameter,1.0,1.0025118251322094,0.0025118251322093776,2,1,0.0014058146070701867
vanderpol,0.01,GPR,PE,b,parameter,1.0,1.0254677813786748,0.02546778137867478,2,1,0.0014058146070701867
vanderpol,0.01,GPR,PE,x1(t),state,2.0,1.6810543198947696,0.1594728400526152,3,1,0.00602541462099201
vanderpol,0.01,GPR,PE,x2(t),state,0.0,0.7026483327075286,0.7026483327075286,3,1,0.00602541462099201
vanderpol,0.01,GPR,PE,a,parameter,1.0,0.9883275473041941,0.011672452695805857,3,1,0.00602541462099201
vanderpol,0.01,GPR,PE,b,parameter,1.0,0.8747193879595507,0.12528061204044927,3,1,0.00602541462099201
vanderpol,0.01,GPR,PE,x1(t),state,2.0,2.372909479426262,0.1864547397131311,4,1,0.006550175710354452
vanderpol,0.01,GPR,PE,x2(t),state,0.0,-1.2041674034018428,1.2041674034018428,4,1,0.006550175710354452
vanderpol,0.01,GPR,PE,a,parameter,1.0,1.0168731639485482,0.01687316394854821,4,1,0.006550175710354452
vanderpol,0.01,GPR,PE,b,parameter,1.0,0.9905115494687606,0.009488450531239367,4,1,0.006550175710354452
vanderpol,0.01,GPR,PE,x1(t),state,2.0,1.657876624214163,0.17106168789291853,5,1,0.005409930706943993
vanderpol,0.01,GPR,PE,x2(t),state,0.0,0.6175461587896247,0.6175461587896247,5,1,0.005409930706943993
vanderpol,0.01,GPR,PE,a,parameter,1.0,0.9809534321580966,0.019046567841903395,5,1,0.005409930706943993
vanderpol,0.01,GPR,PE,b,parameter,1.0,1.0191254448939358,0.01912544489393575,5,1,0.005409930706943993
vanderpol,0.01,GPR,PE,x1(t),state,2.0,0.16143418183037045,0.9192829090848148,6,1,0.03610505718180005
vanderpol,0.01,GPR,PE,x2(t),state,0.0,0.9151658251566094,0.9151658251566094,6,1,0.03610505718180005
vanderpol,0.01,GPR,PE,a,parameter,1.0,1.4788770646060925,0.4788770646060925,6,1,0.03610505718180005
vanderpol,0.01,GPR,PE,b,parameter,1.0,2.244431012254897,1.2444310122548972,6,1,0.03610505718180005
vanderpol,0.01,GPR,PE,x1(t),state,2.0,2.0917545235885755,0.04587726179428775,7,1,0.0016819657629242736
vanderpol,0.01,GPR,PE,x2(t),state,0.0,-0.1817105244566837,0.1817105244566837,7,1,0.0016819657629242736
vanderpol,0.01,GPR,PE,a,parameter,1.0,1.0150721515372272,0.015072151537227185,7,1,0.0016819657629242736
vanderpol,0.01,GPR,PE,b,parameter,1.0,0.9941860512633152,0.0058139487366848375,7,1,0.0016819657629242736
vanderpol,0.01,GPR,PE,x1(t),state,2.0,1.183645775747704,0.40817711212614805,8,1,0.013364572182469716
vanderpol,0.01,GPR,PE,x2(t),state,0.0,0.9890396628781206,0.9890396628781206,8,1,0.013364572182469716
vanderpol,0.01,GPR,PE,a,parameter,1.0,0.99656149766466,0.0034385023353400435,8,1,0.013364572182469716
vanderpol,0.01,GPR,PE,b,parameter,1.0,0.9836314910942296,0.01636850890577035,8,1,0.013364572182469716
vanderpol,0.01,GPR,PE,x1(t),state,2.0,0.8085767178536836,0.5957116410731582,9,1,0.0205155231574637
vanderpol,0.01,GPR,PE,x2(t),state,0.0,0.7443538856986885,0.7443538856986885,9,1,0.0205155231574637
vanderpol,0.01,GPR,PE,a,parameter,1.0,0.9654126071510757,0.034587392848924314,9,1,0.0205155231574637
vanderpol,0.01,GPR,PE,b,parameter,1.0,0.9831043314068185,0.01689566859318148,9,1,0.0205155231574637
vanderpol,0.05,GPR,PE,x1(t),state,2.0,2.0207861024765688,0.010393051238284379,1,1,0.003411447967737015
vanderpol,0.05,GPR,PE,x2(t),state,0.0,-0.03226216638893898,0.03226216638893898,1,1,0.003411447967737015
vanderpol,0.05,GPR,PE,a,parameter,1.0,0.9998215286568224,0.00017847134317761082,1,1,0.003411447967737015
vanderpol,0.05,GPR,PE,b,parameter,1.0,0.9863092587365833,0.01369074126341674,1,1,0.003411447967737015
vanderpol,0.05,GPR,PE,x1(t),state,2.0,1.9845257125843438,0.007737143707828076,2,1,0.004139849920668491
vanderpol,0.05,GPR,PE,x2(t),state,0.0,0.060831524477125073,0.060831524477125073,2,1,0.004139849920668491
vanderpol,0.05,GPR,PE,a,parameter,1.0,1.023101481537279,0.02310148153727898,2,1,0.004139849920668491
vanderpol,0.05,GPR,PE,b,parameter,1.0,0.9865610292156957,0.013438970784304338,2,1,0.004139849920668491
vanderpol,0.05,GPR,PE,x1(t),state,2.0,2.1406042958485103,0.07030214792425515,3,1,0.005678010937720278
vanderpol,0.05,GPR,PE,x2(t),state,0.0,-0.6675919757502168,0.6675919757502168,3,1,0.005678010937720278
vanderpol,0.05,GPR,PE,a,parameter,1.0,0.9669251352549624,0.033074864745037624,3,1,0.005678010937720278
vanderpol,0.05,GPR,PE,b,parameter,1.0,1.0906554437825773,0.09065544378257728,3,1,0.005678010937720278
vanderpol,0.05,GPR,PE,x1(t),state,2.0,3.765227007888736,0.8826135039443681,4,1,0.03955832727504128
vanderpol,0.05,GPR,PE,x2(t),state,0.0,-12.14200484127072,12.14200484127072,4,1,0.03955832727504128
vanderpol,0.05,GPR,PE,a,parameter,1.0,1.0176624116954347,0.0176624116954347,4,1,0.03955832727504128
vanderpol,0.05,GPR,PE,b,parameter,1.0,0.9604823306197757,0.039517669380224274,4,1,0.03955832727504128
vanderpol,0.05,GPR,PE,x1(t),state,2.0,1.6328124039056242,0.1835937980471879,5,1,0.006954314919719276
vanderpol,0.05,GPR,PE,x2(t),state,0.0,0.6629443984532363,0.6629443984532363,5,1,0.006954314919719276
vanderpol,0.05,GPR,PE,a,parameter,1.0,0.9803995255143346,0.019600474485665376,5,1,0.006954314919719276
vanderpol,0.05,GPR,PE,b,parameter,1.0,0.936639920068399,0.06336007993160098,5,1,0.006954314919719276
vanderpol,0.05,GPR,PE,x1(t),state,2.0,-3.153410066086532,2.576705033043266,6,1,0.13843382553381808
vanderpol,0.05,GPR,PE,x2(t),state,0.0,-1.5135414421495121,1.5135414421495121,6,1,0.13843382553381808
vanderpol,0.05,GPR,PE,a,parameter,1.0,-0.2441485104001938,1.2441485104001937,6,1,0.13843382553381808
vanderpol,0.05,GPR,PE,b,parameter,1.0,-0.2518683180342936,1.2518683180342935,6,1,0.13843382553381808
vanderpol,0.05,GPR,PE,x1(t),state,2.0,1.4817134428959078,0.2591432785520461,7,1,0.009076335492849835
vanderpol,0.05,GPR,PE,x2(t),state,0.0,0.8165163454277323,0.8165163454277323,7,1,0.009076335492849835
vanderpol,0.05,GPR,PE,a,parameter,1.0,0.9883460651167003,0.011653934883299688,7,1,0.009076335492849835
vanderpol,0.05,GPR,PE,b,parameter,1.0,0.9333534155568385,0.06664658444316152,7,1,0.009076335492849835
vanderpol,0.05,GPR,PE,x1(t),state,2.0,3.0486990855365455e7,1.5243494427682728e7,8,1,1.5566335752726831e19
vanderpol,0.05,GPR,PE,x2(t),state,0.0,-9.386500458894248e21,9.386500458894248e21,8,1,1.5566335752726831e19
vanderpol,0.05,GPR,PE,a,parameter,1.0,1.0496538830887834,0.04965388308878338,8,1,1.5566335752726831e19
vanderpol,0.05,GPR,PE,b,parameter,1.0,1.0431034833559076,0.043103483355907635,8,1,1.5566335752726831e19
vanderpol,0.05,GPR,PE,x1(t),state,2.0,1.5075441245094823,0.24622793774525886,9,1,0.027694543204375737
vanderpol,0.05,GPR,PE,x2(t),state,0.0,0.9128465043722563,0.9128465043722563,9,1,0.027694543204375737
vanderpol,0.05,GPR,PE,a,parameter,1.0,0.821400249054504,0.17859975094549596,9,1,0.027694543204375737
vanderpol,0.05,GPR,PE,b,parameter,1.0,-0.6760386116605313,1.6760386116605313,9,1,0.027694543204375737
lv_periodic,0.0,aaad,PE,x1(t),state,2.0,2.0000000000082476,4.1238124026676815e-12,1,1,0.1904141624745944
lv_periodic,0.0,aaad,PE,x2(t),state,0.5,0.5000000000091624,1.8324897155252984e-11,1,1,0.1904141624745944
lv_periodic,0.0,aaad,PE,a,parameter,1.5,1.4999999999985014,9.990526924260241e-13,1,1,0.1904141624745944
lv_periodic,0.0,aaad,PE,b,parameter,0.9,0.8999999999989843,1.1286033835883952e-12,1,1,0.1904141624745944
lv_periodic,0.0,aaad,PE,c,parameter,3.0,3.000000000040177,1.3392398301448338e-11,1,1,0.1904141624745944
lv_periodic,0.0,aaad,PE,d,parameter,0.8,0.8000000000050845,6.355610482344787e-12,1,1,0.1904141624745944
lv_periodic,0.0,aaad,PE,x1(t),state,2.0,1.9999999999919367,4.0316638916237935e-12,1,2,0.1904141624739287
lv_periodic,0.0,aaad,PE,x2(t),state,0.5,0.5000000000026702,5.340394793051928e-12,1,2,0.1904141624739287
lv_periodic,0.0,aaad,PE,a,parameter,1.5,1.5000000000001947,1.2982207901283496e-13,1,2,0.1904141624739287
lv_periodic,0.0,aaad,PE,b,parameter,0.9,0.9000000000018593,2.0658783325997218e-12,1,2,0.1904141624739287
lv_periodic,0.0,aaad,PE,c,parameter,3.0,3.000000000004669,1.5563846507878527e-12,1,2,0.1904141624739287
lv_periodic,0.0,aaad,PE,d,parameter,0.8,0.800000000002503,3.1287472612717693e-12,1,2,0.1904141624739287
lv_periodic,0.0,aaad,PE,x1(t),state,2.0,2.0000000000096603,4.830136290934206e-12,1,3,0.1904141624746342
lv_periodic,0.0,aaad,PE,x2(t),state,0.5,0.49999999999519174,9.616529794698181e-12,1,3,0.1904141624746342
lv_periodic,0.0,aaad,PE,a,parameter,1.5,1.4999999999971223,1.9184653865522705e-12,1,3,0.1904141624746342
lv_periodic,0.0,aaad,PE,b,parameter,0.9,0.8999999999990127,1.097023706443502e-12,1,3,0.1904141624746342
lv_periodic,0.0,aaad,PE,c,parameter,3.0,3.0000000000011786,3.928709209806887e-13,1,3,0.1904141624746342
lv_periodic,0.0,aaad,PE,d,parameter,0.8,0.8000000000005004,6.254718964981976e-13,1,3,0.1904141624746342
lv_periodic,0.0,aaad,PE,x1(t),state,2.0,2.0000000000338054,1.6902701460708158e-11,1,4,0.19041416247553278
lv_periodic,0.0,aaad,PE,x2(t),state,0.5,0.4999999999887289,2.2542190336594103e-11,1,4,0.19041416247553278
lv_periodic,0.0,aaad,PE,a,parameter,1.5,1.4999999999936962,4.2025642225477595e-12,1,4,0.19041416247553278
lv_periodic,0.0,aaad,PE,b,parameter,0.9,0.8999999999881874,1.3125179955232448e-11,1,4,0.19041416247553278
lv_periodic,0.0,aaad,PE,c,parameter,3.0,3.0000000000020424,6.80788758700146e-13,1,4,0.19041416247553278
lv_periodic,0.0,aaad,PE,d,parameter,0.8,0.8000000000010413,1.301597718494918e-12,1,4,0.19041416247553278
lv_periodic,0.0,aaad,PE,x1(t),state,2.0,1.9999999914409587,4.279520626759847e-9,1,5,0.19041416222783644
lv_periodic,0.0,aaad,PE,x2(t),state,0.5,0.5000000036263968,7.252793698953042e-9,1,5,0.19041416222783644
lv_periodic,0.0,aaad,PE,a,parameter,1.5,1.5000000011847219,7.898145841049123e-10,1,5,0.19041416222783644
lv_periodic,0.0,aaad,PE,b,parameter,0.9,0.9000000002497427,2.7749185665331627e-10,1,5,0.19041416222783644
lv_periodic,0.0,aaad,PE,c,parameter,3.0,3.000000000056496,1.8832047032901755e-11,1,5,0.19041416222783644
lv_periodic,0.0,aaad,PE,d,parameter,0.8,0.8000000000109254,1.3656714648035972e-11,1,5,0.19041416222783644
lv_periodic,0.0,aaad,PE,x1(t),state,2.0,2.0000000001247846,6.239231353788455e-11,1,6,0.19041416247878565
lv_periodic,0.0,aaad,PE,x2(t),state,0.5,0.4999999999582536,8.349276825470042e-11,1,6,0.19041416247878565
lv_periodic,0.0,aaad,PE,a,parameter,1.5,1.4999999999898952,6.736537253952217e-12,1,6,0.19041416247878565
lv_periodic,0.0,aaad,PE,b,parameter,0.9,0.8999999999747721,2.8031034283849798e-11,1,6,0.19041416247878565
lv_periodic,0.0,aaad,PE,c,parameter,3.0,2.9999999999951634,1.612191861492344e-12,1,6,0.19041416247878565
lv_periodic,0.0,aaad,PE,d,parameter,0.8,0.7999999999981029,2.3714363805993344e-12,1,6,0.19041416247878565
lv_periodic,0.0,aaad,PE,x1(t),state,2.0,1.999999999948824,2.5587976182350758e-11,1,7,0.19041416247289047
lv_periodic,0.0,aaad,PE,x2(t),state,0.5,0.5000000000204946,4.0989212024555854e-11,1,7,0.19041416247289047
lv_periodic,0.0,aaad,PE,a,parameter,1.5,1.5000000000039677,2.6451433636035895e-12,1,7,0.19041416247289047
lv_periodic,0.0,aaad,PE,b,parameter,0.9,0.9000000000008063,8.958266227586541e-13,1,7,0.19041416247289047
lv_periodic,0.0,aaad,PE,c,parameter,3.0,3.000000000003205,1.068330609162634e-12,1,7,0.19041416247289047
lv_periodic,0.0,aaad,PE,d,parameter,0.8,0.8000000000003692,4.614364446098307e-13,1,7,0.19041416247289047
lv_periodic,0.0,aaad,PE,x1(t),state,2.0,1.9999999999634304,1.8284818104064016e-11,1,8,0.1904141624731174
lv_periodic,0.0,aaad,PE,x2(t),state,0.5,0.5000000000120911,2.4182211788570385e-11,1,8,0.1904141624731174
lv_periodic,0.0,aaad,PE,a,parameter,1.5,1.5000000000036038,2.4025226252888388e-12,1,8,0.1904141624731174
lv_periodic,0.0,aaad,PE,b,parameter,0.9,0.9000000000099448,1.1049803047866489e-11,1,8,0.1904141624731174
lv_periodic,0.0,aaad,PE,c,parameter,3.0,2.999999999996467,1.177724584522366e-12,1,8,0.1904141624731174
lv_periodic,0.0,aaad,PE,d,parameter,0.8,0.7999999999991148,1.1066147997951248e-12,1,8,0.1904141624731174
lv_periodic,0.0,aaad,PE,x1(t),state,2.0,2.033975249692087,0.016987624846043436,2,1,0.19132256621514454
lv_periodic,0.0,aaad,PE,x2(t),state,0.5,0.48732991098133943,0.025340178037321137,2,1,0.19132256621514454
lv_periodic,0.0,aaad,PE,a,parameter,1.5,1.497291962961302,0.001805358025798694,2,1,0.19132256621514454
lv_periodic,0.0,aaad,PE,b,parameter,0.9,0.8994373893823201,0.0006251229085332512,2,1,0.19132256621514454
lv_periodic,0.0,aaad,PE,c,parameter,3.0,3.0001834735837294,6.115786124312923e-5,2,1,0.19132256621514454
lv_periodic,0.0,aaad,PE,d,parameter,0.8,0.8000504417567725,6.305219596561273e-5,2,1,0.19132256621514454
lv_periodic,0.01,aaad,PE,x1(t),state,2.0,3.6288299130570856,0.8144149565285428,1,1,0.18763157226135038
lv_periodic,0.01,aaad,PE,x2(t),state,0.5,0.06649156580159603,0.8670168683968079,1,1,0.18763157226135038
lv_periodic,0.01,aaad,PE,a,parameter,1.5,0.9125072701215973,0.3916618199189352,1,1,0.18763157226135038
lv_periodic,0.01,aaad,PE,b,parameter,0.9,0.7764148585354996,0.13731682384944488,1,1,0.18763157226135038
lv_periodic,0.01,aaad,PE,c,parameter,3.0,1.6820659564123657,0.4393113478625448,1,1,0.18763157226135038
lv_periodic,0.01,aaad,PE,d,parameter,0.8,0.613715748016644,0.2328553149791951,1,1,0.18763157226135038
lv_periodic,0.01,aaad,PE,x1(t),state,2.0,0.09396893787548365,0.9530155310622582,2,1,513.8742858213865
lv_periodic,0.01,aaad,PE,x2(t),state,0.5,2.2076828840106717e-21,1.0,2,1,513.8742858213865
lv_periodic,0.01,aaad,PE,a,parameter,1.5,0.9327145957704859,0.37819026948634277,2,1,513.8742858213865
lv_periodic,0.01,aaad,PE,b,parameter,0.9,-0.29435266669394206,1.3270585185488246,2,1,513.8742858213865
lv_periodic,0.01,aaad,PE,c,parameter,3.0,-248.3525677924514,83.78418926415047,2,1,513.8742858213865
lv_periodic,0.01,aaad,PE,d,parameter,0.8,-120.53590583408149,151.66988229260184,2,1,513.8742858213865
lv_periodic,0.01,aaad,PE,x1(t),state,2.0,8.643365981677999,3.3216829908389993,3,1,0.4497858115871003
lv_periodic,0.01,aaad,PE,x2(t),state,0.5,3.8055314919615792,6.6110629839231585,3,1,0.4497858115871003
lv_periodic,0.01,aaad,PE,a,parameter,1.5,-10.653097880870837,8.10206525391389,3,1,0.4497858115871003
lv_periodic,0.01,aaad,PE,b,parameter,0.9,-2.2799972453678055,3.5333302726308946,3,1,0.4497858115871003
lv_periodic,0.01,aaad,PE,c,parameter,3.0,-13.085302803006794,5.361767601002264,3,1,0.4497858115871003
lv_periodic,0.01,aaad,PE,d,parameter,0.8,-1.7267853525487589,3.1584816906859485,3,1,0.4497858115871003
lv_periodic,0.01,aaad,PE,x1(t),state,2.0,2.714691740554802e-20,1.0,4,1,473.9995516781592
lv_periodic,0.01,aaad,PE,x2(t),state,0.5,3411.815956196895,6822.63191239379,4,1,473.9995516781592
lv_periodic,0.01,aaad,PE,a,parameter,1.5,1.0598606720010548,0.29342621866596347,4,1,473.9995516781592
lv_periodic,0.01,aaad,PE,b,parameter,0.9,-0.1732795876745764,1.1925328751939739,4,1,473.9995516781592
lv_periodic,0.01,aaad,PE,c,parameter,3.0,1.3478116452221163,0.5507294515926279,4,1,473.9995516781592
lv_periodic,0.01,aaad,PE,d,parameter,0.8,0.005143364910880183,0.9935707938613998,4,1,473.9995516781592
lv_periodic,0.01,aaad,PE,x1(t),state,2.0,46.59080211231881,22.295401056159406,5,1,1.4498277038249021
lv_periodic,0.01,aaad,PE,x2(t),state,0.5,1.5931687556961522e-17,1.0,5,1,1.4498277038249021
lv_periodic,0.01,aaad,PE,a,parameter,1.5,-0.2450309218275845,1.1633539478850563,5,1,1.4498277038249021
lv_periodic,0.01,aaad,PE,b,parameter,0.9,0.5044819840790788,0.43946446213435686,5,1,1.4498277038249021
lv_periodic,0.01,aaad,PE,c,parameter,3.0,74.01740704579083,23.672469015263612,5,1,1.4498277038249021
lv_periodic,0.01,aaad,PE,d,parameter,0.8,15.33532888410159,18.169161105126985,5,1,1.4498277038249021
lv_periodic,0.01,aaad,PE,x1(t),state,2.0,4.131920428355996e-6,0.9999979340397859,6,1,7.351338219366145
lv_periodic,0.01,aaad,PE,x2(t),state,0.5,3.1765355209767298e-18,1.0,6,1,7.351338219366145
lv_periodic,0.01,aaad,PE,a,parameter,1.5,1.3291145557231796,0.11392362951788026,6,1,7.351338219366145
lv_periodic,0.01,aaad,PE,b,parameter,0.9,0.3988748718881996,0.5568056979020005,6,1,7.351338219366145
lv_periodic,0.01,aaad,PE,c,parameter,3.0,-186.08585027215918,63.028616757386395,6,1,7.351338219366145
lv_periodic,0.01,aaad,PE,d,parameter,0.8,-80.93068286975485,102.16335358719355,6,1,7.351338219366145
lv_periodic,0.01,aaad,PE,x1(t),state,2.0,47.625444614778196,22.812722307389098,7,1,1.3032229473598012
lv_periodic,0.01,aaad,PE,x2(t),state,0.5,4.696888705935173e-19,1.0,7,1,1.3032229473598012
lv_periodic,0.01,aaad,PE,a,parameter,1.5,-0.1423067570100236,1.0948711713400157,7,1,1.3032229473598012
lv_periodic,0.01,aaad,PE,b,parameter,0.9,0.5355922095728306,0.40489754491907715,7,1,1.3032229473598012
lv_periodic,0.01,aaad,PE,c,parameter,3.0,6.236468200514942,1.0788227335049807,7,1,1.3032229473598012
lv_periodic,0.01,aaad,PE,d,parameter,0.8,1.4554182510920175,0.8192728138650218,7,1,1.3032229473598012
lv_periodic,0.01,aaad,PE,x1(t),state,2.0,0.0,1.0,8,1,1.0e15
lv_periodic,0.01,aaad,PE,x2(t),state,0.5,6.124348869393799e13,1.2248697738787498e14,8,1,1.0e15
lv_periodic,0.01,aaad,PE,a,parameter,1.5,-129.64318860882761,87.42879240588508,8,1,1.0e15
lv_periodic,0.01,aaad,PE,b,parameter,0.9,-356.10384424628165,396.670938051424,8,1,1.0e15
lv_periodic,0.01,aaad,PE,c,parameter,3.0,2.4621899547481796,0.17927001508394014,8,1,1.0e15
lv_periodic,0.01,aaad,PE,d,parameter,0.8,0.611073610934247,0.23615798633219137,8,1,1.0e15
lv_periodic,0.01,aaad,PE,x1(t),state,2.0,3.7766540559187933,0.8883270279593967,9,1,2.789558866948587
lv_periodic,0.01,aaad,PE,x2(t),state,0.5,3.706620888836087,6.413241777672174,9,1,2.789558866948587
lv_periodic,0.01,aaad,PE,a,parameter,1.5,23.129402662201535,14.419601774801023,9,1,2.789558866948587
lv_periodic,0.01,aaad,PE,b,parameter,0.9,5.4630682859505555,5.070075873278395,9,1,2.789558866948587
lv_periodic,0.01,aaad,PE,c,parameter,3.0,1.01236326848435,0.6625455771718833,9,1,2.789558866948587
lv_periodic,0.01,aaad,PE,d,parameter,0.8,0.35012221018215567,0.5623472372723054,9,1,2.789558866948587
lv_periodic,0.05,aaad,PE,x1(t),state,2.0,37.83408273994752,17.91704136997376,1,1,0.19929392924479075
lv_periodic,0.05,aaad,PE,x2(t),state,0.5,6.8615815366873,12.7231630733746,1,1,0.19929392924479075
lv_periodic,0.05,aaad,PE,a,parameter,1.5,-7.976645313400869,6.3177635422672465,1,1,0.19929392924479075
lv_periodic,0.05,aaad,PE,b,parameter,0.9,-1.833775006491148,3.0375277849901643,1,1,0.19929392924479075
lv_periodic,0.05,aaad,PE,c,parameter,3.0,-5.518545857025785,2.8395152856752617,1,1,0.19929392924479075
lv_periodic,0.05,aaad,PE,d,parameter,0.8,-0.27902706459890997,1.3487838307486373,1,1,0.19929392924479075
lv_periodic,0.05,aaad,PE,x1(t),state,2.0,0.09239578426176974,0.9538021078691151,2,1,524.1772841022641
lv_periodic,0.05,aaad,PE,x2(t),state,0.5,9.618700580687325e-17,0.9999999999999998,2,1,524.1772841022641
lv_periodic,0.05,aaad,PE,a,parameter,1.5,0.93524783255638,0.37650144496241333,2,1,524.1772841022641
lv_periodic,0.05,aaad,PE,b,parameter,0.9,-0.6259780925781266,1.6955312139756964,2,1,524.1772841022641
lv_periodic,0.05,aaad,PE,c,parameter,3.0,-995.2521635045099,332.75072116816995,2,1,524.1772841022641
lv_periodic,0.05,aaad,PE,d,parameter,0.8,-490.31354205346645,613.891927566833,2,1,524.1772841022641
lv_periodic,0.05,aaad,PE,x1(t),state,2.0,6.707643834517401,2.3538219172587005,3,1,0.3270412585927897
lv_periodic,0.05,aaad,PE,x2(t),state,0.5,3.021061629817874,5.042123259635748,3,1,0.3270412585927897
lv_periodic,0.05,aaad,PE,a,parameter,1.5,2.4661917432792975,0.644127828852865,3,1,0.3270412585927897
lv_periodic,0.05,aaad,PE,b,parameter,0.9,0.7323442301285871,0.18628418874601438,3,1,0.3270412585927897
lv_periodic,0.05,aaad,PE,c,parameter,3.0,33.86008991430919,10.286696638103065,3,1,0.3270412585927897
lv_periodic,0.05,aaad,PE,d,parameter,0.8,5.4471069089784665,5.808883636223083,3,1,0.3270412585927897
lv_periodic,0.05,aaad,PE,x1(t),state,2.0,2.9264146896854086e303,1.4632073448427043e303,4,1,1.0e15
lv_periodic,0.05,aaad,PE,x2(t),state,0.5,0.0,1.0,4,1,1.0e15
lv_periodic,0.05,aaad,PE,a,parameter,1.5,-7096.5417608554935,4732.027840570329,4,1,1.0e15
lv_periodic,0.05,aaad,PE,b,parameter,0.9,-16819.679648795915,18689.532943106573,4,1,1.0e15
lv_periodic,0.05,aaad,PE,c,parameter,3.0,7.943477612797283,1.6478258709324276,4,1,1.0e15
lv_periodic,0.05,aaad,PE,d,parameter,0.8,4.833064996667893,5.041331245834867,4,1,1.0e15
lv_periodic,0.05,aaad,PE,x1(t),state,2.0,1.1203036144121058e10,5.601518071060529e9,5,1,3.2734783263851177e7
lv_periodic,0.05,aaad,PE,x2(t),state,0.5,0.0,1.0,5,1,3.2734783263851177e7
lv_periodic,0.05,aaad,PE,a,parameter,1.5,-2.5919015968983556,2.7279343979322372,5,1,3.2734783263851177e7
lv_periodic,0.05,aaad,PE,b,parameter,0.9,-0.0977185043705291,1.1085761159672545,5,1,3.2734783263851177e7
lv_periodic,0.05,aaad,PE,c,parameter,3.0,461.71755065274203,152.90585021758068,5,1,3.2734783263851177e7
lv_periodic,0.05,aaad,PE,d,parameter,0.8,93.73043778291957,116.16304722864946,5,1,3.2734783263851177e7
lv_periodic,0.05,aaad,PE,x1(t),state,2.0,3.854945379742304e-46,1.0,6,1,0.15999231952156112
lv_periodic,0.05,aaad,PE,x2(t),state,0.5,2.3018693402916722e-21,1.0,6,1,0.15999231952156112
lv_periodic,0.05,aaad,PE,a,parameter,1.5,419.68542784424653,278.79028522949767,6,1,0.15999231952156112
lv_periodic,0.05,aaad,PE,b,parameter,0.9,982.7134571555813,1090.9038412839793,6,1,0.15999231952156112
lv_periodic,0.05,aaad,PE,c,parameter,3.0,-20.6937051129079,7.897901704302633,6,1,0.15999231952156112
lv_periodic,0.05,aaad,PE,d,parameter,0.8,-9.041547807727824,12.30193475965978,6,1,0.15999231952156112
lv_periodic,0.05,aaad,PE,x1(t),state,2.0,0.22745361416807935,0.8862731929159603,7,1,0.18516810425969274
lv_periodic,0.05,aaad,PE,x2(t),state,0.5,1.2133394750911768,1.4266789501823536,7,1,0.18516810425969274
lv_periodic,0.05,aaad,PE,a,parameter,1.5,1.3173081587265876,0.12179456084894162,7,1,0.18516810425969274
lv_periodic,0.05,aaad,PE,b,parameter,0.9,0.8369852544816255,0.070016383909305,7,1,0.18516810425969274
lv_periodic,0.05,aaad,PE,c,parameter,3.0,0.9367718424039917,0.6877427191986695,7,1,0.18516810425969274
lv_periodic,0.05,aaad,PE,d,parameter,0.8,0.3899373204223522,0.5125783494720598,7,1,0.18516810425969274
lv_periodic,0.05,aaad,PE,x1(t),state,2.0,2.072135828105881,0.03606791405294052,8,1,1.0e15
lv_periodic,0.05,aaad,PE,x2(t),state,0.5,0.34321201238132404,0.3135759752373519,8,1,1.0e15
lv_periodic,0.05,aaad,PE,a,parameter,1.5,3529.4412352565073,2351.9608235043384,8,1,1.0e15
lv_periodic,0.05,aaad,PE,b,parameter,0.9,10333.499692393656,11480.66632488184,8,1,1.0e15
lv_periodic,0.05,aaad,PE,c,parameter,3.0,7.127507226202892,1.3758357420676306,8,1,1.0e15
lv_periodic,0.05,aaad,PE,d,parameter,0.8,3.11839384522098,2.8979923065262247,8,1,1.0e15
lv_periodic,0.05,aaad,PE,x1(t),state,2.0,1.4580161954382556,0.2709919022808722,9,1,0.7753157540818284
lv_periodic,0.05,aaad,PE,x2(t),state,0.5,3.4236853779083765,5.847370755816753,9,1,0.7753157540818284
lv_periodic,0.05,aaad,PE,a,parameter,1.5,13.883838463431298,8.255892308954198,9,1,0.7753157540818284
lv_periodic,0.05,aaad,PE,b,parameter,0.9,3.404039034372995,2.7822655937477725,9,1,0.7753157540818284
lv_periodic,0.05,aaad,PE,c,parameter,3.0,1.7660681314667737,0.4113106228444088,9,1,0.7753157540818284
lv_periodic,0.05,aaad,PE,d,parameter,0.8,0.6505018224873108,0.18687272189086154,9,1,0.7753157540818284
vanderpol,0.0,aaad,PE,x1(t),state,2.0,1.9999999999997056,1.4721557306529576e-13,1,1,1.5635619865838025e-13
vanderpol,0.0,aaad,PE,x2(t),state,0.0,1.7877844718739635e-13,1.7877844718739635e-13,1,1,1.5635619865838025e-13
vanderpol,0.0,aaad,PE,a,parameter,1.0,0.9999999999984837,1.5163426070330388e-12,1,1,1.5635619865838025e-13
vanderpol,0.0,aaad,PE,b,parameter,1.0,0.9999999999999224,7.760458942129844e-14,1,1,1.5635619865838025e-13
vanderpol,0.0,aaad,PE,x1(t),state,2.0,1.9999999999988494,5.753175713607561e-13,1,2,3.378296323945194e-14
vanderpol,0.0,aaad,PE,x2(t),state,0.0,3.14891125399845e-12,3.14891125399845e-12,1,2,3.378296323945194e-14
vanderpol,0.0,aaad,PE,a,parameter,1.0,0.999999999999668,3.319566843629218e-13,1,2,3.378296323945194e-14
vanderpol,0.0,aaad,PE,b,parameter,1.0,0.9999999999996231,3.7692071686024065e-13,1,2,3.378296323945194e-14
vanderpol,0.0,aaad,PE,x1(t),state,2.0,1.9999999999902944,4.852784840636559e-12,1,3,1.8460439854537364e-13
vanderpol,0.0,aaad,PE,x2(t),state,0.0,2.938170302852668e-11,2.938170302852668e-11,1,3,1.8460439854537364e-13
vanderpol,0.0,aaad,PE,a,parameter,1.0,0.9999999999997512,2.488009798184976e-13,1,3,1.8460439854537364e-13
vanderpol,0.0,aaad,PE,b,parameter,1.0,0.9999999999972887,2.7112756484370948e-12,1,3,1.8460439854537364e-13
vanderpol,0.0,aaad,PE,x1(t),state,2.0,2.0000000000004947,2.473576898864849e-13,1,4,1.2414582787766739e-14
vanderpol,0.0,aaad,PE,x2(t),state,0.0,-9.941794530402337e-13,9.941794530402337e-13,1,4,1.2414582787766739e-14
vanderpol,0.0,aaad,PE,a,parameter,1.0,0.9999999999998592,1.4077627952246985e-13,1,4,1.2414582787766739e-14
vanderpol,0.0,aaad,PE,b,parameter,1.0,0.9999999999994763,5.236922007156863e-13,1,4,1.2414582787766739e-14
vanderpol,0.0,aaad,PE,x1(t),state,2.0,1.9999999999963989,1.8005597013370789e-12,1,5,6.33313288484205e-14
vanderpol,0.0,aaad,PE,x2(t),state,0.0,9.441188685454172e-12,9.441188685454172e-12,1,5,6.33313288484205e-14
vanderpol,0.0,aaad,PE,a,parameter,1.0,1.0000000000002411,2.41140440948584e-13,1,5,6.33313288484205e-14
vanderpol,0.0,aaad,PE,b,parameter,1.0,1.0000000000008424,8.424372310855688e-13,1,5,6.33313288484205e-14
vanderpol,0.0,aaad,PE,x1(t),state,2.0,1.9999999999900482,4.975908574067489e-12,1,6,1.233388204640582e-12
vanderpol,0.0,aaad,PE,x2(t),state,0.0,-8.244394851374901e-11,8.244394851374901e-11,1,6,1.233388204640582e-12
vanderpol,0.0,aaad,PE,a,parameter,1.0,0.9999999999714795,2.8520519279595646e-11,1,6,1.233388204640582e-12
vanderpol,0.0,aaad,PE,b,parameter,1.0,1.0000000000066234,6.623368520308759e-12,1,6,1.233388204640582e-12
vanderpol,0.0,aaad,PE,x1(t),state,2.0,1.9999999999962559,1.872058064122939e-12,1,7,6.090716963918663e-14
vanderpol,0.0,aaad,PE,x2(t),state,0.0,8.877576665439621e-12,8.877576665439621e-12,1,7,6.090716963918663e-14
vanderpol,0.0,aaad,PE,a,parameter,1.0,0.9999999999996745,3.255173908200959e-13,1,7,6.090716963918663e-14
vanderpol,0.0,aaad,PE,b,parameter,1.0,0.9999999999999301,6.994405055138486e-14,1,7,6.090716963918663e-14
vanderpol,0.0,aaad,PE,x1(t),state,2.0,2.0000000000302447,1.5122347818419257e-11,1,8,5.157234341166232e-13
vanderpol,0.0,aaad,PE,x2(t),state,0.0,-8.002673406422718e-11,8.002673406422718e-11,1,8,5.157234341166232e-13
vanderpol,0.0,aaad,PE,a,parameter,1.0,1.0000000000005418,5.417888360170764e-13,1,8,5.157234341166232e-13
vanderpol,0.0,aaad,PE,b,parameter,1.0,1.0000000000003222,3.2218672174622043e-13,1,8,5.157234341166232e-13
vanderpol,0.0,aaad,PE,x1(t),state,2.0,2.0000000102499342,5.124967117353663e-9,1,9,1.791498967088561e-10
vanderpol,0.0,aaad,PE,x2(t),state,0.0,-2.8036613823223325e-8,2.8036613823223325e-8,1,9,1.791498967088561e-10
vanderpol,0.0,aaad,PE,a,parameter,1.0,0.999999999996349,3.650968416479827e-12,1,9,1.791498967088561e-10
vanderpol,0.0,aaad,PE,b,parameter,1.0,1.0000000001052003,1.0520029292138133e-10,1,9,1.791498967088561e-10
vanderpol,0.01,aaad,PE,x1(t),state,2.0,1.9639551607081243,0.01802241964593787,1,1,0.029567782723841946
vanderpol,0.01,aaad,PE,x2(t),state,0.0,0.03397463244230314,0.03397463244230314,1,1,0.029567782723841946
vanderpol,0.01,aaad,PE,a,parameter,1.0,0.7575818796022746,0.24241812039772537,1,1,0.029567782723841946
vanderpol,0.01,aaad,PE,b,parameter,1.0,0.9702087127972536,0.029791287202746375,1,1,0.029567782723841946
vanderpol,0.01,aaad,PE,x1(t),state,2.0,2.545128434616301,0.2725642173081504,2,1,0.04086058802192889
vanderpol,0.01,aaad,PE,x2(t),state,0.0,-6.12537957817112,6.12537957817112,2,1,0.04086058802192889
vanderpol,0.01,aaad,PE,a,parameter,1.0,0.6729636973923411,0.3270363026076589,2,1,0.04086058802192889
vanderpol,0.01,aaad,PE,b,parameter,1.0,1.4346858809216616,0.4346858809216616,2,1,0.04086058802192889
vanderpol,0.01,aaad,PE,x1(t),state,2.0,1.8050901742925357e7,9.025449871462679e6,3,1,8.296699422892487e18
vanderpol,0.01,aaad,PE,x2(t),state,0.0,-5.002909752004152e21,5.002909752004152e21,3,1,8.296699422892487e18
vanderpol,0.01,aaad,PE,a,parameter,1.0,1.186926843560262,0.186926843560262,3,1,8.296699422892487e18
vanderpol,0.01,aaad,PE,b,parameter,1.0,3.028803989951556,2.028803989951556,3,1,8.296699422892487e18
vanderpol,0.01,aaad,PE,x1(t),state,2.0,1.4087110666519513,0.29564446667402433,4,1,0.009541612992656432
vanderpol,0.01,aaad,PE,x2(t),state,0.0,0.9128802873333608,0.9128802873333608,4,1,0.009541612992656432
vanderpol,0.01,aaad,PE,a,parameter,1.0,1.0164395517858225,0.01643955178582246,4,1,0.009541612992656432
vanderpol,0.01,aaad,PE,b,parameter,1.0,1.1948632859477675,0.19486328594776747,4,1,0.009541612992656432
vanderpol,0.01,aaad,PE,x1(t),state,2.0,1.9428722471434668e7,9.714360235717334e6,5,1,2.3388223418378593e18
vanderpol,0.01,aaad,PE,x2(t),state,0.0,-1.41030987212821e21,1.41030987212821e21,5,1,2.3388223418378593e18
vanderpol,0.01,aaad,PE,a,parameter,1.0,2.186543314793579,1.186543314793579,5,1,2.3388223418378593e18
vanderpol,0.01,aaad,PE,b,parameter,1.0,1.2614241801937138,0.26142418019371383,5,1,2.3388223418378593e18
vanderpol,0.01,aaad,PE,x1(t),state,2.0,1.742840607305406,0.12857969634729705,6,1,0.07723073932979373
vanderpol,0.01,aaad,PE,x2(t),state,0.0,0.04807116389041775,0.04807116389041775,6,1,0.07723073932979373
vanderpol,0.01,aaad,PE,a,parameter,1.0,400.8983752460992,399.8983752460992,6,1,0.07723073932979373
vanderpol,0.01,aaad,PE,b,parameter,1.0,-0.13912632356807733,1.1391263235680773,6,1,0.07723073932979373
vanderpol,0.01,aaad,PE,x1(t),state,2.0,1.5064707602990053,0.24676461985049736,7,1,0.017341540809324225
vanderpol,0.01,aaad,PE,x2(t),state,0.0,1.1191015266660977,1.1191015266660977,7,1,0.017341540809324225
vanderpol,0.01,aaad,PE,a,parameter,1.0,1.1131644191462613,0.1131644191462613,7,1,0.017341540809324225
vanderpol,0.01,aaad,PE,b,parameter,1.0,0.1270536051654778,0.8729463948345222,7,1,0.017341540809324225
vanderpol,0.01,aaad,PE,x1(t),state,2.0,0.4073889809972744,0.7963055095013628,8,1,0.033743334459133946
vanderpol,0.01,aaad,PE,x2(t),state,0.0,-0.2242675972585647,0.2242675972585647,8,1,0.033743334459133946
vanderpol,0.01,aaad,PE,a,parameter,1.0,0.40094548695412463,0.5990545130458753,8,1,0.033743334459133946
vanderpol,0.01,aaad,PE,b,parameter,1.0,1.1206515266578683,0.12065152665786827,8,1,0.033743334459133946
vanderpol,0.01,aaad,PE,x1(t),state,2.0,-1.2450469018623875e6,622524.4509311938,9,1,2.2578261899749824e16
vanderpol,0.01,aaad,PE,x2(t),state,0.0,1.3614691925547899e19,1.3614691925547899e19,9,1,2.2578261899749824e16
vanderpol,0.01,aaad,PE,a,parameter,1.0,3.6676771956385266,2.6676771956385266,9,1,2.2578261899749824e16
vanderpol,0.01,aaad,PE,b,parameter,1.0,77.61810623760364,76.61810623760364,9,1,2.2578261899749824e16
vanderpol,0.05,aaad,PE,x1(t),state,2.0,0.564733635583704,0.717633182208148,1,1,0.1762513311451899
vanderpol,0.05,aaad,PE,x2(t),state,0.0,-0.10704918375596542,0.10704918375596542,1,1,0.1762513311451899
vanderpol,0.05,aaad,PE,a,parameter,1.0,-7.024381842251172,8.024381842251172,1,1,0.1762513311451899
vanderpol,0.05,aaad,PE,b,parameter,1.0,1.185867381709096,0.1858673817090959,1,1,0.1762513311451899
vanderpol,0.05,aaad,PE,x1(t),state,2.0,1.3926299690229462,0.3036850154885269,2,1,0.07776189354048665
vanderpol,0.05,aaad,PE,x2(t),state,0.0,0.030410860932037053,0.030410860932037053,2,1,0.07776189354048665
vanderpol,0.05,aaad,PE,a,parameter,1.0,0.7842410439007009,0.21575895609929907,2,1,0.07776189354048665
vanderpol,0.05,aaad,PE,b,parameter,1.0,-48.69020926182809,49.69020926182809,2,1,0.07776189354048665
vanderpol,0.05,aaad,PE,x1(t),state,2.0,0.6914737673266584,0.6542631163366708,3,1,0.08506964174204813
vanderpol,0.05,aaad,PE,x2(t),state,0.0,0.12927693323013725,0.12927693323013725,3,1,0.08506964174204813
vanderpol,0.05,aaad,PE,a,parameter,1.0,-1.2275484905242624,2.2275484905242626,3,1,0.08506964174204813
vanderpol,0.05,aaad,PE,b,parameter,1.0,9.20886877933171,8.20886877933171,3,1,0.08506964174204813
vanderpol,0.05,aaad,PE,x1(t),state,2.0,3.83491502009265e7,1.917457410046325e7,4,1,3.665586148096219e19
vanderpol,0.05,aaad,PE,x2(t),state,0.0,-2.210348447302016e22,2.210348447302016e22,4,1,3.665586148096219e19
vanderpol,0.05,aaad,PE,a,parameter,1.0,1.13326506719105,0.13326506719105002,4,1,3.665586148096219e19
vanderpol,0.05,aaad,PE,b,parameter,1.0,1.3324357162430118,0.3324357162430118,4,1,3.665586148096219e19
vanderpol,0.05,aaad,PE,x1(t),state,2.0,0.9260406577150503,0.5369796711424748,5,1,0.045969861357747305
vanderpol,0.05,aaad,PE,x2(t),state,0.0,-1.4023278075989394,1.4023278075989394,5,1,0.045969861357747305
vanderpol,0.05,aaad,PE,a,parameter,1.0,0.34106837023625924,0.6589316297637408,5,1,0.045969861357747305
vanderpol,0.05,aaad,PE,b,parameter,1.0,0.4192017638440798,0.5807982361559202,5,1,0.045969861357747305
vanderpol,0.05,aaad,PE,x1(t),state,2.0,0.772628444764048,0.613685777617976,6,1,0.0745234554547101
vanderpol,0.05,aaad,PE,x2(t),state,0.0,0.014660573966398338,0.014660573966398338,6,1,0.0745234554547101
vanderpol,0.05,aaad,PE,a,parameter,1.0,398.7674330591869,397.7674330591869,6,1,0.0745234554547101
vanderpol,0.05,aaad,PE,b,parameter,1.0,1.2486324772498127,0.24863247724981274,6,1,0.0745234554547101
vanderpol,0.05,aaad,PE,x1(t),state,2.0,1.7559129528813962e7,8.779563764406981e6,7,1,3.1705407556376224e17
vanderpol,0.05,aaad,PE,x2(t),state,0.0,-1.9118360756493107e20,1.9118360756493107e20,7,1,3.1705407556376224e17
vanderpol,0.05,aaad,PE,a,parameter,1.0,7.343897346244126,6.343897346244126,7,1,3.1705407556376224e17
vanderpol,0.05,aaad,PE,b,parameter,1.0,0.7780178428990902,0.22198215710090985,7,1,3.1705407556376224e17
vanderpol,0.05,aaad,PE,x1(t),state,2.0,-1.483104954382609e7,7.415525771913045e6,8,1,5.995462947642465e17
vanderpol,0.05,aaad,PE,x2(t),state,0.0,3.6152641574282586e20,3.6152641574282586e20,8,1,5.995462947642465e17
vanderpol,0.05,aaad,PE,a,parameter,1.0,3.2745867155378963,2.2745867155378963,8,1,5.995462947642465e17
vanderpol,0.05,aaad,PE,b,parameter,1.0,1.0886847231889074,0.08868472318890741,8,1,5.995462947642465e17
vanderpol,0.05,aaad,PE,x1(t),state,2.0,-9.388542432317482e6,4.694272216158741e6,9,1,1.910502301709086e18
vanderpol,0.05,aaad,PE,x2(t),state,0.0,-1.1520328879305695e21,1.1520328879305695e21,9,1,1.910502301709086e18
vanderpol,0.05,aaad,PE,a,parameter,1.0,-1.3311657872892373,2.3311657872892373,9,1,1.910502301709086e18
vanderpol,0.05,aaad,PE,b,parameter,1.0,5.559346699279901,4.559346699279901,9,1,1.910502301709086e18
lv_periodic,0.0,N/A,Opt,x1(t),state,2.0,2.0,0.0,1,1,Inf
lv_periodic,0.0,N/A,Opt,x2(t),state,0.5,0.5,0.0,1,1,Inf
lv_periodic,0.0,N/A,Opt,a,parameter,1.5,1.6007932933284477,0.06719552888563178,1,1,Inf
lv_periodic,0.0,N/A,Opt,d,parameter,0.8,0.7263766398196677,0.09202920022541541,1,1,Inf
lv_periodic,0.0,N/A,Opt,b,parameter,0.9,0.899959011064426,4.5543261748918575e-5,1,1,Inf
lv_periodic,0.0,N/A,Opt,c,parameter,3.0,3.1260129244600683,0.042004308153356096,1,1,Inf
lv_periodic,0.01,N/A,Opt,x1(t),state,2.0,2.0,0.0,1,1,Inf
lv_periodic,0.01,N/A,Opt,x2(t),state,0.5,0.5,0.0,1,1,Inf
lv_periodic,0.01,N/A,Opt,a,parameter,1.5,1.464865505042524,0.02342299663831726,1,1,Inf
lv_periodic,0.01,N/A,Opt,d,parameter,0.8,0.8164882449051419,0.020610306131427364,1,1,Inf
lv_periodic,0.01,N/A,Opt,b,parameter,0.9,0.8626060324184841,0.04154885286835102,1,1,Inf
lv_periodic,0.01,N/A,Opt,c,parameter,3.0,3.0264681106406486,0.00882270354688286,1,1,Inf
lv_periodic,0.05,N/A,Opt,x1(t),state,2.0,2.0,0.0,1,1,Inf
lv_periodic,0.05,N/A,Opt,x2(t),state,0.5,0.5,0.0,1,1,Inf
lv_periodic,0.05,N/A,Opt,a,parameter,1.5,1.4096807990794562,0.06021280061369586,1,1,Inf
lv_periodic,0.05,N/A,Opt,d,parameter,0.8,0.8023240987094123,0.002905123386765379,1,1,Inf
lv_periodic,0.05,N/A,Opt,b,parameter,0.9,0.8778101882176346,0.024655346424850504,1,1,Inf
lv_periodic,0.05,N/A,Opt,c,parameter,3.0,2.827252104191372,0.05758263193620931,1,1,Inf
vanderpol,0.0,N/A,Opt,x1(t),state,2.0,2.0,0.0,1,1,Inf
vanderpol,0.0,N/A,Opt,x2(t),state,0.0,0.0,0.0,1,1,Inf
vanderpol,0.0,N/A,Opt,a,parameter,1.0,1.1978573783468132,0.19785737834681316,1,1,Inf
vanderpol,0.0,N/A,Opt,b,parameter,1.0,0.9545112969927039,0.04548870300729613,1,1,Inf
vanderpol,0.01,N/A,Opt,x1(t),state,2.0,2.0,0.0,1,1,Inf
vanderpol,0.01,N/A,Opt,x2(t),state,0.0,0.0,0.0,1,1,Inf
vanderpol,0.01,N/A,Opt,a,parameter,1.0,1.0098056968024902,0.009805696802490216,1,1,Inf
vanderpol,0.01,N/A,Opt,b,parameter,1.0,1.0705315711944825,0.0705315711944825,1,1,Inf
vanderpol,0.05,N/A,Opt,x1(t),state,2.0,2.0,0.0,1,1,Inf
vanderpol,0.05,N/A,Opt,x2(t),state,0.0,0.0,0.0,1,1,Inf
vanderpol,0.05,N/A,Opt,a,parameter,1.0,0.9551225222218357,0.04487747777816431,1,1,Inf
vanderpol,0.05,N/A,Opt,b,parameter,1.0,0.8680015256379127,0.13199847436208734,1,1,Inf
