case_id	system	comparison_run	config_key	config_label	phase	method	lambda	delta	tol_profile	status	reason	research_analysis_mode	raw_candidate_count	imported_best_benchmark_rmse	analyzed_input_best_benchmark_rmse	analyzed_input_selected_benchmark_rmse	saved_amigo_rmse	saved_nopolish_rmse	saved_polish_rmse	selected_benchmark_rmse	selected_benchmark_max_rel_err	best_benchmark_rmse	best_benchmark_max_rel_err	selected_local_rel_rmse	best_local_rel_rmse	runtime_seconds
crauste_5_1em4	crauste	6	scalar_log_control	Scalar log-space λ=0	control	scalar_log	0.0		baseline	ok		ungated	18	10.949789448615359	10.949789448615359	17.523838446943746	0.009394026262032954	10.949789448615359	1.3407926225104674	0.48520793627205194	0.9884137954581773	0.46180468503051453	1.1824579313429264	0.7349883960478208	0.707180130392725	571.252532882
crauste_5_1em4	crauste	6	fastlm_log_control	Bounded FastLM log-space λ=0	control	fastlm_log	0.0		baseline	ok		ungated	18	10.949789448615359	10.949789448615359	17.523838446943746	0.009394026262032954	10.949789448615359	1.3407926225104674	0.25331213598446994	0.9858854325389619	0.25331213598446994	0.9858854325389619	0.4078679905059916	0.4078679905059916	87.67725761
crauste_5_1em4	crauste	6	lso_phase_a_lambda_0	LSO LM log-space λ=0, Δ=10, baseline tol	phase_a	lso_log	0.0	10.0	baseline	ok		ungated	18	10.949789448615359	10.949789448615359	17.523838446943746	0.009394026262032954	10.949789448615359	1.3407926225104674	0.009003596682903507	0.04605918591937323	0.009003596682903507	0.04605918591937323	0.016500243802272264	0.016500243802272264	2743.07335198
crauste_5_1em4	crauste	6	lso_phase_a_lambda_1em04	LSO LM log-space λ=1e-04, Δ=10, baseline tol	phase_a	lso_log	0.0001	10.0	baseline	ok		ungated	18	10.949789448615359	10.949789448615359	17.523838446943746	0.009394026262032954	10.949789448615359	1.3407926225104674	0.009003601448361244	0.04605913487903218	0.009003601448361244	0.04605913487903218	0.01650026935859235	0.01650026935859235	2813.215041061
crauste_5_1em4	crauste	6	lso_phase_a_lambda_1em03	LSO LM log-space λ=1e-03, Δ=10, baseline tol	phase_a	lso_log	0.001	10.0	baseline	ok		ungated	18	10.949789448615359	10.949789448615359	17.523838446943746	0.009394026262032954	10.949789448615359	1.3407926225104674	0.00900364432780178	0.04605867552892419	0.00900364432780178	0.04605867552892419	0.016500499358446604	0.016500499358446604	2862.707225409
crauste_5_1em4	crauste	6	lso_phase_a_lambda_1em02	LSO LM log-space λ=1e-02, Δ=10, baseline tol	phase_a	lso_log	0.01	10.0	baseline	ok		ungated	18	10.949789448615359	10.949789448615359	17.523838446943746	0.009394026262032954	10.949789448615359	1.3407926225104674	0.009004069881403148	0.046054079947980185	0.009004069881403148	0.046054079947980185	0.016502795682699533	0.016502795682699533	2808.25177013
crauste_5_1em4	crauste	6	lso_phase_a_lambda_1em01	LSO LM log-space λ=1e-01, Δ=10, baseline tol	phase_a	lso_log	0.1	10.0	baseline	ok		ungated	18	10.949789448615359	10.949789448615359	17.523838446943746	0.009394026262032954	10.949789448615359	1.3407926225104674	0.009008061512944969	0.04600795299958007	0.009008061512944969	0.04600795299958007	0.016525470472988853	0.016525470472988853	2842.548735973
seir_6_1em4	seir	7	scalar_log_control	Scalar log-space λ=0	control	scalar_log	0.0		baseline	ok		ungated	276	1.6208620106305969	1.6208620106305969	12.96643756571282	0.013258299826362157	1.6208620106305969	0.8203560812665048	0.5387341842609683	0.9880810095526994	0.006278353776906339	0.02572970599856024	0.9076716928024616	0.012288833582698859	553.935357115
seir_6_1em4	seir	7	fastlm_log_control	Bounded FastLM log-space λ=0	control	fastlm_log	0.0		baseline	ok		ungated	276	1.6208620106305969	1.6208620106305969	12.96643756571282	0.013258299826362157	1.6208620106305969	0.8203560812665048	0.013254163339294214	0.05368062383218569	0.009485925253807415	0.03857463263631635	0.025738998563803794	0.01848114290200865	110.421661373
seir_6_1em4	seir	7	lso_phase_a_lambda_0	LSO LM log-space λ=0, Δ=10, baseline tol	phase_a	lso_log	0.0	10.0	baseline	ok		ungated	276	1.6208620106305969	1.6208620106305969	12.96643756571282	0.013258299826362157	1.6208620106305969	0.8203560812665048	0.013254639263706864	0.053682533224676435	0.013254639263706864	0.053682533224676435	0.025739914151319442	0.025739914151319442	2372.636900483
seir_6_1em4	seir	7	lso_phase_a_lambda_1em04	LSO LM log-space λ=1e-04, Δ=10, baseline tol	phase_a	lso_log	0.0001	10.0	baseline	ok		ungated	276	1.6208620106305969	1.6208620106305969	12.96643756571282	0.013258299826362157	1.6208620106305969	0.8203560812665048	0.001297018325671167	0.005775214959333975	0.001297018325671167	0.005775214959333975	0.002642226177137799	0.002642226177137799	2115.011906227
seir_6_1em4	seir	7	lso_phase_a_lambda_1em03	LSO LM log-space λ=1e-03, Δ=10, baseline tol	phase_a	lso_log	0.001	10.0	baseline	ok		ungated	276	1.6208620106305969	1.6208620106305969	12.96643756571282	0.013258299826362157	1.6208620106305969	0.8203560812665048	0.0007131040269959907	0.0025964848433310313	0.0007131040269959907	0.0025964848433310313	0.0013865339182930105	0.0013865339182930105	1953.108562362
seir_6_1em4	seir	7	lso_phase_a_lambda_1em02	LSO LM log-space λ=1e-02, Δ=10, baseline tol	phase_a	lso_log	0.01	10.0	baseline	ok		ungated	276	1.6208620106305969	1.6208620106305969	12.96643756571282	0.013258299826362157	1.6208620106305969	0.8203560812665048	0.003978575793238155	0.013725462467428758	0.003978575793238155	0.013725462467428758	0.006852964843833627	0.006852964843833627	1814.420624433
seir_6_1em4	seir	7	lso_phase_a_lambda_1em01	LSO LM log-space λ=1e-01, Δ=10, baseline tol	phase_a	lso_log	0.1	10.0	baseline	ok		ungated	276	1.6208620106305969	1.6208620106305969	12.96643756571282	0.013258299826362157	1.6208620106305969	0.8203560812665048	0.03270088077202676	0.11936899618244534	0.032392945522198964	0.14233337311754293	0.05718905830628192	0.05718905830628192	1358.662226628
crauste_6_1em4	crauste	7	scalar_log_control	Scalar log-space λ=0	control	scalar_log	0.0		baseline	ok		ungated	15	1.8772707451904442	1.8772707451904442	50.763890597745515	0.05346890734755271	1.8772707451904442	1.9955465073752952	0.42059124004683524	1.3121986246168402	0.42059124004683524	1.3121986246168402	0.7136562218327338	0.7136562218327338	570.293571113
crauste_6_1em4	crauste	7	fastlm_log_control	Bounded FastLM log-space λ=0	control	fastlm_log	0.0		baseline	ok		ungated	15	1.8772707451904442	1.8772707451904442	50.763890597745515	0.05346890734755271	1.8772707451904442	1.9955465073752952	0.8088773016681969	4.640284569334397	0.3363038288947033	0.9999848358948453	1.4066483951940234	0.5967646051538877	84.572406117
crauste_6_1em4	crauste	7	lso_phase_a_lambda_0	LSO LM log-space λ=0, Δ=10, baseline tol	phase_a	lso_log	0.0	10.0	baseline	ok		ungated	15	1.8772707451904442	1.8772707451904442	50.763890597745515	0.05346890734755271	1.8772707451904442	1.9955465073752952	0.053571727620383015	0.40124918177994817	0.053571727620383015	0.40124918177994817	0.11494932840227567	0.11494932840227567	2240.094620705
crauste_6_1em4	crauste	7	lso_phase_a_lambda_1em04	LSO LM log-space λ=1e-04, Δ=10, baseline tol	phase_a	lso_log	0.0001	10.0	baseline	ok		ungated	15	1.8772707451904442	1.8772707451904442	50.763890597745515	0.05346890734755271	1.8772707451904442	1.9955465073752952	0.05357171246541365	0.40124908095458967	0.05357171246541365	0.40124908095458967	0.1149492976887633	0.1149492976887633	2266.513168153
crauste_6_1em4	crauste	7	lso_phase_a_lambda_1em03	LSO LM log-space λ=1e-03, Δ=10, baseline tol	phase_a	lso_log	0.001	10.0	baseline	ok		ungated	15	1.8772707451904442	1.8772707451904442	50.763890597745515	0.05346890734755271	1.8772707451904442	1.9955465073752952	0.05357157610691166	0.40124817381904404	0.05357157610691166	0.40124817381904404	0.11494902134772163	0.11494902134772163	2294.154530914
crauste_6_1em4	crauste	7	lso_phase_a_lambda_1em02	LSO LM log-space λ=1e-02, Δ=10, baseline tol	phase_a	lso_log	0.01	10.0	baseline	ok		ungated	15	1.8772707451904442	1.8772707451904442	50.763890597745515	0.05346890734755271	1.8772707451904442	1.9955465073752952	0.053570213716561045	0.4012391118497892	0.053570213716561045	0.4012391118497892	0.11494626056854058	0.11494626056854058	2187.169321005
crauste_6_1em4	crauste	7	lso_phase_a_lambda_1em01	LSO LM log-space λ=1e-01, Δ=10, baseline tol	phase_a	lso_log	0.1	10.0	baseline	ok		ungated	15	1.8772707451904442	1.8772707451904442	50.763890597745515	0.05346890734755271	1.8772707451904442	1.9955465073752952	0.05355672894727567	0.4011495904853285	0.05355672894727567	0.4011495904853285	0.11491895998815374	0.11491895998815374	2085.606884358
daisy_mamil4_1_1em4	daisy_mamil4	2	scalar_log_control	Scalar log-space λ=0	control	scalar_log	0.0		baseline	ok		ungated	132	0.4213234221162567	0.4213234221162567	1.321665753255259	0.011718605641535087	0.4213234221162567	0.4105270895522247	0.38622276815116596	0.9867559066428184	0.33495650424667045	0.9904945490032441	0.8168139582208004	0.573847820016452	366.92181674
daisy_mamil4_1_1em4	daisy_mamil4	2	fastlm_log_control	Bounded FastLM log-space λ=0	control	fastlm_log	0.0		baseline	ok		ungated	132	0.4213234221162567	0.4213234221162567	1.321665753255259	0.011718605641535087	0.4213234221162567	0.4105270895522247	0.0676660041347933	0.25534032442134347	0.0676660041347933	0.25534032442134347	0.11627904280449222	0.11627904280449222	89.850253039
daisy_mamil4_1_1em4	daisy_mamil4	2	lso_phase_a_lambda_0	LSO LM log-space λ=0, Δ=10, baseline tol	phase_a	lso_log	0.0	10.0	baseline	ok		ungated	132	0.4213234221162567	0.4213234221162567	1.321665753255259	0.011718605641535087	0.4213234221162567	0.4105270895522247	0.29920553302926156	3.814220490237546	0.011720080382610076	0.04254292133853171	1.5618380375081586	0.019992703993326248	787.293437148
daisy_mamil4_1_1em4	daisy_mamil4	2	lso_phase_a_lambda_1em04	LSO LM log-space λ=1e-04, Δ=10, baseline tol	phase_a	lso_log	0.0001	10.0	baseline	ok		ungated	132	0.4213234221162567	0.4213234221162567	1.321665753255259	0.011718605641535087	0.4213234221162567	0.4105270895522247	0.5224205251379	4.463497364840017	0.33773944014475676	1.3314846856781963	1.746090758090661	0.68149833912107	163.317691101
daisy_mamil4_1_1em4	daisy_mamil4	2	lso_phase_a_lambda_1em03	LSO LM log-space λ=1e-03, Δ=10, baseline tol	phase_a	lso_log	0.001	10.0	baseline	ok		ungated	132	0.4213234221162567	0.4213234221162567	1.321665753255259	0.011718605641535087	0.4213234221162567	0.4105270895522247	0.746839884019738	5.985472535393043	0.4213234221162567	1.5449130605633072	2.311542480376263	0.7438763163785149	71.339409254
daisy_mamil4_1_1em4	daisy_mamil4	2	lso_phase_a_lambda_1em02	LSO LM log-space λ=1e-02, Δ=10, baseline tol	phase_a	lso_log	0.01	10.0	baseline	ok		ungated	132	0.4213234221162567	0.4213234221162567	1.321665753255259	0.011718605641535087	0.4213234221162567	0.4105270895522247	0.6871304231357162	4.6897861162590475	0.4213234221162567	1.5449130605633072	2.019509285340571	0.7438763163785149	82.162455531
daisy_mamil4_1_1em4	daisy_mamil4	2	lso_phase_a_lambda_1em01	LSO LM log-space λ=1e-01, Δ=10, baseline tol	phase_a	lso_log	0.1	10.0	baseline	ok		ungated	132	0.4213234221162567	0.4213234221162567	1.321665753255259	0.011718605641535087	0.4213234221162567	0.4105270895522247	0.7305180117106468	4.50628045065285	0.4213234221162567	1.5449130605633072	2.2847479704309204	0.7438763163785149	48.168408768
seir_7_1em4	seir	8	scalar_log_control	Scalar log-space λ=0	control	scalar_log	0.0		baseline	ok		ungated	298	1.492708526672522	1.492708526672522	60.23008317006681	0.04798278084003529	1.4927085266725217	1.4927085266725217	0.3950862364961282	0.9893785497427144	0.06821482693613383	0.6096427575471969	0.7108582175953571	0.26324105247285157	554.754796852
seir_7_1em4	seir	8	fastlm_log_control	Bounded FastLM log-space λ=0	control	fastlm_log	0.0		baseline	ok		ungated	298	1.492708526672522	1.492708526672522	60.23008317006681	0.04798278084003529	1.4927085266725217	1.4927085266725217	0.14183872269382425	1.5327568213255445	0.10695859968344477	0.884631930748459	0.6094174782787882	0.39701661444194375	103.777922081
seir_7_1em4	seir	8	lso_phase_a_lambda_0	LSO LM log-space λ=0, Δ=10, baseline tol	phase_a	lso_log	0.0	10.0	baseline	ok		ungated	298	1.492708526672522	1.492708526672522	60.23008317006681	0.04798278084003529	1.4927085266725217	1.4927085266725217	0.047797305059036524	0.4901924119280403	0.047797305059036524	0.4901924119280403	0.19941266891895454	0.19941266891895454	3054.230849319
seir_7_1em4	seir	8	lso_phase_a_lambda_1em04	LSO LM log-space λ=1e-04, Δ=10, baseline tol	phase_a	lso_log	0.0001	10.0	baseline	ok		ungated	298	1.492708526672522	1.492708526672522	60.23008317006681	0.04798278084003529	1.4927085266725217	1.4927085266725217	0.12615133374246393	1.3538969121425222	0.12615133374246393	1.3538969121425222	0.5398339988188507	0.5398339988188507	3830.467065394
seir_7_1em4	seir	8	lso_phase_a_lambda_1em03	LSO LM log-space λ=1e-03, Δ=10, baseline tol	phase_a	lso_log	0.001	10.0	baseline	ok		ungated	298	1.492708526672522	1.492708526672522	60.23008317006681	0.04798278084003529	1.4927085266725217	1.4927085266725217	0.12845890310261746	1.379957806321206	0.12845890310261746	1.379957806321206	0.5499991096844883	0.5499991096844883	4208.39175937
seir_7_1em4	seir	8	lso_phase_a_lambda_1em02	LSO LM log-space λ=1e-02, Δ=10, baseline tol	phase_a	lso_log	0.01	10.0	baseline	ok		ungated	298	1.492708526672522	1.492708526672522	60.23008317006681	0.04798278084003529	1.4927085266725217	1.4927085266725217	0.12876567295298777	1.3819990250265142	0.12876567295298777	1.3819990250265142	0.5509172635790428	0.5509172635790428	4183.662235385
seir_7_1em4	seir	8	lso_phase_a_lambda_1em01	LSO LM log-space λ=1e-01, Δ=10, baseline tol	phase_a	lso_log	0.1	10.0	baseline	ok		ungated	298	1.492708526672522	1.492708526672522	60.23008317006681	0.04798278084003529	1.4927085266725217	1.4927085266725217	0.12941955009194925	1.3764980237843651	0.12941955009194925	1.3764980237843651	0.5498598128724882	0.5498598128724882	2633.767039306
crauste_1_1em4	crauste	2	scalar_log_control	Scalar log-space λ=0	control	scalar_log	0.0		baseline	ok		ungated	15	363.78431443346636	40096.38382218717	40096.38382218717	0.1493143664732035	363.78431443346636	3.367033533314074	4.500443852458418	19.667084104629154	3.138427708740245	11.7242402724764	7.329802610942694	3.8374323666744696	626.019688826
crauste_1_1em4	crauste	2	fastlm_log_control	Bounded FastLM log-space λ=0	control	fastlm_log	0.0		baseline	ok		ungated	15	363.78431443346636	40096.38382218717	40096.38382218717	0.1493143664732035	363.78431443346636	3.367033533314074	3.803660273735205	18.64507483149227	3.293592717725368	11.69447347662716	6.615217101004275	4.591670342826543	39.013904203
crauste_1_1em4	crauste	2	lso_phase_a_lambda_0	LSO LM log-space λ=0, Δ=10, baseline tol	phase_a	lso_log	0.0	10.0	baseline	ok		ungated	15	363.78431443346636	40096.38382218717	40096.38382218717	0.1493143664732035	363.78431443346636	3.367033533314074	0.025677803104109928	0.19295115564871987	0.025677803104109928	0.19295115564871987	0.05817464347160902	0.05817464347160902	1742.413294697
crauste_1_1em4	crauste	2	lso_phase_a_lambda_1em04	LSO LM log-space λ=1e-04, Δ=10, baseline tol	phase_a	lso_log	0.0001	10.0	baseline	ok		ungated	15	363.78431443346636	40096.38382218717	40096.38382218717	0.1493143664732035	363.78431443346636	3.367033533314074	0.025671803170387593	0.19285915649865898	0.025671803170387593	0.19285915649865898	0.05815444907869744	0.05815444907869744	1676.114555482
crauste_1_1em4	crauste	2	lso_phase_a_lambda_1em03	LSO LM log-space λ=1e-03, Δ=10, baseline tol	phase_a	lso_log	0.001	10.0	baseline	ok		ungated	15	363.78431443346636	40096.38382218717	40096.38382218717	0.1493143664732035	363.78431443346636	3.367033533314074	0.025617917784289457	0.1920326735043018	0.025617917784289457	0.1920326735043018	0.057973118113820575	0.057973118113820575	2016.372937167
crauste_1_1em4	crauste	2	lso_phase_a_lambda_1em02	LSO LM log-space λ=1e-02, Δ=10, baseline tol	phase_a	lso_log	0.01	10.0	baseline	ok		ungated	15	363.78431443346636	40096.38382218717	40096.38382218717	0.1493143664732035	363.78431443346636	3.367033533314074	0.02509053132939214	0.18391292442681267	0.02509053132939214	0.18391292442681267	0.0562008802993029	0.0562008802993029	1384.905929857
crauste_1_1em4	crauste	2	lso_phase_a_lambda_1em01	LSO LM log-space λ=1e-01, Δ=10, baseline tol	phase_a	lso_log	0.1	10.0	baseline	ok		ungated	15	363.78431443346636	40096.38382218717	40096.38382218717	0.1493143664732035	363.78431443346636	3.367033533314074	0.02072711177668401	0.11391990683497051	0.02072711177668401	0.11391990683497051	0.04189314127821196	0.04189314127821196	1834.248702163
crauste_0_1em4	crauste	1	scalar_log_control	Scalar log-space λ=0	control	scalar_log	0.0		baseline	ok		ungated	3	4.295732866637848	4.295732866637848	4.295732866637848	0.09961555374066251	4.295732866637848	2.148067603382861	0.3790923811135167	1.0563090234054902	0.3790923811135167	1.0563090234054902	0.6858755342375086	0.6857656348624814	138.516719752
crauste_0_1em4	crauste	1	fastlm_log_control	Bounded FastLM log-space λ=0	control	fastlm_log	0.0		baseline	ok		ungated	3	4.295732866637848	4.295732866637848	4.295732866637848	0.09961555374066251	4.295732866637848	2.148067603382861	0.09960319159862799	0.9999636363636363	0.09955109195384344	0.9994050701032903	0.2662830365871911	0.26614029916665677	20.949959096
crauste_0_1em4	crauste	1	lso_phase_a_lambda_0	LSO LM log-space λ=0, Δ=10, baseline tol	phase_a	lso_log	0.0	10.0	baseline	ok		ungated	3	4.295732866637848	4.295732866637848	4.295732866637848	0.09961555374066251	4.295732866637848	2.148067603382861	0.09960318311812898	0.9999636363636363	0.09960318311812898	0.9999636363636363	0.266282961164241	0.266282961164241	51.783586506
crauste_0_1em4	crauste	1	lso_phase_a_lambda_1em04	LSO LM log-space λ=1e-04, Δ=10, baseline tol	phase_a	lso_log	0.0001	10.0	baseline	ok		ungated	3	4.295732866637848	4.295732866637848	4.295732866637848	0.09961555374066251	4.295732866637848	2.148067603382861	0.09942893489570787	0.9981129143292846	0.09942893489570787	0.9981129143292846	0.2658115622725852	0.2658115622725852	54.938071687
crauste_0_1em4	crauste	1	lso_phase_a_lambda_1em03	LSO LM log-space λ=1e-03, Δ=10, baseline tol	phase_a	lso_log	0.001	10.0	baseline	ok		ungated	3	4.295732866637848	4.295732866637848	4.295732866637848	0.09961555374066251	4.295732866637848	2.148067603382861	0.09831443066256584	0.9862677671787924	0.09831443066256584	0.9862677671787924	0.26280189060702563	0.26280189060702563	78.71559223
crauste_0_1em4	crauste	1	lso_phase_a_lambda_1em02	LSO LM log-space λ=1e-02, Δ=10, baseline tol	phase_a	lso_log	0.01	10.0	baseline	ok		ungated	3	4.295732866637848	4.295732866637848	4.295732866637848	0.09961555374066251	4.295732866637848	2.148067603382861	0.09159868565853685	0.9147450136905214	0.09159868565853685	0.9147450136905214	0.24475532716511586	0.24475532716511586	64.739650664
crauste_0_1em4	crauste	1	lso_phase_a_lambda_1em01	LSO LM log-space λ=1e-01, Δ=10, baseline tol	phase_a	lso_log	0.1	10.0	baseline	ok		ungated	3	4.295732866637848	4.295732866637848	4.295732866637848	0.09961555374066251	4.295732866637848	2.148067603382861	0.06410553168034891	0.6185478514182078	0.06410553168034891	0.6185478514182078	0.1728072027217792	0.1728072027217792	74.62404038
hiv_5_1em4	hiv	6	scalar_log_control	Scalar log-space λ=0	control	scalar_log	0.0		baseline	ok		ungated	379	6.507612274980539	6.507612274980539	151.07745456279264	0.055216770580443525	6.507612274980539	0.7887617626988013	0.6505176924004905	2.9828807804345097	0.30199996106373306	0.9903901361817319	1.165300957795873	0.5825414346031648	757.471537198
hiv_5_1em4	hiv	6	fastlm_log_control	Bounded FastLM log-space λ=0	control	fastlm_log	0.0		baseline	ok		ungated	379	6.507612274980539	6.507612274980539	151.07745456279264	0.055216770580443525	6.507612274980539	0.7887617626988013	0.055217520126677806	0.9999481865284974	0.04894832618446722	0.9656620230914709	0.2620871109920656	0.24585013145945434	991.981287147
hiv_5_1em4	hiv	6	lso_phase_a_lambda_0	LSO LM log-space λ=0, Δ=10, baseline tol	phase_a	lso_log	0.0	10.0	baseline	ok		ungated	379	6.507612274980539	6.507612274980539	151.07745456279264	0.055216770580443525	6.507612274980539	0.7887617626988013	0.05521752394177569	0.9999481865284974	0.05521725187643314	0.9999481865284974	0.2620871140964877	0.26208631914475305	12228.551679843
hiv_5_1em4	hiv	6	lso_phase_a_lambda_1em04	LSO LM log-space λ=1e-04, Δ=10, baseline tol	phase_a	lso_log	0.0001	10.0	baseline	ok		ungated	379	6.507612274980539	6.507612274980539	151.07745456279264	0.055216770580443525	6.507612274980539	0.7887617626988013	0.1774360747681585	3.4244951395292778	0.17741641602122282	3.424083184771562	0.9011869360097006	0.9010829192355063	11172.465381441
hiv_5_1em4	hiv	6	lso_phase_a_lambda_1em03	LSO LM log-space λ=1e-03, Δ=10, baseline tol	phase_a	lso_log	0.001	10.0	baseline	ok		ungated	379	6.507612274980539	6.507612274980539	151.07745456279264	0.055216770580443525	6.507612274980539	0.7887617626988013	0.22251880171978566	4.092671261150119	0.22251880171978566	4.092671261150119	1.1615128736932447	1.1615128736932447	7760.3426043
hiv_5_1em4	hiv	6	lso_phase_a_lambda_1em02	LSO LM log-space λ=1e-02, Δ=10, baseline tol	phase_a	lso_log	0.01	10.0	baseline	ok		ungated	379	6.507612274980539	6.507612274980539	151.07745456279264	0.055216770580443525	6.507612274980539	0.7887617626988013	0.2517287777590925	4.163774865816861	0.2517287777590925	4.163774865816861	1.4203226060139145	1.4203226060139145	5909.433090888
hiv_5_1em4	hiv	6	lso_phase_a_lambda_1em01	LSO LM log-space λ=1e-01, Δ=10, baseline tol	phase_a	lso_log	0.1	10.0	baseline	ok		ungated	379	6.507612274980539	6.507612274980539	151.07745456279264	0.055216770580443525	6.507612274980539	0.7887617626988013	0.27860974846371733	4.8010259523786845	0.27860974846371733	4.8010259523786845	1.6438592667686123	1.6438592667686123	4073.903657553
brusselator_0_1em4	brusselator	1	scalar_log_control	Scalar log-space λ=0	control	scalar_log	0.0		baseline	ok		ungated	0	Inf	Inf	Inf	0.5430346994353146	0.021727745790236574	6.3302995854514	Inf	Inf	Inf	Inf	Inf	Inf	0.005505998
brusselator_0_1em4	brusselator	1	fastlm_log_control	Bounded FastLM log-space λ=0	control	fastlm_log	0.0		baseline	ok		ungated	0	Inf	Inf	Inf	0.5430346994353146	0.021727745790236574	6.3302995854514	Inf	Inf	Inf	Inf	Inf	Inf	0.004007017
brusselator_0_1em4	brusselator	1	lso_phase_a_lambda_0	LSO LM log-space λ=0, Δ=10, baseline tol	phase_a	lso_log	0.0	10.0	baseline	ok		ungated	0	Inf	Inf	Inf	0.5430346994353146	0.021727745790236574	6.3302995854514	Inf	Inf	Inf	Inf	Inf	Inf	0.003752264
brusselator_0_1em4	brusselator	1	lso_phase_a_lambda_1em04	LSO LM log-space λ=1e-04, Δ=10, baseline tol	phase_a	lso_log	0.0001	10.0	baseline	ok		ungated	0	Inf	Inf	Inf	0.5430346994353146	0.021727745790236574	6.3302995854514	Inf	Inf	Inf	Inf	Inf	Inf	0.003352426
brusselator_0_1em4	brusselator	1	lso_phase_a_lambda_1em03	LSO LM log-space λ=1e-03, Δ=10, baseline tol	phase_a	lso_log	0.001	10.0	baseline	ok		ungated	0	Inf	Inf	Inf	0.5430346994353146	0.021727745790236574	6.3302995854514	Inf	Inf	Inf	Inf	Inf	Inf	0.003400503
brusselator_0_1em4	brusselator	1	lso_phase_a_lambda_1em02	LSO LM log-space λ=1e-02, Δ=10, baseline tol	phase_a	lso_log	0.01	10.0	baseline	ok		ungated	0	Inf	Inf	Inf	0.5430346994353146	0.021727745790236574	6.3302995854514	Inf	Inf	Inf	Inf	Inf	Inf	0.003281587
brusselator_0_1em4	brusselator	1	lso_phase_a_lambda_1em01	LSO LM log-space λ=1e-01, Δ=10, baseline tol	phase_a	lso_log	0.1	10.0	baseline	ok		ungated	0	Inf	Inf	Inf	0.5430346994353146	0.021727745790236574	6.3302995854514	Inf	Inf	Inf	Inf	Inf	Inf	0.00352373
crauste_7_1em4	crauste	8	scalar_log_control	Scalar log-space λ=0	control	scalar_log	0.0		baseline	ok		ungated	20	64.45986321743501	187.5198425730863	1639.097487955268	0.19620521618467582	64.45986321743501	1.6702059519056445	0.4098048661702537	1.2233150303520706	0.40961468878163787	1.2219994673190255	0.8346781726678683	0.8344640425006576	553.431021335
crauste_7_1em4	crauste	8	fastlm_log_control	Bounded FastLM log-space λ=0	control	fastlm_log	0.0		baseline	ok		ungated	20	64.45986321743501	187.5198425730863	1639.097487955268	0.19620521618467582	64.45986321743501	1.6702059519056445	2.385488832727355	32.00330033003299	2.22382879566379	23.89926045617372	7.79953439574299	6.434433223988935	52.304227186
crauste_7_1em4	crauste	8	lso_phase_a_lambda_0	LSO LM log-space λ=0, Δ=10, baseline tol	phase_a	lso_log	0.0	10.0	baseline	ok		ungated	20	64.45986321743501	187.5198425730863	1639.097487955268	0.19620521618467582	64.45986321743501	1.6702059519056445	0.1824874782103565	1.5164930480867929	0.1824874782103565	1.5164930480867929	0.4780364758090117	0.4780364758090117	3252.012251835
crauste_7_1em4	crauste	8	lso_phase_a_lambda_1em04	LSO LM log-space λ=1e-04, Δ=10, baseline tol	phase_a	lso_log	0.0001	10.0	baseline	ok		ungated	20	64.45986321743501	187.5198425730863	1639.097487955268	0.19620521618467582	64.45986321743501	1.6702059519056445	0.17889342530484498	1.4799235342038741	0.17889342530484498	1.4799235342038741	0.4678068553058464	0.4678068553058464	3513.925095558
crauste_7_1em4	crauste	8	lso_phase_a_lambda_1em03	LSO LM log-space λ=1e-03, Δ=10, baseline tol	phase_a	lso_log	0.001	10.0	baseline	ok		ungated	20	64.45986321743501	187.5198425730863	1639.097487955268	0.19620521618467582	64.45986321743501	1.6702059519056445	0.16130368954771304	1.3010453809053766	0.16130368954771304	1.3010453809053766	0.41772711021984	0.41772711021984	3453.775445204
crauste_7_1em4	crauste	8	lso_phase_a_lambda_1em02	LSO LM log-space λ=1e-02, Δ=10, baseline tol	phase_a	lso_log	0.01	10.0	baseline	ok		ungated	20	64.45986321743501	187.5198425730863	1639.097487955268	0.19620521618467582	64.45986321743501	1.6702059519056445	2.3860257531441276	43.24778761061947	2.3860257531441276	43.24778761061947	10.500738112087001	4.8932238411541675	3595.863086218
crauste_7_1em4	crauste	8	lso_phase_a_lambda_1em01	LSO LM log-space λ=1e-01, Δ=10, baseline tol	phase_a	lso_log	0.1	10.0	baseline	ok		ungated	20	64.45986321743501	187.5198425730863	1639.097487955268	0.19620521618467582	64.45986321743501	1.6702059519056445	2.386890215599076	43.24778761061947	2.271100343593352	12.440860215053766	10.501306176876797	3.089522065384797	3683.35373251
brusselator_4_1em4	brusselator	5	scalar_log_control	Scalar log-space λ=0	control	scalar_log	0.0		baseline	ok		ungated	20	20.334331466217744	20.334331466217744	78272.25994228368	2.6765462279822985	0.0005358578125155483	20.334331466217744	2.3478548159765613	23.744442508614867	2.134952626217782	9.379007794125682	11.895887407879949	5.092561809546076	54.726298986
brusselator_4_1em4	brusselator	5	fastlm_log_control	Bounded FastLM log-space λ=0	control	fastlm_log	0.0		baseline	ok		ungated	20	20.334331466217744	20.334331466217744	78272.25994228368	2.6765462279822985	0.0005358578125155483	20.334331466217744	6.768876241670398	30.05590062111802	6.768876241670398	30.05590062111802	17.176127789378516	17.176127789378516	22.923055655
brusselator_4_1em4	brusselator	5	lso_phase_a_lambda_0	LSO LM log-space λ=0, Δ=10, baseline tol	phase_a	lso_log	0.0	10.0	baseline	ok		ungated	20	20.334331466217744	20.334331466217744	78272.25994228368	2.6765462279822985	0.0005358578125155483	20.334331466217744	6.768876241670398	30.05590062111802	6.768876241670398	30.05590062111802	17.176127789378516	17.176127789378516	7.256572599
brusselator_4_1em4	brusselator	5	lso_phase_a_lambda_1em04	LSO LM log-space λ=1e-04, Δ=10, baseline tol	phase_a	lso_log	0.0001	10.0	baseline	ok		ungated	20	20.334331466217744	20.334331466217744	78272.25994228368	2.6765462279822985	0.0005358578125155483	20.334331466217744	6.768876241670398	30.05590062111802	6.768876241670398	30.05590062111802	17.176127789378516	17.176127789378516	7.281376012
brusselator_4_1em4	brusselator	5	lso_phase_a_lambda_1em03	LSO LM log-space λ=1e-03, Δ=10, baseline tol	phase_a	lso_log	0.001	10.0	baseline	ok		ungated	20	20.334331466217744	20.334331466217744	78272.25994228368	2.6765462279822985	0.0005358578125155483	20.334331466217744	6.768876241670398	30.05590062111802	6.768876241670398	30.05590062111802	17.176127789378516	17.176127789378516	7.266851883
brusselator_4_1em4	brusselator	5	lso_phase_a_lambda_1em02	LSO LM log-space λ=1e-02, Δ=10, baseline tol	phase_a	lso_log	0.01	10.0	baseline	ok		ungated	20	20.334331466217744	20.334331466217744	78272.25994228368	2.6765462279822985	0.0005358578125155483	20.334331466217744	6.768876241670398	30.05590062111802	6.768876241670398	30.05590062111802	17.176127789378516	17.176127789378516	7.202239876
brusselator_4_1em4	brusselator	5	lso_phase_a_lambda_1em01	LSO LM log-space λ=1e-01, Δ=10, baseline tol	phase_a	lso_log	0.1	10.0	baseline	ok		ungated	20	20.334331466217744	20.334331466217744	78272.25994228368	2.6765462279822985	0.0005358578125155483	20.334331466217744	6.768876241670398	30.05590062111802	6.768876241670398	30.05590062111802	17.176127789378516	17.176127789378516	7.341415346
hiv_2_1em4	hiv	3	scalar_log_control	Scalar log-space λ=0	control	scalar_log	0.0		baseline	ok		ungated	251	2.256652800069876	2.256652800069876	235.76669804854288	0.149771519232908	2.2566528000698765	1.1031107637719835	0.5307112138891298	0.9885013978650821	0.2950254852224201	0.9850576438711489	0.9041516164920201	0.5322435176973114	755.692072103
hiv_2_1em4	hiv	3	fastlm_log_control	Bounded FastLM log-space λ=0	control	fastlm_log	0.0		baseline	ok		ungated	251	2.256652800069876	2.256652800069876	235.76669804854288	0.149771519232908	2.2566528000698765	1.1031107637719835	0.1497715132796933	0.9999827586206897	0.027853724777619975	0.12406308913697743	0.2582145880293474	0.04513386708764437	979.068737281
hiv_2_1em4	hiv	3	lso_phase_a_lambda_0	LSO LM log-space λ=0, Δ=10, baseline tol	phase_a	lso_log	0.0	10.0	baseline	ok		ungated	251	2.256652800069876	2.256652800069876	235.76669804854288	0.149771519232908	2.2566528000698765	1.1031107637719835	0.39304415424450634	2.5317721701074234	0.149771513284312	0.9999827586206897	0.7143335383034384	0.25821458806353265	6774.096381483
hiv_2_1em4	hiv	3	lso_phase_a_lambda_1em04	LSO LM log-space λ=1e-04, Δ=10, baseline tol	phase_a	lso_log	0.0001	10.0	baseline	ok		ungated	251	2.256652800069876	2.256652800069876	235.76669804854288	0.149771519232908	2.2566528000698765	1.1031107637719835	0.11130446043854236	0.7270863464570213	0.11128463734427647	0.7269502903182561	0.20458297306655865	0.20455150797737628	6293.08519465
hiv_2_1em4	hiv	3	lso_phase_a_lambda_1em03	LSO LM log-space λ=1e-03, Δ=10, baseline tol	phase_a	lso_log	0.001	10.0	baseline	ok		ungated	251	2.256652800069876	2.256652800069876	235.76669804854288	0.149771519232908	2.2566528000698765	1.1031107637719835	0.12938914501512833	0.968452563746406	0.12938914501512833	0.968452563746406	0.3330702003594781	0.3330702003594781	5706.109661416
hiv_2_1em4	hiv	3	lso_phase_a_lambda_1em02	LSO LM log-space λ=1e-02, Δ=10, baseline tol	phase_a	lso_log	0.01	10.0	baseline	ok		ungated	251	2.256652800069876	2.256652800069876	235.76669804854288	0.149771519232908	2.2566528000698765	1.1031107637719835	0.1776067918497942	2.181701851688914	0.1776067918497942	2.181701851688914	0.6222436178888244	0.6222436178888244	4701.251769194
hiv_2_1em4	hiv	3	lso_phase_a_lambda_1em01	LSO LM log-space λ=1e-01, Δ=10, baseline tol	phase_a	lso_log	0.1	10.0	baseline	ok		ungated	251	2.256652800069876	2.256652800069876	235.76669804854288	0.149771519232908	2.2566528000698765	1.1031107637719835	0.22924495288430466	3.033036444628762	0.22924495288430466	3.033036444628762	0.8539670509236992	0.8539670509236992	1970.437847567
hiv_7_1em4	hiv	8	scalar_log_control	Scalar log-space λ=0	control	scalar_log	0.0		baseline	ok		ungated	256	5.403962474896902	5.403962474896902	96.2628878237528	0.19457038714391597	5.403962474896902	1.356534926925259	0.4153604957263658	0.9881495905430409	0.2443074634152419	0.9866838348147845	0.889211045938009	0.5029320804988624	634.519674434
hiv_7_1em4	hiv	8	fastlm_log_control	Bounded FastLM log-space λ=0	control	fastlm_log	0.0		baseline	ok		ungated	256	5.403962474896902	5.403962474896902	96.2628878237528	0.19457038714391597	5.403962474896902	1.356534926925259	0.19457038213363229	0.9999866844207723	0.15361234444285554	0.787841141160481	0.26469568105181074	0.21161119714248303	533.430502236
hiv_7_1em4	hiv	8	lso_phase_a_lambda_0	LSO LM log-space λ=0, Δ=10, baseline tol	phase_a	lso_log	0.0	10.0	baseline	ok		ungated	256	5.403962474896902	5.403962474896902	96.2628878237528	0.19457038714391597	5.403962474896902	1.356534926925259	0.1945703821273223	0.9999866844207723	0.19447012276211045	0.9994678551160339	0.2646956809909909	0.2645650178224145	10447.201483859
hiv_7_1em4	hiv	8	lso_phase_a_lambda_1em04	LSO LM log-space λ=1e-04, Δ=10, baseline tol	phase_a	lso_log	0.0001	10.0	baseline	ok		ungated	256	5.403962474896902	5.403962474896902	96.2628878237528	0.19457038714391597	5.403962474896902	1.356534926925259	0.10600760446711023	1.198729143989062	0.10600760446711023	1.198729143989062	0.3494891595301598	0.3494891595301598	4983.87329614
hiv_7_1em4	hiv	8	lso_phase_a_lambda_1em03	LSO LM log-space λ=1e-03, Δ=10, baseline tol	phase_a	lso_log	0.001	10.0	baseline	ok		ungated	256	5.403962474896902	5.403962474896902	96.2628878237528	0.19457038714391597	5.403962474896902	1.356534926925259	0.169555662144473	2.7523736042140334	0.169555662144473	2.7523736042140334	0.7405596710865214	0.7405596710865214	2859.057603402
hiv_7_1em4	hiv	8	lso_phase_a_lambda_1em02	LSO LM log-space λ=1e-02, Δ=10, baseline tol	phase_a	lso_log	0.01	10.0	baseline	ok		ungated	256	5.403962474896902	5.403962474896902	96.2628878237528	0.19457038714391597	5.403962474896902	1.356534926925259	0.2328557826686895	4.046011253756234	0.2328557826686895	4.046011253756234	1.0800095104233454	1.0800095104233454	1326.593934626
hiv_7_1em4	hiv	8	lso_phase_a_lambda_1em01	LSO LM log-space λ=1e-01, Δ=10, baseline tol	phase_a	lso_log	0.1	10.0	baseline	ok		ungated	256	5.403962474896902	5.403962474896902	96.2628878237528	0.19457038714391597	5.403962474896902	1.356534926925259	0.26693916830572495	4.417126062213219	0.26693916830572495	4.417126062213219	1.2125043481203455	1.2125043481203455	709.329128323
crauste_4_1em4	crauste	5	scalar_log_control	Scalar log-space λ=0	control	scalar_log	0.0		baseline	ok		ungated	1	0.21649914007806018	0.21649914007806018	0.21649914007806018	0.18655426058167765	0.2164991400780602	1.2662834120192192	0.33678518996164863	1.2316559837968561	0.21649914007806018	1.3507847538447368	0.6672960995043159	0.41096358378865505	149.466177704
crauste_4_1em4	crauste	5	fastlm_log_control	Bounded FastLM log-space λ=0	control	fastlm_log	0.0		baseline	ok		ungated	1	0.21649914007806018	0.21649914007806018	0.21649914007806018	0.18655426058167765	0.2164991400780602	1.2662834120192192	0.15475214642718388	0.8292193172859984	0.15475214642718388	0.8292193172859984	0.27523171289022247	0.27523171289022247	10.672300899
crauste_4_1em4	crauste	5	lso_phase_a_lambda_0	LSO LM log-space λ=0, Δ=10, baseline tol	phase_a	lso_log	0.0	10.0	baseline	ok		ungated	1	0.21649914007806018	0.21649914007806018	0.21649914007806018	0.18655426058167765	0.2164991400780602	1.2662834120192192	0.18655185620967202	0.999981617647059	0.18655185620967202	0.999981617647059	0.33189723334427695	0.33189723334427695	69.24459578
crauste_4_1em4	crauste	5	lso_phase_a_lambda_1em04	LSO LM log-space λ=1e-04, Δ=10, baseline tol	phase_a	lso_log	0.0001	10.0	baseline	ok		ungated	1	0.21649914007806018	0.21649914007806018	0.21649914007806018	0.18655426058167765	0.2164991400780602	1.2662834120192192	0.18229346624498446	0.9771566858424621	0.18229346624498446	0.9771566858424621	0.3243278019321398	0.3243278019321398	65.53622419
crauste_4_1em4	crauste	5	lso_phase_a_lambda_1em03	LSO LM log-space λ=1e-03, Δ=10, baseline tol	phase_a	lso_log	0.001	10.0	baseline	ok		ungated	1	0.21649914007806018	0.21649914007806018	0.21649914007806018	0.18655426058167765	0.2164991400780602	1.2662834120192192	0.16316745781299408	0.8746395616930102	0.16316745781299408	0.8746395616930102	0.29033223124324414	0.29033223124324414	60.366615693
crauste_4_1em4	crauste	5	lso_phase_a_lambda_1em02	LSO LM log-space λ=1e-02, Δ=10, baseline tol	phase_a	lso_log	0.01	10.0	baseline	ok		ungated	1	0.21649914007806018	0.21649914007806018	0.21649914007806018	0.18655426058167765	0.2164991400780602	1.2662834120192192	0.09966445425797689	0.5342217133557109	0.09966445425797689	0.5342217133557109	0.17749303003063963	0.17749303003063963	47.829997177
crauste_4_1em4	crauste	5	lso_phase_a_lambda_1em01	LSO LM log-space λ=1e-01, Δ=10, baseline tol	phase_a	lso_log	0.1	10.0	baseline	ok		ungated	1	0.21649914007806018	0.21649914007806018	0.21649914007806018	0.18655426058167765	0.2164991400780602	1.2662834120192192	0.015496467724528526	0.08226759989244928	0.015496467724528526	0.08226759989244928	0.028885624310929708	0.028885624310929708	27.686644999
crauste_2_1em4	crauste	3	scalar_log_control	Scalar log-space λ=0	control	scalar_log	0.0		baseline	ok		ungated	19	25.974128606002424	25.974128606002424	5.278528167382495e6	0.2877175152913365	25.974128606002424	1.7349726369106897	1.9845346645830055	9.945699408972462	0.4277122000605938	2.9732515920080598	2.65286047056116	1.0403857318530816	555.935015663
crauste_2_1em4	crauste	3	fastlm_log_control	Bounded FastLM log-space λ=0	control	fastlm_log	0.0		baseline	ok		ungated	19	25.974128606002424	25.974128606002424	5.278528167382495e6	0.2877175152913365	25.974128606002424	1.7349726369106897	2.254283748563937	11.903225806451614	0.9854485964521476	6.083234962045943	2.934009187836417	1.640802105347481	142.987561316
crauste_2_1em4	crauste	3	lso_phase_a_lambda_0	LSO LM log-space λ=0, Δ=10, baseline tol	phase_a	lso_log	0.0	10.0	baseline	ok		ungated	19	25.974128606002424	25.974128606002424	5.278528167382495e6	0.2877175152913365	25.974128606002424	1.7349726369106897	0.7535089002090628	13.694257633820941	0.6967923210144775	11.220536528938133	3.396891820756356	2.8286111387791864	7245.861410971
crauste_2_1em4	crauste	3	lso_phase_a_lambda_1em04	LSO LM log-space λ=1e-04, Δ=10, baseline tol	phase_a	lso_log	0.0001	10.0	baseline	ok		ungated	19	25.974128606002424	25.974128606002424	5.278528167382495e6	0.2877175152913365	25.974128606002424	1.7349726369106897	0.7534285353571618	13.692086819850175	0.696936522281837	11.225985696161041	3.396374545871449	2.8298677190843295	7648.389924195
crauste_2_1em4	crauste	3	lso_phase_a_lambda_1em03	LSO LM log-space λ=1e-03, Δ=10, baseline tol	phase_a	lso_log	0.001	10.0	baseline	ok		ungated	19	25.974128606002424	25.974128606002424	5.278528167382495e6	0.2877175152913365	25.974128606002424	1.7349726369106897	0.7533301005970852	13.688667106306537	0.6968652520605092	11.22326883939892	3.395574715611329	2.829241594528402	7614.542860495
crauste_2_1em4	crauste	3	lso_phase_a_lambda_1em02	LSO LM log-space λ=1e-02, Δ=10, baseline tol	phase_a	lso_log	0.01	10.0	baseline	ok		ungated	19	25.974128606002424	25.974128606002424	5.278528167382495e6	0.2877175152913365	25.974128606002424	1.7349726369106897	0.7539117719808797	13.708907849910652	0.6969373526562486	11.225545559202104	3.4003080351317956	2.82977346826494	7370.259997361
crauste_2_1em4	crauste	3	lso_phase_a_lambda_1em01	LSO LM log-space λ=1e-01, Δ=10, baseline tol	phase_a	lso_log	0.1	10.0	baseline	ok		ungated	19	25.974128606002424	25.974128606002424	5.278528167382495e6	0.2877175152913365	25.974128606002424	1.7349726369106897	0.7535626784351124	13.696326983285042	0.6968099359021451	11.22061059038993	3.3973727297527248	2.828637324556569	7291.12731966
brusselator_3_1em4	brusselator	4	scalar_log_control	Scalar log-space λ=0	control	scalar_log	0.0		baseline	ok		ungated	20	2.2645680174686134	2.2645680174686134	4.363550752997529	0.45927532494568923	20.334331466217744	2.2645680174686134	0.3122778935045773	0.9850396313392192	0.3122778935045773	0.9850396313392192	0.8160802095279999	0.8160802095279999	571.622542437
brusselator_3_1em4	brusselator	4	fastlm_log_control	Bounded FastLM log-space λ=0	control	fastlm_log	0.0		baseline	ok		ungated	20	2.2645680174686134	2.2645680174686134	4.363550752997529	0.45927532494568923	20.334331466217744	2.2645680174686134	6.8287147509652195	36.59398496240602	2.2645680174686134	6.6922556480900015	21.290808010776665	5.237547661749929	5.727616336
brusselator_3_1em4	brusselator	4	lso_phase_a_lambda_0	LSO LM log-space λ=0, Δ=10, baseline tol	phase_a	lso_log	0.0	10.0	baseline	ok		ungated	20	2.2645680174686134	2.2645680174686134	4.363550752997529	0.45927532494568923	20.334331466217744	2.2645680174686134	6.8287147509652195	36.59398496240602	2.2645680174686134	6.6922556480900015	21.290808010776665	5.237547661749929	6.315467117
brusselator_3_1em4	brusselator	4	lso_phase_a_lambda_1em04	LSO LM log-space λ=1e-04, Δ=10, baseline tol	phase_a	lso_log	0.0001	10.0	baseline	ok		ungated	20	2.2645680174686134	2.2645680174686134	4.363550752997529	0.45927532494568923	20.334331466217744	2.2645680174686134	6.8287147509652195	36.59398496240602	2.2645680174686134	6.6922556480900015	21.290808010776665	5.237547661749929	6.260888183
brusselator_3_1em4	brusselator	4	lso_phase_a_lambda_1em03	LSO LM log-space λ=1e-03, Δ=10, baseline tol	phase_a	lso_log	0.001	10.0	baseline	ok		ungated	20	2.2645680174686134	2.2645680174686134	4.363550752997529	0.45927532494568923	20.334331466217744	2.2645680174686134	6.8287147509652195	36.59398496240602	2.2645680174686134	6.6922556480900015	21.290808010776665	5.237547661749929	6.550274831
brusselator_3_1em4	brusselator	4	lso_phase_a_lambda_1em02	LSO LM log-space λ=1e-02, Δ=10, baseline tol	phase_a	lso_log	0.01	10.0	baseline	ok		ungated	20	2.2645680174686134	2.2645680174686134	4.363550752997529	0.45927532494568923	20.334331466217744	2.2645680174686134	6.8287147509652195	36.59398496240602	2.2645680174686134	6.6922556480900015	21.290808010776665	5.237547661749929	6.954289314
brusselator_3_1em4	brusselator	4	lso_phase_a_lambda_1em01	LSO LM log-space λ=1e-01, Δ=10, baseline tol	phase_a	lso_log	0.1	10.0	baseline	ok		ungated	20	2.2645680174686134	2.2645680174686134	4.363550752997529	0.45927532494568923	20.334331466217744	2.2645680174686134	9.606318207305023	36.59398496240602	2.2645680174686134	6.6922556480900015	26.45522640629869	5.237547661749929	5.324899782
seir_3_1em4	seir	4	scalar_log_control	Scalar log-space λ=0	control	scalar_log	0.0		baseline	ok		ungated	345	3.228605732071512	3.228605732071512	3.6461729932043996	0.07043501513654775	3.228605732071512	0.30190204918040964	0.24876633494782346	0.9743230517767225	0.1614545805433233	0.6221559345575596	0.6416682118105088	0.37318726731433716	571.953861089
seir_3_1em4	seir	4	fastlm_log_control	Bounded FastLM log-space λ=0	control	fastlm_log	0.0		baseline	ok		ungated	345	3.228605732071512	3.228605732071512	3.6461729932043996	0.07043501513654775	3.228605732071512	0.30190204918040964	0.050546223087905094	0.15621864756927537	0.038864151232310386	0.11852242673704183	0.08876118967174502	0.06908212582302987	141.245848199
seir_3_1em4	seir	4	lso_phase_a_lambda_0	LSO LM log-space λ=0, Δ=10, baseline tol	phase_a	lso_log	0.0	10.0	baseline	ok		ungated	345	3.228605732071512	3.228605732071512	3.6461729932043996	0.07043501513654775	3.228605732071512	0.30190204918040964	0.07541141422671369	0.2392162874521484	0.07048213448710841	0.23226517867732954	0.12990802745394447	0.12990802745394447	1966.982176064
seir_3_1em4	seir	4	lso_phase_a_lambda_1em04	LSO LM log-space λ=1e-04, Δ=10, baseline tol	phase_a	lso_log	0.0001	10.0	baseline	ok		ungated	345	3.228605732071512	3.228605732071512	3.6461729932043996	0.07043501513654775	3.228605732071512	0.30190204918040964	0.09514156024473847	0.30743726363263607	0.09514156024473847	0.30743726363263607	0.16243297619631683	0.16243297619631683	1329.512819105
seir_3_1em4	seir	4	lso_phase_a_lambda_1em03	LSO LM log-space λ=1e-03, Δ=10, baseline tol	phase_a	lso_log	0.001	10.0	baseline	ok		ungated	345	3.228605732071512	3.228605732071512	3.6461729932043996	0.07043501513654775	3.228605732071512	0.30190204918040964	0.09523056352242808	0.3079985437636386	0.09523056352242808	0.3079985437636386	0.16260396808080782	0.16260396808080782	1178.865840326
seir_3_1em4	seir	4	lso_phase_a_lambda_1em02	LSO LM log-space λ=1e-02, Δ=10, baseline tol	phase_a	lso_log	0.01	10.0	baseline	ok		ungated	345	3.228605732071512	3.228605732071512	3.6461729932043996	0.07043501513654775	3.228605732071512	0.30190204918040964	3.6461729932043996	24.815077471919864	0.09604069089824283	0.3125815711177737	9.471922490724587	0.16527132489835833	1135.309458061
seir_3_1em4	seir	4	lso_phase_a_lambda_1em01	LSO LM log-space λ=1e-01, Δ=10, baseline tol	phase_a	lso_log	0.1	10.0	baseline	ok		ungated	345	3.228605732071512	3.228605732071512	3.6461729932043996	0.07043501513654775	3.228605732071512	0.30190204918040964	3.6461729932043996	24.815077471919864	0.11292312179519552	0.41810319324458006	9.471922490724587	0.2501538931712942	737.019799967
biohydrogenation_4_1em4	biohydrogenation	5	scalar_log_control	Scalar log-space λ=0	control	scalar_log	0.0		baseline	ok		ungated	189	0.2869486192793021	0.2869486192793021	0.6065082500191735	0.11991686657847594	0.2869486192793021	0.43184435288150974	0.37405012975183205	0.9874213834830676	0.2869486192793021	1.5431130745763466	0.6213681200123071	0.5227036261920815	260.249734155
biohydrogenation_4_1em4	biohydrogenation	5	fastlm_log_control	Bounded FastLM log-space λ=0	control	fastlm_log	0.0		baseline	ok		ungated	189	0.2869486192793021	0.2869486192793021	0.6065082500191735	0.11991686657847594	0.2869486192793021	0.43184435288150974	0.262303222341874	0.9999874213836478	0.16765546604903156	0.9999544954947527	0.36210373255746003	0.36197704923192997	91.611609724
biohydrogenation_4_1em4	biohydrogenation	5	lso_phase_a_lambda_0	LSO LM log-space λ=0, Δ=10, baseline tol	phase_a	lso_log	0.0	10.0	baseline	ok		ungated	189	0.2869486192793021	0.2869486192793021	0.6065082500191735	0.11991686657847594	0.2869486192793021	0.43184435288150974	0.2536940379840659	0.9999874213836478	0.12206554468804942	0.46617147112589563	0.3440280123374484	0.20055392919373338	988.381286295
biohydrogenation_4_1em4	biohydrogenation	5	lso_phase_a_lambda_1em04	LSO LM log-space λ=1e-04, Δ=10, baseline tol	phase_a	lso_log	0.0001	10.0	baseline	ok		ungated	189	0.2869486192793021	0.2869486192793021	0.6065082500191735	0.11991686657847594	0.2869486192793021	0.43184435288150974	0.6065082500191735	4.204137148566263	0.18571714650111223	2.1937957354840742	1.7786389688071869	0.6157912162325452	88.992727075
biohydrogenation_4_1em4	biohydrogenation	5	lso_phase_a_lambda_1em03	LSO LM log-space λ=1e-03, Δ=10, baseline tol	phase_a	lso_log	0.001	10.0	baseline	ok		ungated	189	0.2869486192793021	0.2869486192793021	0.6065082500191735	0.11991686657847594	0.2869486192793021	0.43184435288150974	0.6065082500191735	4.204137148566263	0.1702553210082327	1.9126718563831049	1.7786389688071869	0.5228511715156788	57.339428938
biohydrogenation_4_1em4	biohydrogenation	5	lso_phase_a_lambda_1em02	LSO LM log-space λ=1e-02, Δ=10, baseline tol	phase_a	lso_log	0.01	10.0	baseline	ok		ungated	189	0.2869486192793021	0.2869486192793021	0.6065082500191735	0.11991686657847594	0.2869486192793021	0.43184435288150974	0.6065082500191735	4.204137148566263	0.17012563858730503	1.5851597789309366	1.7786389688071869	0.591183653932499	47.996819635
biohydrogenation_4_1em4	biohydrogenation	5	lso_phase_a_lambda_1em01	LSO LM log-space λ=1e-01, Δ=10, baseline tol	phase_a	lso_log	0.1	10.0	baseline	ok		ungated	189	0.2869486192793021	0.2869486192793021	0.6065082500191735	0.11991686657847594	0.2869486192793021	0.43184435288150974	0.6065082500191735	4.204137148566263	0.19216217097205418	1.8411401370289227	1.7786389688071869	0.5808833789747567	36.43981341
brusselator_7_1em4	brusselator	8	scalar_log_control	Scalar log-space λ=0	control	scalar_log	0.0		baseline	ok		ungated	0	Inf	Inf	Inf	2.1061706330517502	Inf	6.136867167067103	Inf	Inf	Inf	Inf	Inf	Inf	0.004752752
brusselator_7_1em4	brusselator	8	fastlm_log_control	Bounded FastLM log-space λ=0	control	fastlm_log	0.0		baseline	ok		ungated	0	Inf	Inf	Inf	2.1061706330517502	Inf	6.136867167067103	Inf	Inf	Inf	Inf	Inf	Inf	0.004102143
brusselator_7_1em4	brusselator	8	lso_phase_a_lambda_0	LSO LM log-space λ=0, Δ=10, baseline tol	phase_a	lso_log	0.0	10.0	baseline	ok		ungated	0	Inf	Inf	Inf	2.1061706330517502	Inf	6.136867167067103	Inf	Inf	Inf	Inf	Inf	Inf	0.003385732
brusselator_7_1em4	brusselator	8	lso_phase_a_lambda_1em04	LSO LM log-space λ=1e-04, Δ=10, baseline tol	phase_a	lso_log	0.0001	10.0	baseline	ok		ungated	0	Inf	Inf	Inf	2.1061706330517502	Inf	6.136867167067103	Inf	Inf	Inf	Inf	Inf	Inf	0.003479784
brusselator_7_1em4	brusselator	8	lso_phase_a_lambda_1em03	LSO LM log-space λ=1e-03, Δ=10, baseline tol	phase_a	lso_log	0.001	10.0	baseline	ok		ungated	0	Inf	Inf	Inf	2.1061706330517502	Inf	6.136867167067103	Inf	Inf	Inf	Inf	Inf	Inf	0.003672787
brusselator_7_1em4	brusselator	8	lso_phase_a_lambda_1em02	LSO LM log-space λ=1e-02, Δ=10, baseline tol	phase_a	lso_log	0.01	10.0	baseline	ok		ungated	0	Inf	Inf	Inf	2.1061706330517502	Inf	6.136867167067103	Inf	Inf	Inf	Inf	Inf	Inf	0.003671781
brusselator_7_1em4	brusselator	8	lso_phase_a_lambda_1em01	LSO LM log-space λ=1e-01, Δ=10, baseline tol	phase_a	lso_log	0.1	10.0	baseline	ok		ungated	0	Inf	Inf	Inf	2.1061706330517502	Inf	6.136867167067103	Inf	Inf	Inf	Inf	Inf	Inf	0.003460406
hiv_4_1em4	hiv	5	scalar_log_control	Scalar log-space λ=0	control	scalar_log	0.0		baseline	ok		ungated	172	12.680963612766515	12.680963612766515	188.2579194616824	0.9037001777101372	12.680963612766515	1.8079030749076195	1.5636544328035242	9.064345610167482	0.32895907789621054	0.9989665604714573	2.6661919519914687	0.5953204812906343	581.30599509
hiv_4_1em4	hiv	5	fastlm_log_control	Bounded FastLM log-space λ=0	control	fastlm_log	0.0		baseline	ok		ungated	172	12.680963612766515	12.680963612766515	188.2579194616824	0.9037001777101372	12.680963612766515	1.8079030749076195	0.9035451243750342	5.8616406514661845	0.9035451243750342	5.8616406514661845	1.5134759430279445	1.5134759430279445	307.954287813
hiv_4_1em4	hiv	5	lso_phase_a_lambda_0	LSO LM log-space λ=0, Δ=10, baseline tol	phase_a	lso_log	0.0	10.0	baseline	ok		ungated	172	12.680963612766515	12.680963612766515	188.2579194616824	0.9037001777101372	12.680963612766515	1.8079030749076195	0.9035450157662426	5.8616399468772995	0.9035450157662426	5.8616399468772995	1.5134757611036675	1.5134757611036675	11489.675525325
hiv_4_1em4	hiv	5	lso_phase_a_lambda_1em04	LSO LM log-space λ=1e-04, Δ=10, baseline tol	phase_a	lso_log	0.0001	10.0	baseline	ok		ungated	172	12.680963612766515	12.680963612766515	188.2579194616824	0.9037001777101372	12.680963612766515	1.8079030749076195	0.28937614492531416	1.8771798012046594	0.28934544879878776	1.8769806503308548	0.484726593672813	0.48467517736378485	12302.841370284
hiv_4_1em4	hiv	5	lso_phase_a_lambda_1em03	LSO LM log-space λ=1e-03, Δ=10, baseline tol	phase_a	lso_log	0.001	10.0	baseline	ok		ungated	172	12.680963612766515	12.680963612766515	188.2579194616824	0.9037001777101372	12.680963612766515	1.8079030749076195	0.11627264005894411	0.7472183782594216	0.11627264005894411	0.7472183782594216	0.19593422393241977	0.19593422393241977	10213.406464615
hiv_4_1em4	hiv	5	lso_phase_a_lambda_1em02	LSO LM log-space λ=1e-02, Δ=10, baseline tol	phase_a	lso_log	0.01	10.0	baseline	ok		ungated	172	12.680963612766515	12.680963612766515	188.2579194616824	0.9037001777101372	12.680963612766515	1.8079030749076195	0.12485056936221044	0.681966962168638	0.12485056936221044	0.681966962168638	0.22884196209958516	0.22884196209958516	10783.154710765
hiv_4_1em4	hiv	5	lso_phase_a_lambda_1em01	LSO LM log-space λ=1e-01, Δ=10, baseline tol	phase_a	lso_log	0.1	10.0	baseline	ok		ungated	172	12.680963612766515	12.680963612766515	188.2579194616824	0.9037001777101372	12.680963612766515	1.8079030749076195	0.1723775768838286	1.152638472641069	0.1723775768838286	1.152638472641069	0.3536115084936498	0.3536115084936498	6773.481460135
