0.0,0.3579833628295142,0.6192435121400075,0.1571820434358701,0.93799679157352
0.0133511348464619,0.36067273109958325,0.6186576725483405,0.15716718379136496,0.9379417238201891
0.0267022696929239,0.36318755566193567,0.6183115944023296,0.1571674799033843,0.9379094441255156
0.0400534045393858,0.3657919628926754,0.6176915635506733,0.15715820009830583,0.9379778206205246
0.0534045393858478,0.3684061010202908,0.6173117434845659,0.15718439156423444,0.9378552287761022
0.0667556742323097,0.3708574246721954,0.6170228031046153,0.15716837397642872,0.9380100332558202
0.0801068090787717,0.3733557120639998,0.6164322085504512,0.15715908411476534,0.9380801986101944
0.0934579439252336,0.375855188313779,0.6160668744566344,0.1571771243940737,0.9378600154773988
0.1068090787716956,0.3783084622558847,0.615662826709401,0.15716198223569283,0.9377401205157408
0.1201602136181575,0.38074009749606974,0.6152049892567859,0.15716774184768878,0.9381916774370415
0.1335113484646194,0.38305478586745356,0.6149737876829525,0.15717517230185138,0.937881729129248
0.1468624833110814,0.38562695992454865,0.6144092247896774,0.15719697563644394,0.9381026488177089
0.1602136181575434,0.38771102337541086,0.6140206862165039,0.157173325920201,0.938079351181577
0.1735647530040053,0.39012608555077716,0.6135634481072869,0.15717128734677308,0.938040508222228
0.1869158878504672,0.39237349629693735,0.6130770211888361,0.1571626496032584,0.9379090341916924
0.2002670226969292,0.394719223444901,0.6129011786255429,0.1572034123435847,0.9378560318266144
0.2136181575433912,0.3969623665665804,0.6123648293213478,0.15716669732872562,0.9380208455517809
0.2269692923898531,0.3992145311056362,0.6120615707446574,0.1571659337413397,0.9378686380579063
0.240320427236315,0.40120715537257357,0.6116091201553558,0.15719251580570742,0.9378294634528062
0.253671562082777,0.40343174272058285,0.6112883739190532,0.15720729245671133,0.9378949050456535
0.2670226969292389,0.40554560207895013,0.6108484571900196,0.1571800732107965,0.9379676867806499
0.2803738317757009,0.4077195809997979,0.6106118783315452,0.1571703682733055,0.937770164336501
0.2937249666221629,0.4097603905093028,0.6102206067534336,0.1572064012673615,0.937966805636901
0.3070761014686248,0.41183188902602197,0.6099663414754003,0.15716349733395724,0.9379881351222638
0.3204272363150868,0.41398408742209475,0.6096181160475669,0.15718646630354674,0.9380838735242824
0.3337783711615487,0.41588234365959587,0.609046856669576,0.15718074199936413,0.9381032808323485
0.3471295060080107,0.41794825007432157,0.6088132584488906,0.15717174942301632,0.9381226484711501
0.3604806408544726,0.4198561526695958,0.608545322635008,0.15716202810217372,0.9378977445536709
0.3738317757009345,0.42177477329242,0.6082118844680546,0.15715323883145457,0.9379589905323276
0.3871829105473965,0.4237964635083173,0.6079486148564022,0.1571497573830104,0.937899660701623
0.4005340453938584,0.4256394297778244,0.6076091166610362,0.15719822476369333,0.937902056585882
0.4138851802403204,0.4275490667403989,0.6073067860434848,0.15715836132278455,0.9379000175588528
0.4272363150867824,0.42934792904376096,0.6069917084100865,0.15713504163660774,0.9379706444115169
0.4405874499332443,0.43115846968226235,0.6067171809167358,0.15717534797893631,0.9379458250779494
0.4539385847797063,0.433075329288041,0.6064276216592398,0.1571934285843814,0.9379127624821791
0.4672897196261682,0.4349454785904744,0.6061237911770653,0.1571610668091476,0.9378379697759085
0.4806408544726301,0.4366379784780122,0.6057837854539104,0.15717976888378965,0.938026009821303
0.4939919893190921,0.4385044259741015,0.6055301342155017,0.15713595325585678,0.9377459410203169
0.507343124165554,0.44012696683550845,0.6052033055535209,0.15720129070462277,0.9379437063121849
0.520694259012016,0.44193373376444234,0.604987971797896,0.15719095726546764,0.9380716044660318
0.5340453938584779,0.4436486313913075,0.6047694205138594,0.15719241104952797,0.9379735657230109
0.5473965287049399,0.44525891040536814,0.6044070857090693,0.1571589333530448,0.9378945389491375
0.5607476635514018,0.4470134139570782,0.6041687640255251,0.15718172005925296,0.937892235237459
0.5740987983978638,0.4486746277160782,0.6039418407011868,0.1571558070024646,0.9378595891880598
0.5874499332443258,0.4501927960998368,0.6036621029202401,0.15718498584794882,0.9379025731678597
0.6008010680907877,0.45171020062788725,0.6033757825551932,0.15717678263912357,0.9380727604968653
0.6141522029372497,0.4533873421787041,0.603164338346351,0.1571744117882393,0.937832976429724
0.6275033377837116,0.4550148833991342,0.6028474564793629,0.15720407754554777,0.9379421695537066
0.6408544726301736,0.4565559828555911,0.6025383904633325,0.15716912010770145,0.9380195718948351
0.6542056074766355,0.4582000761818308,0.6022776899781355,0.15720447903150914,0.9379022197790421
0.6675567423230975,0.4597826369886822,0.602080863671157,0.1571793537490578,0.937889474280819
0.6809078771695594,0.4613639947244388,0.6019969505910449,0.15718319823817237,0.9379481770146344
0.6942590120160214,0.4627102551154109,0.6016522696196976,0.15717348649725177,0.9380059714995569
0.7076101468624834,0.4642111812412185,0.6014509161452103,0.1571589040410671,0.9379615690884996
0.7209612817089452,0.46566677744659557,0.6013174856616694,0.15719409153548242,0.9378614198580886
0.7343124165554072,0.4671896120302667,0.6011062339464925,0.15715013093747632,0.9378004245644275
0.7476635514018691,0.4684847696972618,0.600775238085185,0.15720522231685433,0.9379137171811659
0.7610146862483311,0.47001281092654873,0.6006041794701403,0.15717575085948357,0.9380290064322683
0.774365821094793,0.47130316233979663,0.6003699424649591,0.15719130018399524,0.9379061196495243
0.787716955941255,0.47281739048414007,0.6001587679670174,0.15716134422992134,0.937949480767976
0.8010680907877169,0.47419720695838935,0.5999808851911099,0.15717725875022637,0.9379259831368546
0.8144192256341789,0.4754302975878753,0.5998236461092799,0.15716291386411518,0.9381942298754616
0.8277703604806409,0.4766931125960789,0.5996292479027253,0.15717232534806663,0.937935812195541
0.8411214953271028,0.4781283968955964,0.599502078877434,0.15720766352380658,0.9379347392621766
0.8544726301735648,0.47944173784269994,0.599179204561499,0.1571742438553281,0.9377998091081827
0.8678237650200267,0.48084380053012254,0.5990254299862351,0.15716800484741505,0.9379902383712482
0.8811748998664887,0.48214412243856114,0.5989754527764785,0.157177750718894,0.9379484649233103
0.8945260347129506,0.48335505044448374,0.5986637097382705,0.15713516123605636,0.9380649076068509
0.9078771695594126,0.4845685268223057,0.5984457197839611,0.15716638051771703,0.9381941833899077
0.9212283044058746,0.48578804511782137,0.598414934613894,0.15719244823382128,0.9381107378659127
0.9345794392523364,0.4869913066501782,0.5981792118451659,0.15716765653128287,0.937915317615139
0.9479305740987984,0.48823888641016894,0.5979144125658766,0.1571999274150086,0.937990045001473
0.9612817089452604,0.48945680696357297,0.5977129044146406,0.15719083835989867,0.9380861129600417
0.9746328437917224,0.4907028698203615,0.5977577019917464,0.15718416238545463,0.9380427878361567
0.9879839786381842,0.49179085550108154,0.5974970464738627,0.15718487472918632,0.9379575063690241
1.0013351134846462,0.4931302882080045,0.5973076821862593,0.15715840657297256,0.937954378816475
1.014686248331108,0.4941763709267895,0.5971467742025254,0.15717047964139974,0.9379064520748701
1.02803738317757,0.4953017762491013,0.5970828930310569,0.15719756833588636,0.9379093772928487
1.041388518024032,0.49649039246871984,0.5969433727144959,0.15718539102527482,0.9378388714951208
1.054739652870494,0.4975965285738745,0.5966883605449976,0.15716456637305337,0.9378794833653986
1.068090787716956,0.4986738706968907,0.5965925249677785,0.15716237751404347,0.9379017488513587
1.081441922563418,0.4998051481206722,0.5964620367128983,0.15719077074778498,0.9380717107459511
1.09479305740988,0.5008345270985856,0.5963025244368279,0.15716715038818996,0.9379907746572084
1.1081441922563418,0.501919698632103,0.5961154358337731,0.1571878086405416,0.9378060161984976
1.1214953271028036,0.5029654729345421,0.5960743263592042,0.15718022582660787,0.9379089760957652
1.1348464619492658,0.5039628109772942,0.5958676862914302,0.1571944657396082,0.9380028095759024
1.1481975967957276,0.5050164355696425,0.5957966418726278,0.15718873919929766,0.9379264071758706
1.1615487316421895,0.5061198159335936,0.5956308314258113,0.15715365207203683,0.9379377988020816
1.1748998664886516,0.5069352456461285,0.5955480462273193,0.15717002070191322,0.9378495761068918
1.1882510013351135,0.5081200628615113,0.5954389814172092,0.1572057086803527,0.9378970708575239
1.2016021361815754,0.5091149790428239,0.595230754493465,0.1571836114065161,0.9380872329530368
1.2149532710280373,0.5100311962891497,0.5951642742714319,0.15718719144856316,0.9379104687693914
1.2283044058744994,0.511057249775113,0.5950468595221157,0.15718244136710133,0.9380035587182578
1.2416555407209613,0.5118966575684996,0.5948319720657615,0.15717989687736633,0.938152344216216
1.2550066755674232,0.5128514379351541,0.5947708906280766,0.157182441168828,0.9380337437341727
1.2683578104138853,0.5139007451086667,0.5947558826695777,0.1571748907611074,0.9379169079107614
1.2817089452603472,0.5147216233051631,0.5945240236221423,0.15717643844258025,0.9380627171447066
1.295060080106809,0.5157499199438196,0.5944998623436123,0.15717889679694175,0.9379010039912006
1.308411214953271,0.5166504665704448,0.5943073360784261,0.1571543730883746,0.9379863469569794
1.321762349799733,0.5174815329017234,0.5943063680946596,0.15718892197797818,0.9379899171379581
1.335113484646195,0.5185141547892841,0.5941534141369407,0.15718516184396716,0.9379855435314661
1.3484646194926568,0.5193598516965003,0.5940010428092575,0.157183022055754,0.9380036714687929
1.3618157543391187,0.5203307955499689,0.5939656290007117,0.15719880889850224,0.9380527004542459
1.3751668891855808,0.5210978663737393,0.593918198707774,0.15717092412276434,0.9380415277563059
1.3885180240320427,0.5220001230119921,0.5936981955992373,0.15716162707551537,0.9378831486615643
1.4018691588785046,0.5228143307056992,0.5935649078427622,0.15719331796203506,0.9379948085649631
1.4152202937249667,0.5235761736099019,0.5935643496153666,0.1571649832172665,0.9379538452582412
1.4285714285714286,0.5244091909782196,0.5933685270840944,0.1571569101317737,0.9379292940450353
1.4419225634178905,0.5251732596792397,0.5932728473156546,0.1572049104316911,0.9379896260327582
1.4552736982643524,0.5260602807584015,0.5933549990819006,0.15717487089128068,0.9379883690352658
1.4686248331108145,0.5269114787725507,0.5931907986899161,0.15717666139505992,0.9380044765892784
1.4819759679572764,0.527612746553135,0.5931447235106475,0.15714882975469022,0.9381290586360657
1.4953271028037385,0.5285213874339615,0.5932053531563704,0.1571821747617852,0.9378140224733311
1.5086782376502004,0.5292748459196328,0.5929871143291419,0.157160925141719,0.93781775218344
1.5220293724966625,0.5300563142810207,0.5929887425712568,0.15716723092808174,0.9379139820703873
1.535380507343124,0.5307433140550152,0.592789468124352,0.15719225520442573,0.9379443546075577
1.548731642189586,0.5315155520764715,0.5927558415967304,0.1571763837822109,0.9378918815760839
1.562082777036048,0.5324014563494762,0.592703419673055,0.1571801261824729,0.9378162808096372
1.57543391188251,0.533022766018077,0.5926446181939801,0.1571648778780293,0.9379472073577239
1.588785046728972,0.5337494027735508,0.5925750919392611,0.1571829340924475,0.9379540828534615
1.6021361815754338,0.5344740127181227,0.592517635229614,0.15715520716349515,0.9379182983040809
1.615487316421896,0.5351406370573286,0.5924082315161028,0.1571600517316995,0.9379695014464813
1.6288384512683578,0.5358832797506472,0.5922932078822976,0.1571546237398097,0.9378590187824786
1.6421895861148197,0.5367257624468607,0.5922673824402449,0.1571708206080721,0.9378353244890468
1.6555407209612818,0.53736013576252,0.5922200889387007,0.15716565792493875,0.9380271215586289
1.6688918558077437,0.5379926853133447,0.5921378585405707,0.15718832023525167,0.9379522296481488
1.6822429906542056,0.5387136795231734,0.5921306784736092,0.1571778384465282,0.9379544882224937
1.6955941255006677,0.5393607014534548,0.5920817845009001,0.15719952860731326,0.9380205034175964
1.7089452603471296,0.5399713516245039,0.5920310389691776,0.1571803489300519,0.9378238754711189
1.7222963951935917,0.5407403578509766,0.5919229769338439,0.1571764152672513,0.9378976150425448
1.7356475300400531,0.5412412554762849,0.5919848323045869,0.15717040552507083,0.937861711595488
1.7489986648865157,0.5419498331903819,0.5917706107509529,0.15714428390377608,0.9379103290465626
1.7623497997329771,0.5427564224006258,0.5917350835818018,0.15721228165922468,0.938022536866007
1.7757009345794392,0.5433317487280002,0.5917151035522887,0.1571698320908296,0.9379862004146452
1.7890520694259011,0.5440029139593859,0.5917058251935222,0.15720159186160526,0.9379579295860379
1.8024032042723632,0.5444777204676681,0.5916857630651757,0.1571668825085698,0.9378727569247516
1.815754339118825,0.5452052835364626,0.5916761070940149,0.15718483246756976,0.9380054655661392
1.829105473965287,0.5458206054955135,0.5915506659757384,0.15715071178831774,0.9378931178343111
1.842456608811749,0.546448283898096,0.591516529445916,0.15716281274633,0.937870655434952
1.855807743658211,0.5469057505233704,0.5914943639561231,0.15718547815362632,0.9381695859839873
1.8691588785046729,0.5475098563108122,0.5915261205327108,0.15714927689870262,0.9379652336705787
1.8825100133511348,0.5481776029238192,0.5913558838934249,0.15715577865658784,0.9379478563672107
1.8958611481975969,0.5487631149561263,0.5914220727723776,0.1571651885212114,0.938070883321274
1.9092122830440588,0.5493806467887846,0.5913383444727268,0.15718670974607163,0.9379015092558183
1.9225634178905209,0.549874712250044,0.591290113486332,0.15717413340397596,0.9381146573507082
1.9359145527369823,0.5503081971767125,0.5912456947158671,0.1571641549333017,0.9380764998039458
1.9492656875834449,0.551014389070714,0.5912431612765864,0.15718660460809356,0.9378579427427566
1.9626168224299063,0.5515261806049225,0.5912599955775877,0.15716854861185617,0.9377635883260471
1.9759679572763684,0.55213129081851,0.5911150844789366,0.1571932569579281,0.9379176399889534
1.9893190921228303,0.5526211937855144,0.591130191347919,0.1571810615102417,0.9380474365272505
2.0026702269692924,0.5531162683716006,0.59120236034582,0.15719290645923054,0.938075156644942
2.0160213618157545,0.5536822874264916,0.5910207572652867,0.15714317053917878,0.937956762939048
2.029372496662216,0.554207860354817,0.5910612477731266,0.15720154292307417,0.9378889733869603
2.0427236315086783,0.5548344473176444,0.5910706473945578,0.1571784544239572,0.9381078159103515
2.05607476635514,0.5552624632118874,0.5909835686433927,0.15719432568862513,0.9379089017607483
2.069425901201602,0.5557608883369081,0.5910175605643733,0.15718514269249154,0.9380653411478262
2.082777036048064,0.556277468946928,0.5910171148406645,0.15717025607046048,0.9378927778101327
2.096128170894526,0.5568661147601534,0.5910280757363231,0.15717711580725283,0.9380186904358084
2.109479305740988,0.5572884679778924,0.5909293334615907,0.15718802895320672,0.9378811380122206
2.12283044058745,0.5576990876833654,0.5908170681236088,0.15716360452859926,0.9379621483264805
2.136181575433912,0.5582235257815995,0.5909001722317166,0.15719044127884416,0.9380424783214037
2.149532710280374,0.5587651004489179,0.5907600067970185,0.15717937648305597,0.9378489499149429
2.162883845126836,0.5591541314201581,0.5908965344737532,0.15717075272432232,0.9379187423705678
2.1762349799732976,0.5597628485503755,0.5908412195091243,0.15717688834738047,0.9378647033138784
2.18958611481976,0.5601591850527311,0.5909040559584597,0.15719225218056743,0.937948409178915
2.202937249666222,0.5605664341561638,0.5907732038043263,0.1571661934986445,0.9380246959431593
2.2162883845126835,0.5610172644334616,0.5908335955821178,0.15717383391275117,0.9380672350321589
2.2296395193591456,0.5613729728427713,0.5906735439643777,0.15720658921424321,0.9379825135296859
2.2429906542056077,0.5619714338294749,0.5907933474937903,0.1571586191129276,0.9378942415640751
2.2563417890520694,0.5624077811260013,0.5907315717282908,0.15717853102007667,0.9379150071657882
2.2696929238985315,0.5628360327651147,0.5908350322727148,0.15717154208676273,0.9379900252267623
2.283044058744993,0.5633423056379874,0.5906618901251242,0.1571802495513372,0.9378558698852696
2.2963951935914557,0.5637099942475531,0.5906867464371915,0.15717461585670606,0.9377938172508
2.3097463284379174,0.5641626573821374,0.5907585036991183,0.15716844145332998,0.9379252365100115
2.323097463284379,0.5645568044219105,0.5907043462478485,0.15716296750521613,0.9378963119816988
2.336448598130841,0.5650236777965678,0.5907421929916177,0.15715348285354766,0.9379546568866256
2.3497997329773037,0.5655489464924919,0.5907275885906597,0.1571884996723544,0.9379590404530312
2.363150867823765,0.5658848118884747,0.5905673960076978,0.1571835223196383,0.9379309367217175
2.376502002670227,0.5662555035126847,0.5906862171872671,0.15717210743927149,0.9378272824995617
2.3898531375166887,0.5667201900122109,0.5907029147573738,0.15715073834973953,0.9378786025147084
2.403204272363151,0.5670494942472202,0.5907425420442632,0.1571964572471829,0.9378779788589324
2.416555407209613,0.567473223964136,0.5906604593081904,0.15717323723886545,0.9381088619735132
2.4299065420560746,0.5678535990736401,0.5906247287987265,0.15717348808619314,0.9379318518031666
2.4432576769025367,0.5681919837107648,0.5906387773787283,0.15718777747883989,0.9380772045364099
2.456608811748999,0.5686396009001935,0.5907353719211058,0.15716317654602152,0.9379848708389334
2.4699599465954605,0.5691503956271073,0.5906011280592193,0.1571448685649191,0.9379023943088015
2.4833110814419226,0.5694345181040374,0.5907121274180062,0.15717403581914352,0.9379393951323355
2.4966622162883847,0.5697557878374649,0.590649340907654,0.1571803669006556,0.9381093612984122
2.5100133511348464,0.5700388289042126,0.5906053884470961,0.15716355420910555,0.9378760203939931
2.5233644859813085,0.570496840974704,0.5906563945542447,0.15718542292057855,0.9379624333151682
2.5367156208277706,0.5708238249305421,0.5907382252687009,0.15717343304743836,0.938025325253947
2.550066755674232,0.5712575975471778,0.5907613045898373,0.15714764522850436,0.9380231088724915
2.5634178905206944,0.571575554001946,0.5906923414594414,0.1571553842019572,0.9379499453171447
2.576769025367156,0.5719698952886177,0.5906385077605814,0.15715746210033862,0.9381206551331478
2.590120160213618,0.5723448499786092,0.5908161176780888,0.1571590461653977,0.9381605610686635
2.60347129506008,0.5726691843774271,0.5908120011437173,0.15718986111423647,0.9378806813353887
2.616822429906542,0.5730204683439604,0.5907988959758786,0.15713496463658622,0.938053443808685
2.630173564753004,0.5733702271433609,0.5907899653204925,0.15716641004817797,0.9378766227621647
2.643524699599466,0.573623584982813,0.5907780102780172,0.15719867751468466,0.9379587262065787
2.656875834445928,0.574020496032107,0.5909177275214544,0.15721700375359668,0.9378666181908775
2.67022696929239,0.5744835044256089,0.5908052089027607,0.15716121715325157,0.9378337377525673
2.683578104138852,0.5748040283268994,0.5907310583506465,0.1571943753593609,0.9379719139170674
2.6969292389853137,0.5750636080952746,0.5909142882939806,0.1571734153200075,0.9379413225375343
2.710280373831776,0.5755364086989928,0.5908562672685514,0.15717010107337062,0.9379880413559458
2.723631508678237,0.5757859076525964,0.5907894718504165,0.15716192571035756,0.9380062186154305
2.7369826435247,0.5760803584083424,0.5908526243318095,0.15717469890579303,0.9380591893976223
2.7503337783711617,0.5763580043798006,0.5909814435060968,0.15717177448063543,0.9378213867940045
2.7636849132176238,0.5766724340136905,0.5908960160714505,0.15720317529360112,0.937969523192342
2.777036048064085,0.5769842949694093,0.5910325056023975,0.15714810226834058,0.9378163613054787
2.7903871829105475,0.5774421298464051,0.5908790050267924,0.15718511200156302,0.9380825085099966
2.803738317757009,0.5776469107870982,0.5909309290509285,0.15715716490541112,0.9381974157497708
2.8170894526034718,0.5778808324198249,0.5909780766604478,0.15716277443658452,0.9379609602563825
2.830440587449933,0.5783259410959869,0.5909866243004999,0.1571553877715176,0.9380505003450402
2.843791722296395,0.578555161886284,0.5908722341946763,0.15720548336485432,0.9379374216119815
2.857142857142857,0.5789284010758368,0.5910164260046469,0.1571640006961136,0.9379811841706599
2.870493991989319,0.579111351006564,0.5910285335888283,0.15721001749496036,0.9378152507655577
2.883845126835781,0.5794970227152201,0.591060095405821,0.15716628283216666,0.9379495165308341
2.897196261682243,0.5796784174466446,0.5911156500689125,0.15719457885370602,0.9378476502095219
2.9105473965287048,0.5798924406588313,0.5911266263892102,0.15717637003050738,0.9378296668620877
2.923898531375167,0.5802856691935998,0.5910931723261988,0.15718599395106825,0.9377549928127615
2.937249666221629,0.5806583632827034,0.5911006782398226,0.1571863901576025,0.9378259683346608
2.95060080106809,0.5808456667778105,0.5911429074911085,0.15718728703836268,0.9379708750072495
2.9639519359145527,0.5811834118793971,0.5912111940354868,0.15719520804818116,0.9380987541955773
2.977303070761015,0.5813138433388128,0.5912452793111116,0.15718303469597833,0.9379197506967577
2.9906542056074765,0.5815917537463283,0.591310215824886,0.1571874169454271,0.9379761261886745
3.004005340453938,0.5818904889523258,0.591308445046367,0.1571913846548385,0.9379151172892864
3.0173564753004007,0.5822322214523066,0.5913155399034222,0.15717186181123044,0.9378178230265043
3.0307076101468624,0.582547784508423,0.5912894906806018,0.15716730478394744,0.938065683015621
3.0440587449933245,0.5827998255894736,0.5913833441177803,0.1571512689790621,0.9379172179052689
3.057409879839786,0.5830552214433828,0.5913487627592472,0.1571816319868691,0.9379373486890334
3.0707610146862483,0.5833010139355206,0.5912472439373944,0.15718520473728215,0.938037806811038
3.0841121495327104,0.58366670699809,0.5913480581121577,0.15718020995448084,0.937973376799162
3.097463284379172,0.5838075347020215,0.5914111782780878,0.15718122023019826,0.937992467873064
3.110814419225634,0.5841359339647798,0.5913255163060603,0.15718260666136008,0.9378504608568283
3.1241655540720963,0.5844450812914512,0.5914223969252861,0.1571713790846775,0.9380097909169844
3.137516688918558,0.5845546506429048,0.5915126021755567,0.15715576368346135,0.9379247972145726
3.15086782376502,0.5847637698738027,0.5915931471384095,0.15720031912890006,0.9381640232920562
3.164218958611482,0.5851359610181128,0.5914793830404578,0.15717946958802823,0.9378046098754446
3.177570093457944,0.5854253942581246,0.5915620893356476,0.15717674628821204,0.9379507136329437
3.190921228304406,0.5856303263168884,0.5916624423807618,0.15713823435658356,0.9379783977433435
3.204272363150868,0.5858006441686436,0.591652134071404,0.15716092013681945,0.9380353122219605
3.2176234979973297,0.5860162949559833,0.59175442347984,0.1571911624703867,0.9379745657732671
3.230974632843792,0.5863138482688982,0.5916615826932976,0.1571821203458986,0.9378870945054948
3.244325767690253,0.5866596225697381,0.5917020159853178,0.15717942774276739,0.9379810840364374
3.257676902536716,0.5867899728895483,0.5917957832538723,0.15716475419937992,0.9380313348806237
3.2710280373831777,0.5869954515987331,0.5916958992097604,0.1571563427749455,0.9380139223373699
3.28437917222964,0.5870949189559347,0.5917541849611172,0.15717660910183687,0.9379749057107764
3.297730307076101,0.5874495290829149,0.5918238370171591,0.15717771545300066,0.9378787412771935
3.311081441922564,0.5877606586260832,0.5919201075931522,0.1571869304884506,0.937876967836226
3.3244325767690253,0.5880094381323389,0.5919146336171217,0.1571751052274843,0.9380610027943058
3.337783711615488,0.5881757945990186,0.5921064985612726,0.15716352554184995,0.9378892557781459
3.351134846461949,0.5883153998591051,0.5919630138718445,0.15716613375359145,0.9379136984011093
3.364485981308411,0.5886368661296245,0.5919340093848243,0.15717137558471847,0.9379886078680316
3.3778371161548733,0.5888651764412507,0.5921182848386375,0.15717219806988458,0.9380872350079936
3.391188251001335,0.5889970787827637,0.5919567997096943,0.15716752816377738,0.9381044999290031
3.404539385847797,0.5892934484914573,0.5921960728012883,0.15718334550710386,0.9379915809169884
3.417890520694259,0.5894123566151289,0.5920975013619619,0.1571566656409274,0.9380656265593779
3.431241655540721,0.5896229108121962,0.5922028029208067,0.1571365774075821,0.9379943151385307
3.444592790387183,0.5899095534587332,0.5922073491039007,0.15718489807695793,0.9379948612191321
3.457943925233645,0.590074122601365,0.5922691791601605,0.15719655924114617,0.9378935676316145
3.4712950600801067,0.5901985602243424,0.5923660647460147,0.15719576032361965,0.9378712869091224
3.484646194926569,0.5905962263415261,0.5923302488114672,0.15721031249741763,0.9378722856991469
3.497997329773031,0.5907069974153343,0.5924653914581528,0.15716386708727278,0.9379205440960517
3.511348464619493,0.5907484682063573,0.5924497347946205,0.15719218963808956,0.937905874909913
3.5246995994659547,0.5910718662983568,0.5924326994007358,0.15716016829441823,0.9379083421560485
3.5380507343124163,0.5912512021576352,0.5925045373168688,0.15716585089779528,0.9380359021864991
3.5514018691588785,0.5916172352118108,0.5925697860254616,0.15720398141314626,0.9379327060411864
3.564753004005341,0.591680013105964,0.5925532277937303,0.15717087177627453,0.9381891297643559
3.5781041388518022,0.5918490228453801,0.5926438732862823,0.1571381232247918,0.9379678408976889
3.5914552736982643,0.5921397302854391,0.5925722402923322,0.1571753135521711,0.9379274816300271
3.6048064085447264,0.5923540048836097,0.5926548068100882,0.15714445980760589,0.9381326070777807
3.618157543391188,0.5925438226608977,0.5927313757452799,0.1571650042607765,0.9379728231969818
3.63150867823765,0.5928286527324114,0.592774724433005,0.15717920115625791,0.9380036626440565
3.644859813084112,0.5928528415703379,0.5927684579219109,0.1571710398127023,0.9378556708557775
3.658210947930574,0.5930598009378855,0.5928155793421842,0.15717874192825698,0.938055149436233
3.671562082777036,0.5933074399015986,0.592914962221924,0.1571908072605103,0.937941943902419
3.684913217623498,0.5934250243119239,0.5929180495661475,0.15718129099609401,0.9380335451010784
3.69826435246996,0.5935514189115699,0.5929222664052152,0.15717878910019722,0.9379753156879252
3.711615487316422,0.5937015357402962,0.5929279517233257,0.15719082985907307,0.9379410651750053
3.724966622162884,0.5939325581478815,0.5929489217835923,0.15718304918045764,0.9380372991135968
3.7383177570093458,0.5941955041174114,0.5930807260154092,0.15715731197298866,0.937954884747927
3.751668891855808,0.5943591579032499,0.5929616546460971,0.15718400823199585,0.938054677121783
3.7650200267022695,0.5945334089792488,0.5930787684813233,0.15714541951885364,0.9377501016182672
3.778371161548732,0.594699601559181,0.5931120650631981,0.15717844211688242,0.9379277679790665
3.7917222963951938,0.5948727929934382,0.5932709493104555,0.1571721814276646,0.9379134296501099
3.805073431241656,0.5951122147178921,0.5932434866421868,0.15716957756042507,0.9379590818283742
3.8184245660881175,0.5952952274589727,0.5933090148591014,0.1571709470207684,0.9377899591149378
3.83177570093458,0.5953880910508307,0.5933098259410425,0.15717935568782887,0.9380487429386036
3.845126835781041,0.5954474042289549,0.5933430295858045,0.15716598556818542,0.9378652437583884
3.858477970627504,0.5957544263037239,0.5934861369560563,0.15716783397845824,0.9378442720756079
3.871829105473965,0.5958460998311196,0.5934815067925407,0.15717720969440047,0.9379715667859239
3.885180240320427,0.5960923422403459,0.5933811777155036,0.15715408633673575,0.9377619865012371
3.898531375166889,0.5961549538476255,0.593482846834607,0.15714381066203728,0.9378002945395545
3.911882510013351,0.5963353372739983,0.5935357289457052,0.15719205860638094,0.9379655234101876
3.925233644859813,0.5965590745017255,0.5937752155377866,0.1571525913251226,0.9379973112647405
3.938584779706275,0.5968236513975478,0.593774091470605,0.15717071312468361,0.9379815243344012
3.951935914552737,0.5969151650181045,0.59370792955901,0.15715641090431176,0.9379882547930423
3.965287049399199,0.5970977915308725,0.5937245837277023,0.15716929422249157,0.9378060812070418
3.978638184245661,0.5971629718884248,0.5939834767051648,0.15717900686104916,0.9377848136876189
3.9919893190921223,0.5973027400550577,0.5940098110968323,0.1571697093494766,0.9379926046215177
4.005340453938585,0.5974990926627043,0.5939248688878183,0.15720672859008794,0.9379566695496417
4.018691588785047,0.597650988083774,0.5939021085528802,0.15720416458385975,0.9380442202695611
4.032042723631509,0.5978461477009865,0.5940511921826465,0.1571865568064304,0.9378683511175882
4.04539385847797,0.5980884434946874,0.5940941357526308,0.15715266776478165,0.9379321898839779
4.058744993324432,0.5981424379531561,0.5942325203492168,0.15719038327108437,0.937989532796764
4.072096128170895,0.5982902807930262,0.5940336046135334,0.15716934470707822,0.937736375761141
4.085447263017357,0.5983771335710271,0.5942112742245456,0.15716668982237617,0.9381582711573826
4.098798397863819,0.5986276166814476,0.5942795048394851,0.15719636861578964,0.9379257905642231
4.11214953271028,0.5987367018656364,0.5943536127343805,0.1571744705636562,0.9378188862931641
4.125500667556742,0.5988440789436217,0.5942268864560478,0.15718106962168238,0.9378639772816049
4.138851802403204,0.5990560009394977,0.5944633921368172,0.15717390249497934,0.9379413037844119
4.152202937249666,0.5992218566752148,0.59444205155778,0.15718792601107892,0.9378498170527027
4.165554072096128,0.5993758303271313,0.5944484607723995,0.15716437420488666,0.9380581152320954
4.178905206942591,0.599554722099773,0.5945561373980476,0.15719246243844578,0.9379020343011762
4.192256341789052,0.5997893103241927,0.5945246697611202,0.1571795383641433,0.9379740298583806
4.205607476635514,0.5998150229950193,0.5945396775243514,0.15716976182238845,0.9381722041979048
4.218958611481976,0.5999292579578366,0.5946208911184896,0.15717828766368896,0.9376911602954292
4.232309746328438,0.6001124517717531,0.5947522313104093,0.15718694388673457,0.937885585417271
4.2456608811749,0.600265000229565,0.5946505963494494,0.15719089740416384,0.937999844703345
4.259012016021362,0.6004465243127953,0.5946991578621533,0.15717768140638336,0.9380771586994942
4.272363150867824,0.6006021750620927,0.5947666421586556,0.15713632736461977,0.9380466536413391
4.285714285714286,0.6006309896423553,0.5948127302637213,0.157210054686805,0.9379608202929924
4.299065420560748,0.6007860882316547,0.5948067200329117,0.15717459361599773,0.9381978370632672
4.31241655540721,0.6009489977863313,0.595017389765277,0.15718926107006265,0.9379069315344685
4.325767690253672,0.6011061432793381,0.5950285888853987,0.15717106397660432,0.9381229112170507
4.339118825100133,0.6013042424117965,0.5951575475223267,0.15717664770833029,0.9379495241403647
4.352469959946595,0.6014147932624959,0.5949842144974267,0.15715875418513536,0.9379015878533727
4.365821094793057,0.6015643015616547,0.5951462298407356,0.15716639059697923,0.9379814848631097
4.37917222963952,0.6016995105712487,0.5950424269970166,0.15717468257496547,0.9378771265034601
4.392523364485982,0.6019031153973129,0.5950828746599134,0.1571702679389841,0.9379544830858346
4.405874499332444,0.6018799165623602,0.5952304431972125,0.15718864026072005,0.9379219826409737
4.419225634178905,0.6019301775917621,0.5953936347554425,0.15720004897977646,0.9381490945487353
4.432576769025367,0.6021462024100803,0.5955283660872033,0.15721480887235612,0.937912318111574
4.445927903871829,0.602371404845859,0.5954319830215288,0.1571920385645672,0.937966398399749
4.459279038718291,0.6025697691524073,0.5955948741613352,0.15720287889337606,0.937825470639194
4.472630173564753,0.6026322838048869,0.5955743585493435,0.1571985308360472,0.9379269593091741
4.485981308411215,0.6027734637486788,0.5955785902150779,0.1571863860061193,0.9379848851716951
4.499332443257677,0.6028613848996047,0.5956364839675237,0.15715953450320108,0.9378291943035172
4.512683578104139,0.6030686828348478,0.5956898097219429,0.15718431051516896,0.9379316453358213
4.526034712950601,0.6031822022181706,0.5957042679747051,0.1571719121633564,0.9378702961254785
4.539385847797063,0.6031622048139166,0.5957068390510857,0.15717137656593755,0.9378613882869511
4.552736982643525,0.6034067995708192,0.595867957836568,0.15716041475009465,0.9380081669192919
4.566088117489986,0.6035479522467802,0.5959655282847128,0.1571491257576986,0.9379583989680167
4.579439252336448,0.6037008512574044,0.5959536239866329,0.15717386344173195,0.9378825197529009
4.592790387182911,0.603671888751925,0.5958932599644354,0.1571823010615038,0.9380503803799857
4.606141522029373,0.6038618908140595,0.5959684018072623,0.15717000940623407,0.938074986262985
4.619492656875835,0.6040721525553022,0.5960485073348106,0.15716187346722102,0.9380595641392393
4.632843791722296,0.6041453663048804,0.5961312669458924,0.15717603842574834,0.9378704501928551
4.646194926568758,0.6042949624379307,0.5960628298746309,0.1571618899504513,0.9378856439038831
4.65954606141522,0.6043174860034927,0.5962600330495784,0.15720530744951433,0.9379036151566797
4.672897196261682,0.6045545577130824,0.5963354992022841,0.15718532944710695,0.9379316828913198
4.686248331108144,0.6045744856585689,0.5962342268712433,0.15714887793437926,0.9379228813193787
4.699599465954607,0.6046815666450086,0.5963500432395459,0.15717928817206278,0.9379526625437877
4.712950600801068,0.6048039218078325,0.5964543802701195,0.157163753787944,0.9378167205963996
4.72630173564753,0.6049427142924401,0.5965100472565553,0.1571856937806187,0.9378980260602366
4.739652870493992,0.6051573768473327,0.5965327903881577,0.1571490749974589,0.9379387477840805
4.753004005340454,0.6052304033086273,0.596530416423293,0.15719654173700232,0.9379960579387662
4.766355140186916,0.6054397388691172,0.5965157555899148,0.1571962520294405,0.9381111671129667
4.779706275033377,0.6056127118762255,0.5966263011331134,0.1571931495063858,0.938027229359354
4.79305740987984,0.6055131268769292,0.5966290216325647,0.15719739402709407,0.9379249753521758
4.806408544726302,0.6058243486834228,0.5967057959173374,0.15716836285725422,0.9379024478862077
4.819759679572764,0.6059409915243473,0.59675450296846,0.15717060371875752,0.93789405083915
4.833110814419226,0.605923346535096,0.5968073489302668,0.1571820460771618,0.938214637274326
4.846461949265688,0.6061221589839183,0.5968512488980393,0.1571784431909658,0.9379110164988796
4.859813084112149,0.6061333432347944,0.5969403198960811,0.15719004120799326,0.9379426572751192
4.873164218958611,0.6063388615290649,0.5969842669295939,0.15719049201638075,0.9380519927162392
4.886515353805073,0.606370692745276,0.5969571637885691,0.1571743448530708,0.9380783561820795
4.899866488651536,0.6064712696962168,0.5970619815130829,0.15718346236606748,0.9380485038973311
4.913217623497998,0.6066192720300143,0.5970357708248546,0.1571755305204439,0.9378600371745474
4.926568758344459,0.6067458941078185,0.5971361146706307,0.1571973387421134,0.9380312962750484
4.939919893190921,0.6068731034829701,0.5972141045224704,0.1571768729152212,0.9378238694383875
4.953271028037383,0.6069571652890162,0.5973130011137648,0.1571614940355119,0.9379439402526576
4.966622162883845,0.6070667343739966,0.5973803241732376,0.15718272218506235,0.9379450571864207
4.979973297730307,0.6072004283940936,0.5973289816848689,0.15714629733055896,0.9378309118738859
4.993324432576769,0.607244655115078,0.5973727612420581,0.15717835787636594,0.9379429286128702
5.006675567423231,0.6074132821715956,0.5974813209212934,0.1571921566213773,0.9380157745092057
5.020026702269693,0.6075311333718124,0.5975478916317016,0.15717699803697657,0.9378803758719406
5.033377837116155,0.6076600525690138,0.5974974270564825,0.15716464880314737,0.9379533238358949
5.046728971962617,0.6077299378612221,0.5976843153906112,0.15719632426694172,0.9380111754493755
5.060080106809079,0.6078718299508384,0.5977233166363362,0.15714816163950898,0.93790767386717
5.073431241655541,0.6080627919398127,0.5976305246745229,0.1571900079371183,0.9379148222139072
5.086782376502002,0.6080436813912296,0.5978512271188913,0.15719478884952368,0.9379011679681863
5.1001335113484645,0.608201088756233,0.5977931097872814,0.15715609856388704,0.9378177765941356
5.113484646194927,0.6083626449178116,0.5979120925494469,0.15717455273591238,0.9380846444497736
5.126835781041389,0.6084337144791081,0.5979664641576902,0.15715574964834836,0.9378421054686072
5.140186915887851,0.6085834420421926,0.5979314879592827,0.15719108689215205,0.9379696497907078
5.153538050734312,0.6085725876735746,0.5981307190402554,0.1571744356777605,0.938025468080128
5.166889185580774,0.6087640431151963,0.5980943295754761,0.15716896965188784,0.9378795357568392
5.180240320427236,0.608864125137583,0.5981017962348536,0.1571611566687433,0.9380033187938662
5.193591455273698,0.6089647641287965,0.5981553240654461,0.15716989125247496,0.9379172341346365
5.2069425901201605,0.6090948758393945,0.5981756079616212,0.15718129570004982,0.9379174035235264
5.220293724966623,0.6091146932092797,0.5983781243723704,0.15718747343481707,0.9378383824973385
5.233644859813084,0.6091984950981575,0.5981780246140823,0.1571463992461864,0.9379288862963577
5.246995994659546,0.6093895181829161,0.5983661779365841,0.15718858251276596,0.9379546891635333
5.260347129506008,0.6094125842344418,0.5983661115115414,0.1571954229208228,0.9380111107407858
5.27369826435247,0.6096468564183469,0.5986361590584622,0.157157449875698,0.9378875626178315
5.287049399198932,0.6095302852793736,0.5984523922102241,0.1571749291652666,0.9379070397430052
5.3004005340453935,0.6097862365631206,0.5983717207733045,0.157200635390239,0.9378399814995428
5.313751668891856,0.6099351042338796,0.5985933914152484,0.15718579316762243,0.9381003935372928
5.327102803738318,0.6100000714426799,0.5986010321569227,0.15716729844436678,0.9380105020884921
5.34045393858478,0.6100725168364434,0.5986541830713785,0.15717509200347696,0.9379824598606076
5.353805073431242,0.6102349873423633,0.5987798456273364,0.15719917312569515,0.9379415965370564
5.367156208277704,0.6102520593666172,0.5988071277043047,0.1571313994389485,0.9378739728373937
5.380507343124165,0.6104300148731997,0.599033059909918,0.15715503384649956,0.9379195272385906
5.393858477970627,0.6104843229567484,0.599034574555653,0.1571738115191832,0.9380608169049705
5.4072096128170895,0.610513599585347,0.599048237866426,0.15718076402817058,0.9378432588140504
5.420560747663552,0.6107800973739731,0.5991527041327362,0.15716958433800926,0.9379528526418734
5.433911882510014,0.6108506931341532,0.5992175063646953,0.157193699965146,0.9378949755005367
5.447263017356475,0.6108154296819764,0.5991084852655189,0.15718546685752563,0.9379508459181163
5.460614152202937,0.6109937287444516,0.5992238947526936,0.15714739895941868,0.9379669459327731
5.473965287049399,0.6110773063517668,0.5992867485836716,0.15719905030061732,0.9379308344581762
5.487316421895861,0.6111516116212321,0.5993215266680479,0.1571768171914163,0.938039468463832
5.500667556742323,0.6113023695698919,0.5993385006606902,0.1571496840385841,0.9380482424777327
5.514018691588785,0.6114191676130927,0.5993347989332986,0.15718025296352753,0.937986082439543
5.527369826435247,0.6114824081557722,0.5995283268294817,0.15716437269036995,0.9379485904235443
5.540720961281709,0.6116307883603087,0.599443614368963,0.15716963982056875,0.93794684956553
5.554072096128171,0.6116324549178977,0.5995206065802774,0.1571585340266902,0.9380592672614139
5.567423230974633,0.6117782743803166,0.599621789142475,0.15720127441630793,0.9379958176767779
5.580774365821095,0.6119511288231189,0.599685957111697,0.15718485949060043,0.9379620162078341
5.594125500667556,0.6119586689271505,0.5997107116835074,0.1571765002492942,0.9379272130051155
5.607476635514018,0.6120340583396499,0.5997722029149574,0.1571806515075332,0.9378686396828928
5.6208277703604805,0.6121213555568098,0.5997570747282133,0.15717750996325905,0.9379172080499047
5.634178905206943,0.6122762051896392,0.5997765102168326,0.15720139155374493,0.9378879503384601
5.647530040053405,0.6124544858587829,0.5998756198262025,0.15719146784569155,0.9380804953062297
5.660881174899867,0.6124988977564244,0.5999335331440815,0.15714289796819086,0.938042176618588
5.674232309746328,0.6126493678063077,0.6000465032473902,0.15717018315626674,0.9378409132428381
5.68758344459279,0.6125533915381479,0.6000132014941598,0.1571720305991566,0.9381195093098185
5.700934579439252,0.6128093112339781,0.6001451313727466,0.15717157499094736,0.9380214693938284
5.714285714285714,0.6128689876225338,0.6001532426222722,0.15719962170293594,0.9376745715568441
5.7276368491321765,0.6129620376457947,0.600150798587023,0.1571384008166527,0.9380866451296526
5.740987983978638,0.6129867425393661,0.6002742059561278,0.15716190678927522,0.9379765302802434
5.7543391188251,0.6131327343034896,0.6002904424909847,0.15718715172171746,0.9379208113048748
5.767690253671562,0.6132611351453343,0.6003167852922245,0.15717239598081637,0.937867128538061
5.781041388518024,0.6132499706297584,0.6005435267980499,0.15718249170720808,0.9379615575270569
5.794392523364486,0.6132883155635195,0.6004034844249079,0.15714990314992142,0.9380086170775482
5.807743658210948,0.6134806819952573,0.6005144754722653,0.15716242670159758,0.9379677674102086
5.8210947930574095,0.6135471564281666,0.6006638964406048,0.15716830291290987,0.9379062277987035
5.834445927903872,0.6136461209409224,0.6005898698685652,0.15716531299026126,0.9380491386732668
5.847797062750334,0.613851112590293,0.6006366188074092,0.1571765480451771,0.9380324444537728
5.861148197596796,0.6138005769709378,0.6006935714270382,0.1572070637379734,0.9380675861846688
5.874499332443258,0.6139169720125308,0.6008920726684455,0.15718132365030574,0.9379832871348631
5.88785046728972,0.6141038486808366,0.6010183236187552,0.15716311395895816,0.9379479847361692
5.901201602136181,0.6140512282718716,0.6008551658281176,0.15715032639370208,0.9380713809555111
5.914552736982643,0.6141316070561621,0.6010907057941716,0.15718894905434969,0.9378911939507364
5.9279038718291055,0.6142999241186969,0.6010276268122006,0.15717483961724563,0.9380306036310709
5.941255006675568,0.6144473190909142,0.601070928011366,0.15717353620587646,0.9377944638676349
5.95460614152203,0.614374648188664,0.6011384966501558,0.15717314328916893,0.9379714384711275
5.967957276368491,0.6145833394321976,0.6011114496376949,0.15718558070991984,0.9380453491195737
5.981308411214953,0.6145897106038524,0.6012898869488996,0.15719343097199992,0.9379264734344855
5.994659546061415,0.6147048604213532,0.6012622066366623,0.1571839407666916,0.9379857083847473
6.008010680907877,0.6147930193201298,0.6012030635999819,0.15717007708774547,0.9377978797724915
6.021361815754339,0.6149930823736491,0.6012874144809162,0.15719807209587325,0.9379930360936666
6.0347129506008015,0.6149385164742054,0.6014487470695769,0.15715596378452223,0.9377666683298664
6.048064085447263,0.6150431483019106,0.6013787225984077,0.15717741896351972,0.9378340807493519
6.061415220293725,0.615121733659533,0.6014993452336203,0.15716876793559137,0.9379340492520577
6.074766355140187,0.6153290022007306,0.6014478839148774,0.15717823404790157,0.9378205494844994
6.088117489986649,0.6153281033384248,0.6015851840020192,0.15716652984705046,0.9379525095917002
6.101468624833111,0.6154132620367903,0.6016691739742996,0.15718223066523276,0.9379407367655139
6.114819759679572,0.6155223135102096,0.6016829757554079,0.15715725345563364,0.9377920287076499
6.1281708945260345,0.615648869019992,0.601759239313167,0.1571904421606312,0.9378758057457209
6.141522029372497,0.6156048148711832,0.6018935584282896,0.15718345758703017,0.9379779607131237
6.154873164218959,0.6158149818088053,0.6018215347137081,0.15716472620815838,0.9380417460148449
6.168224299065421,0.61574358749656,0.6019956311655448,0.15717038982604728,0.9379699146747166
6.181575433911883,0.615918303959089,0.602006161043738,0.15718482265506914,0.9381056292157461
6.194926568758344,0.6160934057131748,0.6019272483260962,0.1571760850813289,0.9378247650398434
6.208277703604806,0.6160701542002832,0.6020797590557373,0.15717493856847917,0.9380691370878745
6.221628838451268,0.6162569679319982,0.6020328804024703,0.15719219853434235,0.9378574728124498
6.2349799732977305,0.6163180636329197,0.6021729370943865,0.1571734075443452,0.9379275571866875
6.248331108144193,0.6163333275973231,0.602166943218251,0.15717072442254798,0.9379749523993756
6.261682242990654,0.616459351018485,0.6022980904597721,0.15715863174069727,0.9379216098716389
6.275033377837116,0.6164600267674988,0.6023788845514984,0.1571511057452947,0.9379084906273694
6.288384512683578,0.6166875280475635,0.602290593548065,0.15720394194806767,0.9380283542728785
6.30173564753004,0.6166763584542503,0.6024739680672343,0.15719684877841006,0.9379010024368775
6.315086782376502,0.6167590250204527,0.6024287686486,0.1571878660581272,0.9379254755201705
6.328437917222964,0.6168804179423705,0.6025585426804053,0.1571773277370868,0.9378490387272103
6.341789052069426,0.6170140125227916,0.6025499517325968,0.1571720592115886,0.9379700788996157
6.355140186915888,0.6170444557746105,0.6026376384334544,0.15718263002311197,0.9379721140571016
6.36849132176235,0.6170845575252376,0.6026391476208841,0.15715093465065422,0.9379546603674263
6.381842456608812,0.6171823900466535,0.6027417152220523,0.15715512656533662,0.9380932171201023
6.395193591455274,0.6172661269830368,0.6028387856096157,0.1571689466925941,0.9380215780618936
6.408544726301735,0.6173681137782239,0.6028704399230534,0.15719312925770973,0.9378596255770258
6.421895861148197,0.61742316973868,0.6028987040529029,0.15715435107883782,0.9380125238439806
6.435246995994659,0.6175420498990616,0.6028820748249835,0.15716647038974377,0.938043162729153
6.4485981308411215,0.617725057615872,0.6029745417082241,0.1571556089401987,0.9379560266423695
6.461949265687584,0.6176957063304132,0.60315817503941,0.15715936555970145,0.9379247585844631
6.475300400534046,0.6177271609852574,0.6030367517884605,0.15717581068498032,0.938055402364107
6.488651535380507,0.6179366267896077,0.603184351190933,0.15714982335319702,0.9380067743483632
6.502002670226969,0.617877842426798,0.6031338048589254,0.15715754212802405,0.9381853608279139
6.515353805073431,0.6180039657468727,0.6032119785028854,0.15717909318161077,0.9380232971379702
6.528704939919893,0.6181559889831559,0.6032666282910587,0.15717598963254056,0.9380044910608509
6.542056074766355,0.6182236366698578,0.6033298298533057,0.1571820381840537,0.9379002208771662
6.5554072096128175,0.6182552932285013,0.6034038017427572,0.1571883277586491,0.9380002669804016
6.568758344459279,0.6183982387713947,0.6034377626187327,0.15718612511511457,0.9380112791204427
6.582109479305741,0.6185253130592103,0.6035725158087436,0.15717576130425898,0.9377809144388938
6.595460614152203,0.6184614447378575,0.6035452206230564,0.1571710060580818,0.9380429931899487
6.608811748998665,0.6185625090433474,0.6036939476609562,0.15717459303626327,0.9380285925457629
6.622162883845127,0.6186667787423442,0.6036098305037095,0.15716944718204406,0.9378620089297793
6.635514018691588,0.6187966388280847,0.6036550575470884,0.15719348875964725,0.9379809752856613
6.6488651535380505,0.6188237184555933,0.6036714084124861,0.1572023652485612,0.9380498893083808
6.662216288384513,0.6189350205774887,0.6036917340226272,0.15716876942229935,0.9379392869579369
6.675567423230975,0.6190065882037221,0.6038801377319186,0.15718760321957784,0.9380714171975907
6.688918558077437,0.6192249408183491,0.6039493409885188,0.1571870342175735,0.9379319816285158
6.702269692923899,0.6191391260408426,0.6039161442498097,0.15718343622541067,0.9380083347065877
6.71562082777036,0.6191567725512253,0.603851257033054,0.1571919518033811,0.9378754530582121
6.728971962616822,0.6192307567733839,0.6040385184399023,0.15717509182988348,0.9378665445462919
6.742323097463284,0.6193937836162445,0.6041363007832896,0.1571688893544634,0.9377500531033356
6.7556742323097465,0.6194319560526166,0.6040159637737116,0.1571923758367386,0.9379334002932951
6.769025367156209,0.619519092293071,0.6042072313879387,0.15718303248424995,0.9379890135620962
6.78237650200267,0.619695673774379,0.6042720912432964,0.15717805735328694,0.9378930656086101
6.795727636849132,0.61968508421403,0.6043728020531086,0.1571767575541812,0.9380705326304283
6.809078771695594,0.6197630562899051,0.6043640879637641,0.1571427852175061,0.9378316805681833
6.822429906542056,0.6198069033834414,0.6044525985544584,0.15716580014775916,0.9378962858898797
6.835781041388518,0.619938177310184,0.6043751983709912,0.15718215571186336,0.9380089323186384
6.84913217623498,0.6200676771835752,0.6044519513844796,0.15719388209009574,0.9378157506528525
6.862483311081442,0.6201415994274763,0.6045933354745676,0.1571769174632734,0.9379907487532084
6.875834445927904,0.6201883575334762,0.6046070290890204,0.15718253366273588,0.9378878933558764
6.889185580774366,0.6203300514194572,0.6046643372891264,0.1571709811619521,0.938096782860015
6.902536715620828,0.6204043862516413,0.6047301500886179,0.1571895334744205,0.9379789425328638
6.91588785046729,0.6203278944131677,0.6046839591710176,0.15718911232800226,0.9377863387302756
6.929238985313751,0.6204126491150813,0.6048583093835281,0.15718605648980327,0.9380273054384628
6.942590120160213,0.6206081520067934,0.6048798782125706,0.15720403921744405,0.9380159799323914
6.955941255006676,0.6205832342545283,0.6048858412521412,0.15717011877480472,0.9378180069751534
6.969292389853138,0.620707698543045,0.6050167568558622,0.15714889046887667,0.9379543315080184
6.9826435246996,0.6206381634279372,0.6050528392935342,0.15718524384124738,0.9379284911897933
6.995994659546062,0.6208405584977507,0.605087877599436,0.15720837967721885,0.9379384935695128
7.009345794392523,0.6209550967029072,0.605129701815954,0.1571713800473067,0.9379473149302536
7.022696929238985,0.6209539051927866,0.6051497711242863,0.15717606728482678,0.9377180289681171
7.036048064085447,0.6211350280249814,0.6052271178897127,0.1571950630028801,0.9380343288027043
7.049399198931909,0.6211482751303277,0.605110912275916,0.15719877537452076,0.9378418303550339
7.062750333778372,0.621191789945061,0.6053321320565347,0.1572129755431381,0.9380071876168241
7.076101468624833,0.6212673961790048,0.6054249297362733,0.15717471112473716,0.9378343200085751
7.089452603471295,0.6214630471058457,0.6053738481002828,0.15717199329464454,0.9378851257908115
7.102803738317757,0.6214282663424182,0.6055494671368116,0.15717154552729948,0.9378569872299191
7.116154873164219,0.621459416695754,0.6055242660306007,0.15720193342823774,0.9379408138321754
7.129506008010681,0.6216576800595554,0.6056580935604946,0.15719697223558454,0.9380541619597447
7.142857142857143,0.6217075103815106,0.605568184097367,0.15718953748478975,0.9380411586293865
7.1562082777036045,0.621773203591614,0.6056622834654458,0.15715319087656884,0.9378232844245171
7.169559412550067,0.6218632571607492,0.6057821585743032,0.15715496098458948,0.9379438358785407
7.182910547396529,0.6219854113878425,0.6058490490259704,0.15715197351948265,0.9379401729852886
7.196261682242991,0.6220194966002492,0.6057729910029425,0.15719221481498657,0.9379202524618292
7.209612817089453,0.6219890997594072,0.6058995674123067,0.15717313178174475,0.9379551405460405
7.222963951935914,0.6222507343894236,0.6059216868552173,0.15717291896185473,0.9377883067199717
7.236315086782376,0.6222045217219865,0.6058856835736306,0.15717933337140044,0.937912070891511
7.249666221628838,0.6223383780288477,0.606021885724468,0.15717508016718407,0.9379000919737969
7.2630173564753,0.6223140916228682,0.6060476265993383,0.15717940985585901,0.9379605176495804
7.276368491321762,0.6224856954764261,0.6061083775581088,0.1571836548225097,0.9378533008468971
7.289719626168225,0.622530385688504,0.6062588606557578,0.15716664839816802,0.9381016929412893
7.303070761014686,0.6225749502136046,0.6062044306467226,0.15718607187731282,0.937951024145917
7.316421895861148,0.6226240852857395,0.6063314712930835,0.15718431978757366,0.93798609268628
7.32977303070761,0.6227692597438236,0.6063170347925756,0.15719360943053515,0.9379358029079748
7.343124165554072,0.6228320339109714,0.6064285257853809,0.15714510743377594,0.9380619680176081
7.356475300400534,0.6228997430422436,0.6064184058444791,0.15719362236228085,0.9378399967829625
7.369826435246996,0.623033120847159,0.6064739725584984,0.15718022282905977,0.9378103547203953
7.383177570093458,0.6230705569430051,0.6065168473856007,0.1572013995674285,0.9378354068703483
7.39652870493992,0.623108790875222,0.6066311316317453,0.15717995267452348,0.937958204737372
7.409879839786382,0.6233490334350663,0.6066569590117853,0.15716158647603007,0.9379971696608976
7.423230974632844,0.6232120790403018,0.6066169169347743,0.15715573802904065,0.9378662070030819
7.436582109479306,0.6233266758425624,0.606776283453623,0.15717101474359096,0.9380667076542333
7.449933244325767,0.623382510451277,0.60674441364392,0.1571894206721765,0.9378798591028998
7.463284379172229,0.6234067453748009,0.6069056774000086,0.15721025577727285,0.9379529882589455
7.4766355140186915,0.6234414781983276,0.6067369359662408,0.15716317914613476,0.9380289808549326
7.489986648865154,0.6236182941822767,0.6068433559857868,0.1571659913244327,0.9380023581740826
7.503337783711616,0.6237992371131387,0.6069686801508163,0.1571854251934325,0.9379603750373287
7.516688918558078,0.6238211663368658,0.607071693377809,0.15720939512008142,0.9377627659496917
7.530040053404539,0.6237639240942561,0.6070430030396946,0.15715104600532082,0.9380545547781644
7.543391188251001,0.6239283084331956,0.6070928318060242,0.15719445644953636,0.9380293450033445
7.556742323097463,0.6239778933279136,0.6070734625822652,0.15718710464115027,0.9379964427170077
7.570093457943925,0.6239700949761766,0.6071689160063038,0.1571681426855127,0.9377609809655819
7.5834445927903875,0.6241094132854578,0.6074298778757111,0.15718350312550255,0.9379039726750225
7.596795727636849,0.6241783047316711,0.6072607079360481,0.15719967755247313,0.9379454392004467
7.610146862483311,0.6242755571151044,0.6072856192797156,0.1571656192657489,0.9379634836525399
7.623497997329773,0.6244337298236875,0.6073639336945713,0.1571557121123208,0.9378632295324224
7.636849132176235,0.6245355435479703,0.6074726378802747,0.1571947331232381,0.9379004035590682
7.650200267022697,0.6245400626131307,0.6075436897326142,0.15718753308618374,0.9379418740491492
7.663551401869159,0.6245107472432786,0.6075440594126521,0.15714421755197966,0.9380415088250369
7.67690253671562,0.6247082889036626,0.6076812007296813,0.1571788199759855,0.9378685298599543
7.690253671562083,0.6247108666062374,0.6076150033500505,0.1571500729902029,0.9378834977008875
7.703604806408545,0.6248319933830028,0.6077887793773759,0.15714512528510907,0.938004766861697
7.716955941255007,0.6249578382478438,0.6077088021864788,0.15719116296502447,0.9378659872787748
7.730307076101469,0.6249885933908331,0.6078939618859914,0.15716888556428618,0.9379179973125309
7.74365821094793,0.6250197272589588,0.6078347794231181,0.15718755046404803,0.9380654522154735
7.757009345794392,0.625069268903822,0.6078473155156927,0.15719104087055732,0.9380525892501118
7.770360480640854,0.6252048039440592,0.6079186233970368,0.157179953792426,0.9378952935277697
7.783711615487316,0.6251570535673034,0.6080094776983384,0.1571541971016665,0.9379533524736827
7.797062750333779,0.6251820357864347,0.6080966426490267,0.15718213884685872,0.9380078347288159
7.810413885180241,0.6253844401188264,0.6081096734356928,0.15717853570769638,0.9378720573224754
7.823765020026702,0.625481606945897,0.6082083208949148,0.15718978338504844,0.9379441991995119
7.837116154873164,0.6254220497583107,0.6081989430956841,0.15720262251269215,0.9380052625024511
7.850467289719626,0.6256071825170495,0.6081762204255445,0.15716586623167383,0.9380163551429895
7.863818424566088,0.6256840701566211,0.6082654848770698,0.15717887353035118,0.9380676605638838
7.87716955941255,0.6256749571448199,0.6083331779135804,0.1571701628449708,0.937897803353701
7.890520694259012,0.6258228817659951,0.608338329492997,0.15717625311902333,0.9379262131616369
7.903871829105474,0.6259366276584902,0.6084463237197402,0.15716364166800456,0.937976802418727
7.917222963951936,0.6259528352717172,0.608519724012362,0.15718013657628435,0.9379676109378701
7.930574098798398,0.6260625229974232,0.6085606785831937,0.15714992505887893,0.938034004980399
7.94392523364486,0.6259917230970077,0.6085658129519196,0.1571864090264312,0.937974521267047
7.957276368491322,0.6260928146435484,0.608661546898145,0.15718918403368418,0.9379679618010949
7.970627503337783,0.6262276087307876,0.6086077210752767,0.15715621556578785,0.9380756749240006
7.983978638184245,0.6262475984424218,0.608741117347558,0.15715306716825073,0.9378608315731599
7.997329773030708,0.626430693391996,0.6088083374475599,0.15716416844203443,0.9379736393490693
8.01068090787717,0.6263167891300573,0.6088736798425511,0.15720398890433904,0.9377691743850406
8.024032042723631,0.6265251880931805,0.6087966913960566,0.1571833322170138,0.9378793985011858
8.037383177570094,0.6265875391834563,0.6088564640416193,0.1571744329419104,0.9378469891014484
8.050734312416555,0.6265472667683549,0.6089864622379032,0.15718442753911757,0.9379202751518724
8.064085447263018,0.6266857034803123,0.6090341654829541,0.15716232292211965,0.9380164981964673
8.07743658210948,0.6267491079025987,0.6090917868323972,0.15717057420612182,0.9380033793725965
8.09078771695594,0.6267399973949029,0.6091427529759759,0.1571610321327655,0.9378678798034566
8.104138851802404,0.6268428496205566,0.609160797427243,0.15713315267261285,0.9379868823508085
8.117489986648865,0.6269222788610525,0.6092165104350511,0.1571675858502318,0.9381065797644232
8.130841121495328,0.6270428686515083,0.6091549694232239,0.15717889147691705,0.9379986620968517
8.144192256341789,0.6271428702664056,0.609305482083591,0.15717425582333158,0.9380803274408084
8.15754339118825,0.627200409200758,0.6093322650253017,0.15720643647698493,0.9379573737108979
8.170894526034713,0.6271283044079546,0.609294916257338,0.1571645180909674,0.9380450341123662
8.184245660881174,0.6273268377064002,0.6094299448310588,0.15716808444791688,0.9377039203203292
8.197596795727637,0.6274610304923253,0.6094397961502638,0.1572046894849419,0.9381887605618402
8.210947930574099,0.6274389920733431,0.6094195265512792,0.1571778982518954,0.9380890881697639
8.22429906542056,0.627566579150597,0.6095940053352411,0.15717178995243872,0.9380477634566626
8.237650200267023,0.6276306474747831,0.6095889092297538,0.15716389289889768,0.937880232568276
8.251001335113484,0.627623746401194,0.609604883873559,0.15716164852742823,0.9380909015920497
8.264352469959947,0.6276967540284779,0.6097336971181557,0.1571894883825879,0.9381089296726494
8.277703604806408,0.627844446970407,0.6097798282731397,0.15717313905411517,0.9378683215618795
8.291054739652871,0.6278562732708175,0.6098058547392666,0.15719644056498872,0.9379799637795636
8.304405874499333,0.6279679555343664,0.6098957917583318,0.15717341231111615,0.9378988805547432
8.317757009345794,0.6278767816924226,0.6098131074581139,0.15718057641926972,0.9380558707103072
8.331108144192257,0.6280061596677801,0.6101258811689866,0.15718505222569604,0.9380412833517031
8.344459279038718,0.6280552995193307,0.61002537105438,0.15716266865119785,0.9378632203990728
8.357810413885181,0.6282967058518399,0.610043281628641,0.15719413961362275,0.9380183695729105
8.371161548731642,0.6283096420394483,0.6100175348053826,0.1571732073244311,0.9379198254245603
8.384512683578103,0.6283198088979136,0.6101430401191407,0.15718497801565914,0.9377250625326197
8.397863818424566,0.6284669655509436,0.6101732007578562,0.15716511638453298,0.938086152644699
8.411214953271028,0.6284281421494677,0.6102453389804592,0.15715585853742703,0.9378629384878434
8.42456608811749,0.6285581766545355,0.6103607910810273,0.15716140823073685,0.9380453600828096
8.437917222963952,0.6286059392056766,0.6103406254006543,0.15716741006373494,0.9377221195564085
8.451268357810413,0.6286508446363911,0.6103987203845997,0.15717160849898054,0.9380146723386751
8.464619492656876,0.6286840607959499,0.6103690297528443,0.1571706760068265,0.9380397944508859
8.477970627503337,0.6287588954325591,0.6105512090742873,0.15715762333211392,0.93780501879696
8.4913217623498,0.6289124949002647,0.6105251306171712,0.15717019942950816,0.9379134630905164
8.504672897196262,0.6289922614902811,0.6105135625585029,0.15719684393691877,0.9379310629491446
8.518024032042725,0.6291222421442506,0.6106187478857967,0.15718144504823692,0.93784141106779
8.531375166889186,0.6290361460654029,0.6105891217584051,0.15719501222452803,0.9378365952447872
8.544726301735647,0.6292014170064404,0.6107219522071005,0.15717283597498258,0.9378759201387332
8.55807743658211,0.6291294301603433,0.610824131882779,0.1572027258518454,0.9377711246959347
8.571428571428571,0.6293115002569081,0.6108880627408766,0.15716912193354385,0.9378916439179268
8.584779706275034,0.6292783512993179,0.6108309324214095,0.15717189144114369,0.937959458371205
8.598130841121495,0.629447847606145,0.6109512141616511,0.15718652849147363,0.9381139420393916
8.611481975967957,0.6294248822902233,0.6108830197758678,0.1571917180890044,0.938009922166386
8.62483311081442,0.6296775324059433,0.6109593572028722,0.15720946706195404,0.9381226527875094
8.63818424566088,0.6294765245822697,0.6110566351831894,0.1571631160267488,0.9380800443913998
8.651535380507344,0.6297848116637816,0.6110954160444794,0.1571869225287918,0.9379947603730326
8.664886515353805,0.6297017568685239,0.6111614758503479,0.1571661622037365,0.9378806796013646
8.678237650200266,0.6297649382879102,0.611219103071958,0.15718375036284618,0.9379666273486629
8.69158878504673,0.6299596013336133,0.6112547994258474,0.15716777957659486,0.9379240335876461
8.70493991989319,0.6299254525139192,0.611255042813071,0.15719789215821053,0.937978504774492
8.718291054739653,0.6301111819003655,0.6112480886196436,0.15716804216679664,0.9380434141352573
8.731642189586115,0.6300181207898132,0.6113768668670746,0.1571593904755641,0.9378607209479652
8.744993324432576,0.630046973758931,0.6114868026434901,0.15718326263517834,0.937875120495424
8.758344459279039,0.6301793577760298,0.6113992129526505,0.15715157318451586,0.9378468113262167
8.7716955941255,0.6302529370797878,0.6115386353047848,0.15717526279122615,0.9380483413270081
8.785046728971963,0.6303935638649382,0.6115801704082255,0.15717759212720955,0.9379271489719645
8.798397863818424,0.6304036521179783,0.6116269697052694,0.1571920609557627,0.9379070840594227
8.811748998664887,0.6304325935935893,0.6116424046963548,0.15718801180753253,0.9380967664888775
8.825100133511349,0.63049250649023,0.6116404012401121,0.15717296079709855,0.9378606761698023
8.83845126835781,0.6306463528663605,0.6118231681571678,0.15715314413890805,0.9378214142262215
8.851802403204273,0.6306509517819933,0.6117910839431915,0.15719656156507192,0.9380063302711319
8.865153538050734,0.6307498439004229,0.611847599941275,0.15717585355336527,0.9380356361376587
8.878504672897197,0.6307880049457846,0.6119391221588111,0.15719894831291972,0.9379571621347106
8.891855807743658,0.630881613166544,0.611931469013716,0.15717348211712792,0.9380677966885272
8.90520694259012,0.6308396301049588,0.6119496917756784,0.15717296932237326,0.9381407519968715
8.918558077436582,0.6309513507204093,0.6121156858563067,0.15715925996253077,0.9379150741906725
8.931909212283044,0.6311243681787612,0.6120703524677069,0.1571912246115334,0.9380035905303904
8.945260347129507,0.631124218760956,0.6121060992533787,0.15719037732171817,0.9379694913489205
8.958611481975968,0.6312262562639759,0.6121163470257234,0.15718995837422342,0.9379452983968689
8.97196261682243,0.6312782027246774,0.6122613957670721,0.1571604436787917,0.9379471678504926
8.985313751668892,0.6314907659822793,0.6122416127900293,0.15717681579483084,0.9379044769660692
8.998664886515353,0.6313440630452781,0.6122373010768722,0.1571779483001056,0.937889551391123
9.012016021361816,0.6315989387465167,0.6124639228334994,0.15719471702144647,0.9380123757772136
9.025367156208278,0.6315685075028592,0.6124593648008345,0.15718567513183743,0.9381112871587712
9.03871829105474,0.6315889140805699,0.6124510643514802,0.15715219622821586,0.9379165034473161
9.052069425901202,0.6315834552794104,0.6124186670587792,0.15717414593409443,0.937891251834716
9.065420560747665,0.6316684584509814,0.612541468584444,0.1571756286778032,0.937910261075775
9.078771695594126,0.6316928632071889,0.6125722382879792,0.15716647927882924,0.9379587525574123
9.092122830440587,0.631833186170566,0.6126232059635863,0.15717266086290116,0.9378466280423011
9.10547396528705,0.6318755481405008,0.6126531124060195,0.15719410432182973,0.9378826195341199
9.118825100133511,0.6319444286907457,0.6128078682772296,0.15718035082715986,0.9379190641342391
9.132176234979973,0.6319832877334239,0.6126887887687985,0.15721323395674977,0.9380002660257679
9.145527369826436,0.6321410938857367,0.6127280260103446,0.15716797384435535,0.938082274101843
9.158878504672897,0.632254597302051,0.6128270261963381,0.157181605333664,0.937870698608951
9.17222963951936,0.632230981625086,0.6129421194937285,0.15713864384105675,0.9378561918784064
9.18558077436582,0.6322932269117028,0.6128985805877873,0.1571661969684908,0.9380711559307681
9.198931909212282,0.6322715873658599,0.612972136187859,0.15720373499287035,0.9379661020604901
9.212283044058744,0.6324671297575418,0.6129743521771662,0.15719382626230743,0.9379637798033117
9.225634178905208,0.6325695960917436,0.6131889079509336,0.15715710729960564,0.9378530989967212
9.23898531375167,0.6325239167509065,0.6130832889036899,0.15719524450471686,0.937938096812352
9.25233644859813,0.6326029883496599,0.6132060492257277,0.15716961192239284,0.9379030333844398
9.265687583444592,0.6327164950083424,0.6132541676291661,0.1571790476215679,0.9380733513882868
9.279038718291057,0.6327324387367803,0.6131851930967646,0.1571560995607482,0.9379188364248111
9.292389853137516,0.6328078148969118,0.6133679921436848,0.15718032060205273,0.9379643718430686
9.30574098798398,0.6328012388963037,0.6133498171010964,0.15717648779471383,0.9380303753716778
9.31909212283044,0.6330626816307565,0.6133617498707474,0.1571642459629627,0.9382322334600198
9.332443257676903,0.6330568106255572,0.6133471582852882,0.15718188694461077,0.9378761163828515
9.345794392523365,0.633072231370024,0.6133960416247503,0.15719904565393272,0.9381101812029096
9.359145527369826,0.6330810862700346,0.6135282113131255,0.15715951692537564,0.9379168270313025
9.372496662216289,0.6332301962326123,0.6135333247009904,0.15717896607060883,0.9378631010960172
9.38584779706275,0.633286576123226,0.6134995129357151,0.15719993418529005,0.9380349420294293
9.399198931909211,0.6333674583717476,0.6135743918916641,0.1571770712818948,0.938048354752586
9.412550066755674,0.6335132045145314,0.613790909002181,0.15719704836101428,0.9379776385872594
9.425901201602136,0.6334469784721908,0.6137736139832999,0.15717424666676078,0.9379140563744476
9.4392523364486,0.6335759675732662,0.6137817182161317,0.15718072185314394,0.9379119105184863
9.45260347129506,0.6336168019094535,0.6137975779235791,0.15719115853543145,0.9380428195436211
9.465954606141525,0.6337426634229393,0.613927922311624,0.15716949322069487,0.937970614996973
9.479305740987984,0.6336901793240943,0.6140138620988121,0.15717033224297094,0.9379096356839819
9.492656875834443,0.6338519267340205,0.6139601586317647,0.15719034359437237,0.9380216787551693
9.506008010680908,0.6338303978206283,0.6140204838825275,0.15718498985675997,0.9380813307069443
9.51935914552737,0.6338428333693198,0.6141785109597008,0.1571860327728966,0.9378164580343921
9.532710280373832,0.6339945136716255,0.6140621691883853,0.15717641764488977,0.937954758686849
9.546061415220294,0.63408804630714,0.6141630491627532,0.15717044198237234,0.9378795435675257
9.559412550066757,0.6340625396275211,0.6141489213058675,0.15722378268283468,0.9379572017232399
9.572763684913218,0.63415145878667,0.6142922010447361,0.15717324524881526,0.937879611296802
9.58611481975968,0.6342051041373263,0.6142460008399139,0.15718160345228638,0.938019222273747
9.599465954606142,0.6342666834743851,0.6142987341914418,0.1571780477212572,0.9379246166593482
9.612817089452603,0.6343672811082044,0.6143184036457513,0.157127782403956,0.9379662854191988
9.626168224299066,0.6344354319575265,0.614453016879963,0.1571891492106441,0.9380816031808229
9.639519359145527,0.6343889135573049,0.6144165594677674,0.15720842294852522,0.9379136257149917
9.652870493991989,0.6344687795803898,0.6144393996334024,0.15719131549930007,0.9379734196776267
9.666221628838452,0.6344787197457186,0.6145629338718079,0.15715896207902402,0.9379558099983539
9.679572763684911,0.6346725855277731,0.6146325088829836,0.1571961990730782,0.9380295408824831
9.692923898531376,0.634603170480421,0.6146201803969886,0.15717076164371752,0.9379655614506315
9.706275033377835,0.6347893287123846,0.6146632507540667,0.1571835492792884,0.9380560783977581
9.719626168224298,0.6348312498586495,0.6147900429729567,0.15718077627447852,0.9381084206012515
9.73297730307076,0.634909399518613,0.6147780282138032,0.15716457484508617,0.9379596058630282
9.746328437917224,0.6349407346849609,0.6147625169759221,0.15715495385135697,0.9380661776685929
9.759679572763686,0.6351359645636606,0.6148127370175116,0.15717526178407656,0.9382257500016432
9.773030707610149,0.635147070579856,0.6149097105085546,0.15717198739758761,0.9379011152297391
9.786381842456608,0.6351372949610329,0.6148930611832413,0.15720207852943385,0.9380102908722598
9.799732977303073,0.6352472073918578,0.6150895053920511,0.15717736679005526,0.9380885797589306
9.813084112149532,0.6352330692964305,0.614968021011581,0.15718240956441676,0.9378946263848176
9.826435246995995,0.6353935875600223,0.6150703343854285,0.15717019552994468,0.9378654377958705
9.839786381842456,0.635411527458534,0.6150796497823396,0.15718900197298674,0.9380236571499176
9.853137516688918,0.6354117045245111,0.6151791413273282,0.1571498063240896,0.9379778038496577
9.86648865153538,0.6355042359483546,0.6152210825807495,0.15717519092774698,0.9379403791702021
9.879839786381842,0.635534350922835,0.615152150670654,0.15718912399500748,0.9379055730531344
9.893190921228303,0.6355724156464965,0.6152729643778371,0.1571775870100994,0.9379549586534496
9.906542056074766,0.635739517267727,0.6154609220432127,0.15717245482786585,0.9379896534115755
9.91989319092123,0.6358274443032629,0.615369810262688,0.15718044879979157,0.9378768431626715
9.93324432576769,0.635829049147374,0.6153448968832623,0.1571571261972724,0.9378565760017359
9.946595460614152,0.6358222354125244,0.6155600170775087,0.15718624888266594,0.937778752571624
9.959946595460616,0.6360004080048769,0.6155330675224167,0.15718969326790247,0.9379709923183774
9.973297730307076,0.6361132743234823,0.6155419772823058,0.15718111955101224,0.9379594030343423
9.98664886515354,0.6360710248741266,0.6155982795985455,0.15715317889813568,0.9379363553148696
10.0,0.6361396681129382,0.6156264818404538,0.1571815746202932,0.9379779421213258
