func,n,noise,interp,order,eval_type,nrmse,n_support
sin(2πx),51,0.0,agp_robust,0,interior,9.494023341921841e-7,-1
sin(2πx),51,0.0,aaad,0,interior,6.907243337753625e-16,11
sin(2πx),51,0.0,s2_aaa_mle,0,interior,6.266691345177127e-14,10
sin(2πx),51,0.0,agp_robust,1,interior,4.423980087577232e-6,-1
sin(2πx),51,0.0,aaad,1,interior,5.4015937487566105e-15,11
sin(2πx),51,0.0,s2_aaa_mle,1,interior,5.04607094652679e-13,10
sin(2πx),51,0.0,agp_robust,2,interior,1.6458313651497197e-5,-1
sin(2πx),51,0.0,aaad,2,interior,1.463080455846453e-13,11
sin(2πx),51,0.0,s2_aaa_mle,2,interior,3.34523779469316e-12,10
sin(2πx),51,0.0,agp_robust,3,interior,9.71787838064855e-5,-1
sin(2πx),51,0.0,aaad,3,interior,4.715247332051364e-10,11
sin(2πx),51,0.0,s2_aaa_mle,3,interior,6.493995723466925e-10,10
sin(2πx),51,0.0,agp_robust,4,interior,0.00026915223453068354,-1
sin(2πx),51,0.0,aaad,4,interior,3.683841135077852e-9,11
sin(2πx),51,0.0,s2_aaa_mle,4,interior,4.9362177425243186e-8,10
sin(2πx),51,0.0,agp_robust,5,interior,0.0025747654928356184,-1
sin(2πx),51,0.0,aaad,5,interior,3.891503752646563e-6,11
sin(2πx),51,0.0,s2_aaa_mle,5,interior,4.362335570645576e-5,10
sin(2πx),51,0.0,agp_robust,6,interior,0.00977845973960758,-1
sin(2πx),51,0.0,aaad,6,interior,0.01082949946392812,11
sin(2πx),51,0.0,s2_aaa_mle,6,interior,0.0015873937625825133,10
sin(2πx),51,0.0,agp_robust,7,interior,0.031405698869250286,-1
sin(2πx),51,0.0,aaad,7,interior,11.038431901210457,11
sin(2πx),51,0.0,s2_aaa_mle,7,interior,18.177622533313468,10
sin(2πx),51,0.0,agp_robust,0,on_data,9.454319858836253e-7,-1
sin(2πx),51,0.0,aaad,0,on_data,7.097592349636158e-16,11
sin(2πx),51,0.0,s2_aaa_mle,0,on_data,6.279119199852945e-14,10
sin(2πx),51,0.0,agp_robust,2,on_data,1.6108459693352874e-5,-1
sin(2πx),51,0.0,aaad,2,on_data,5.3218862832144816e-14,11
sin(2πx),51,0.0,s2_aaa_mle,2,on_data,3.162735830571715e-12,10
sin(2πx),51,0.0,agp_robust,4,on_data,0.00025434838445341675,-1
sin(2πx),51,0.0,aaad,4,on_data,1.7772901196658534e-11,11
sin(2πx),51,0.0,s2_aaa_mle,4,on_data,2.3750518410240455e-10,10
sin(2πx),51,0.0,agp_robust,6,on_data,0.00959000751095322,-1
sin(2πx),51,0.0,aaad,6,on_data,2.361238001512717e-8,11
sin(2πx),51,0.0,s2_aaa_mle,6,on_data,2.6033753813456446e-8,10
sin(2πx),51,1.0e-8,agp_robust,0,interior,9.899598699223512e-7,-1
sin(2πx),51,1.0e-8,aaad,0,interior,2.0444869666967944e-8,26
sin(2πx),51,1.0e-8,s2_aaa_mle,0,interior,2.044486972253966e-8,26
sin(2πx),51,1.0e-8,s3_se,0,interior,1.0143389123863458e-8,27
sin(2πx),51,1.0e-8,agp_robust,1,interior,4.3886212436947964e-6,-1
sin(2πx),51,1.0e-8,aaad,1,interior,1.832989962039602e-6,26
sin(2πx),51,1.0e-8,s2_aaa_mle,1,interior,1.8329899521221007e-6,26
sin(2πx),51,1.0e-8,s3_se,1,interior,1.9695201536069842e-7,27
sin(2πx),51,1.0e-8,agp_robust,2,interior,1.7098583037452625e-5,-1
sin(2πx),51,1.0e-8,aaad,2,interior,0.00023049135731990894,26
sin(2πx),51,1.0e-8,s2_aaa_mle,2,interior,0.00023049135185855636,26
sin(2πx),51,1.0e-8,s3_se,2,interior,8.792611649507996e-6,27
sin(2πx),51,1.0e-8,agp_robust,3,interior,9.52671915255737e-5,-1
sin(2πx),51,1.0e-8,aaad,3,interior,0.07141355147939381,26
sin(2πx),51,1.0e-8,s2_aaa_mle,3,interior,0.07141354675989768,26
sin(2πx),51,1.0e-8,s3_se,3,interior,0.0010337050005394506,27
sin(2πx),51,1.0e-8,agp_robust,4,interior,0.0002814697125864505,-1
sin(2πx),51,1.0e-8,aaad,4,interior,20.58060696261173,26
sin(2πx),51,1.0e-8,s2_aaa_mle,4,interior,20.580605359847368,26
sin(2πx),51,1.0e-8,s3_se,4,interior,0.10813376805867299,27
sin(2πx),51,1.0e-8,agp_robust,5,interior,0.002715481711635233,-1
sin(2πx),51,1.0e-8,aaad,5,interior,11297.745203649962,26
sin(2πx),51,1.0e-8,s2_aaa_mle,5,interior,11297.7443838222,26
sin(2πx),51,1.0e-8,s3_se,5,interior,21.279057081848883,27
sin(2πx),51,1.0e-8,agp_robust,6,interior,0.009966585750028564,-1
sin(2πx),51,1.0e-8,aaad,6,interior,5.021396437126966e6,26
sin(2πx),51,1.0e-8,s2_aaa_mle,6,interior,5.021396042621969e6,26
sin(2πx),51,1.0e-8,s3_se,6,interior,3371.0876838762456,27
sin(2πx),51,1.0e-8,agp_robust,7,interior,0.03130165366160093,-1
sin(2πx),51,1.0e-8,aaad,7,interior,3.9078248557038245e9,26
sin(2πx),51,1.0e-8,s2_aaa_mle,7,interior,3.907824467551883e9,26
sin(2πx),51,1.0e-8,s3_se,7,interior,932891.27907947,27
sin(2πx),51,1.0e-8,agp_robust,0,on_data,9.872945636409699e-7,-1
sin(2πx),51,1.0e-8,aaad,0,on_data,1.1115266907533641e-8,26
sin(2πx),51,1.0e-8,s2_aaa_mle,0,on_data,1.1115266861599617e-8,26
sin(2πx),51,1.0e-8,s3_se,0,on_data,9.468576317375694e-9,27
sin(2πx),51,1.0e-8,agp_robust,2,on_data,1.6766350519972966e-5,-1
sin(2πx),51,1.0e-8,aaad,2,on_data,2.585755691450834e-5,26
sin(2πx),51,1.0e-8,s2_aaa_mle,2,on_data,2.5857556175325826e-5,26
sin(2πx),51,1.0e-8,s3_se,2,on_data,5.161432091624748e-5,27
sin(2πx),51,1.0e-8,agp_robust,4,on_data,0.00026343982514319414,-1
sin(2πx),51,1.0e-8,aaad,4,on_data,0.6031216824614624,26
sin(2πx),51,1.0e-8,s2_aaa_mle,4,on_data,0.6031216648820872,26
sin(2πx),51,1.0e-8,s3_se,4,on_data,3.0273542964298596,27
sin(2πx),51,1.0e-8,agp_robust,6,on_data,0.00977926251491492,-1
sin(2πx),51,1.0e-8,aaad,6,on_data,37415.63429115686,26
sin(2πx),51,1.0e-8,s2_aaa_mle,6,on_data,37415.63319974442,26
sin(2πx),51,1.0e-8,s3_se,6,on_data,447834.8516444294,27
sin(2πx),51,0.0001,agp_robust,0,interior,5.205142034744888e-5,-1
sin(2πx),51,0.0001,aaad,0,interior,0.00016160392759094702,27
sin(2πx),51,0.0001,s2_aaa_mle,0,interior,0.00016096217955383963,26
sin(2πx),51,0.0001,s3_se,0,interior,0.00011451612736825604,28
sin(2πx),51,0.0001,agp_robust,1,interior,0.0001943269051099989,-1
sin(2πx),51,0.0001,aaad,1,interior,0.004012824935464959,27
sin(2πx),51,0.0001,s2_aaa_mle,1,interior,0.0038541948165028476,26
sin(2πx),51,0.0001,s3_se,1,interior,0.002030281766646874,28
sin(2πx),51,0.0001,agp_robust,2,interior,0.00044743840826189926,-1
sin(2πx),51,0.0001,aaad,2,interior,0.11464009871665046,27
sin(2πx),51,0.0001,s2_aaa_mle,2,interior,0.07357184572843861,26
sin(2πx),51,0.0001,s3_se,2,interior,0.1105862570432434,28
sin(2πx),51,0.0001,agp_robust,3,interior,0.0017989614870837912,-1
sin(2πx),51,0.0001,aaad,3,interior,12.924169215488256,27
sin(2πx),51,0.0001,s2_aaa_mle,3,interior,8.11864768572981,26
sin(2πx),51,0.0001,s3_se,3,interior,23.30589601523351,28
sin(2πx),51,0.0001,agp_robust,4,interior,0.004976299500530225,-1
sin(2πx),51,0.0001,aaad,4,interior,1204.1126329122444,27
sin(2πx),51,0.0001,s2_aaa_mle,4,interior,609.8927964621882,26
sin(2πx),51,0.0001,s3_se,4,interior,4430.946842967451,28
sin(2πx),51,0.0001,agp_robust,5,interior,0.019540189729145226,-1
sin(2πx),51,0.0001,aaad,5,interior,225145.63431931203,27
sin(2πx),51,0.0001,s2_aaa_mle,5,interior,121098.04962247507,26
sin(2πx),51,0.0001,s3_se,5,interior,1.5760456679493259e6,28
sin(2πx),51,0.0001,agp_robust,6,interior,0.03180316001528564,-1
sin(2πx),51,0.0001,aaad,6,interior,3.407596805911341e7,27
sin(2πx),51,0.0001,s2_aaa_mle,6,interior,2.0879706846139047e7,26
sin(2πx),51,0.0001,s3_se,6,interior,4.499758475335064e8,28
sin(2πx),51,0.0001,agp_robust,7,interior,0.08250517025572104,-1
sin(2πx),51,0.0001,aaad,7,interior,9.215489557830677e9,27
sin(2πx),51,0.0001,s2_aaa_mle,7,interior,6.861643173620948e9,26
sin(2πx),51,0.0001,s3_se,7,interior,2.2409015066697406e11,28
sin(2πx),51,0.0001,agp_robust,0,on_data,5.111957604733252e-5,-1
sin(2πx),51,0.0001,aaad,0,on_data,0.00014069632966460412,27
sin(2πx),51,0.0001,s2_aaa_mle,0,on_data,0.0001406963296647607,26
sin(2πx),51,0.0001,s3_se,0,on_data,0.00013240054032184553,28
sin(2πx),51,0.0001,agp_robust,2,on_data,0.0004417074896344124,-1
sin(2πx),51,0.0001,aaad,2,on_data,0.49234927133560885,27
sin(2πx),51,0.0001,s2_aaa_mle,2,on_data,0.4601034066445184,26
sin(2πx),51,0.0001,s3_se,2,on_data,2.307720657430595,28
sin(2πx),51,0.0001,agp_robust,4,on_data,0.005300766067849023,-1
sin(2πx),51,0.0001,aaad,4,on_data,18943.092670434256,27
sin(2πx),51,0.0001,s2_aaa_mle,4,on_data,16292.662650319142,26
sin(2πx),51,0.0001,s3_se,4,on_data,729046.4505698212,28
sin(2πx),51,0.0001,agp_robust,6,on_data,0.03173081017193969,-1
sin(2πx),51,0.0001,aaad,6,on_data,1.8935731495980742e9,27
sin(2πx),51,0.0001,s2_aaa_mle,6,on_data,1.515506241358034e9,26
sin(2πx),51,0.0001,s3_se,6,on_data,5.756952959599613e11,28
sin(2πx),51,0.01,agp_robust,0,interior,0.003601148074477439,-1
sin(2πx),51,0.01,aaad,0,interior,0.08026483803681288,26
sin(2πx),51,0.01,s2_aaa_mle,0,interior,0.08026483803681074,26
sin(2πx),51,0.01,s3_se,0,interior,0.012854453164366517,27
sin(2πx),51,0.01,agp_robust,1,interior,0.0049934217691911635,-1
sin(2πx),51,0.01,aaad,1,interior,70.57562652827725,26
sin(2πx),51,0.01,s2_aaa_mle,1,interior,70.57562652827583,26
sin(2πx),51,0.01,s3_se,1,interior,0.1613357598044676,27
sin(2πx),51,0.01,agp_robust,2,interior,0.015532879897341395,-1
sin(2πx),51,0.01,aaad,2,interior,92825.47641298456,26
sin(2πx),51,0.01,s2_aaa_mle,2,interior,92825.47641298288,26
sin(2πx),51,0.01,s3_se,2,interior,3.9259910362578396,27
sin(2πx),51,0.01,agp_robust,3,interior,0.05754028473681379,-1
sin(2πx),51,0.01,aaad,3,interior,2.7401544532818633e8,26
sin(2πx),51,0.01,s2_aaa_mle,3,interior,2.74015445328182e8,26
sin(2πx),51,0.01,s3_se,3,interior,209.28545401912478,27
sin(2πx),51,0.01,agp_robust,4,interior,0.09015398681618242,-1
sin(2πx),51,0.01,aaad,4,interior,7.213779286869628e11,26
sin(2πx),51,0.01,s2_aaa_mle,4,interior,7.213779286869524e11,26
sin(2πx),51,0.01,s3_se,4,interior,11094.479655182502,27
sin(2πx),51,0.01,agp_robust,5,interior,0.14514609269090495,-1
sin(2πx),51,0.01,aaad,5,interior,3.5491497654334665e15,26
sin(2πx),51,0.01,s2_aaa_mle,5,interior,3.5491497654334235e15,26
sin(2πx),51,0.01,s3_se,5,interior,1.6592146078619969e6,27
sin(2πx),51,0.01,agp_robust,6,interior,0.19158144416296016,-1
sin(2πx),51,0.01,aaad,6,interior,1.4015334506834782e19,26
sin(2πx),51,0.01,s2_aaa_mle,6,interior,1.4015334506834639e19,26
sin(2πx),51,0.01,s3_se,6,interior,3.183698893702271e8,27
sin(2πx),51,0.01,agp_robust,7,interior,0.41748427862313126,-1
sin(2πx),51,0.01,aaad,7,interior,9.653681803224986e22,26
sin(2πx),51,0.01,s2_aaa_mle,7,interior,9.653681803224909e22,26
sin(2πx),51,0.01,s3_se,7,interior,1.4291396454842758e11,27
sin(2πx),51,0.01,agp_robust,0,on_data,0.003570747485382297,-1
sin(2πx),51,0.01,aaad,0,on_data,0.015479131559060054,26
sin(2πx),51,0.01,s2_aaa_mle,0,on_data,0.015479131559060534,26
sin(2πx),51,0.01,s3_se,0,on_data,0.015582714092857424,27
sin(2πx),51,0.01,agp_robust,2,on_data,0.0138520478086673,-1
sin(2πx),51,0.01,aaad,2,on_data,266.7373477059654,26
sin(2πx),51,0.01,s2_aaa_mle,2,on_data,266.7373477059914,26
sin(2πx),51,0.01,s3_se,2,on_data,1584.316604743497,27
sin(2πx),51,0.01,agp_robust,4,on_data,0.08953989297234695,-1
sin(2πx),51,0.01,aaad,4,on_data,4.485588077945915e7,26
sin(2πx),51,0.01,s2_aaa_mle,4,on_data,4.48558807794643e7,26
sin(2πx),51,0.01,s3_se,4,on_data,2.2174362793119125e9,27
sin(2πx),51,0.01,agp_robust,6,on_data,0.18862454743127677,-1
sin(2πx),51,0.01,aaad,6,on_data,2.0452344997362625e13,26
sin(2πx),51,0.01,s2_aaa_mle,6,on_data,2.0452344997364996e13,26
sin(2πx),51,0.01,s3_se,6,on_data,7.907942804128862e15,27
sin(2πx),101,0.0,agp_robust,0,interior,1.0381813204095026e-6,-1
sin(2πx),101,0.0,aaad,0,interior,1.043051153942449e-15,11
sin(2πx),101,0.0,s2_aaa_mle,0,interior,8.30613903773555e-14,10
sin(2πx),101,0.0,s3_se,0,interior,5.0374636541638166e-11,53
sin(2πx),101,0.0,agp_robust,1,interior,5.849119828567935e-6,-1
sin(2πx),101,0.0,aaad,1,interior,6.733118214450104e-15,11
sin(2πx),101,0.0,s2_aaa_mle,1,interior,5.696649167041729e-13,10
sin(2πx),101,0.0,s3_se,1,interior,3.917145290768438e-9,53
sin(2πx),101,0.0,agp_robust,2,interior,2.2417003731821102e-5,-1
sin(2πx),101,0.0,aaad,2,interior,1.4050353498592716e-13,11
sin(2πx),101,0.0,s2_aaa_mle,2,interior,4.996533951489249e-12,10
sin(2πx),101,0.0,s3_se,2,interior,9.694370001002524e-7,53
sin(2πx),101,0.0,agp_robust,3,interior,0.00029356278530266115,-1
sin(2πx),101,0.0,aaad,3,interior,7.912163652407758e-12,11
sin(2πx),101,0.0,s2_aaa_mle,3,interior,3.357394581146199e-11,10
sin(2πx),101,0.0,s3_se,3,interior,0.0004349637831666801,53
sin(2πx),101,0.0,agp_robust,4,interior,0.0018179825168132858,-1
sin(2πx),101,0.0,aaad,4,interior,7.485964195632824e-10,11
sin(2πx),101,0.0,s2_aaa_mle,4,interior,1.0522026597780761e-9,10
sin(2πx),101,0.0,s3_se,4,interior,0.235373335363594,53
sin(2πx),101,0.0,agp_robust,5,interior,0.007728467597084871,-1
sin(2πx),101,0.0,aaad,5,interior,2.561932293192676e-7,11
sin(2πx),101,0.0,s2_aaa_mle,5,interior,6.99395388072887e-8,10
sin(2πx),101,0.0,s3_se,5,interior,179.22688514020112,53
sin(2πx),101,0.0,agp_robust,6,interior,0.019141350816851515,-1
sin(2πx),101,0.0,aaad,6,interior,7.894883198319825e-5,11
sin(2πx),101,0.0,s2_aaa_mle,6,interior,3.999842460127703e-6,10
sin(2πx),101,0.0,s3_se,6,interior,145681.36015768134,53
sin(2πx),101,0.0,agp_robust,7,interior,0.032885472863734916,-1
sin(2πx),101,0.0,aaad,7,interior,0.014614715742974219,11
sin(2πx),101,0.0,s2_aaa_mle,7,interior,0.0005713422613027771,10
sin(2πx),101,0.0,s3_se,7,interior,1.5535261756596935e8,53
sin(2πx),101,0.0,agp_robust,0,on_data,1.0408200534060202e-6,-1
sin(2πx),101,0.0,aaad,0,on_data,1.2102569743461477e-15,11
sin(2πx),101,0.0,s2_aaa_mle,0,on_data,8.501588875571521e-14,10
sin(2πx),101,0.0,s3_se,0,on_data,3.0886519615364586e-11,53
sin(2πx),101,0.0,agp_robust,2,on_data,2.14695388475657e-5,-1
sin(2πx),101,0.0,aaad,2,on_data,1.0897236244561984e-13,11
sin(2πx),101,0.0,s2_aaa_mle,2,on_data,5.2625967632705534e-12,10
sin(2πx),101,0.0,s3_se,2,on_data,7.388198040956513e-7,53
sin(2πx),101,0.0,agp_robust,4,on_data,0.0018450800677618695,-1
sin(2πx),101,0.0,aaad,4,on_data,1.804152834265367e-10,11
sin(2πx),101,0.0,s2_aaa_mle,4,on_data,6.66015518673007e-10,10
sin(2πx),101,0.0,s3_se,4,on_data,0.3798655296908845,53
sin(2πx),101,0.0,agp_robust,6,on_data,0.019315070248468756,-1
sin(2πx),101,0.0,aaad,6,on_data,1.541499618425985e-7,11
sin(2πx),101,0.0,s2_aaa_mle,6,on_data,2.693258803043749e-7,10
sin(2πx),101,0.0,s3_se,6,on_data,568977.9933078415,53
sin(2πx),101,1.0e-8,agp_robust,0,interior,1.0884504696301697e-6,-1
sin(2πx),101,1.0e-8,aaad,0,interior,1.880654309161447e-8,52
sin(2πx),101,1.0e-8,s2_aaa_mle,0,interior,1.733808446095748e-8,51
sin(2πx),101,1.0e-8,s3_se,0,interior,1.4523196000994978e-8,56
sin(2πx),101,1.0e-8,agp_robust,1,interior,5.180376980552417e-6,-1
sin(2πx),101,1.0e-8,aaad,1,interior,3.857087130700684e-6,52
sin(2πx),101,1.0e-8,s2_aaa_mle,1,interior,8.217758707273125e-6,51
sin(2πx),101,1.0e-8,s3_se,1,interior,3.4433038151975002e-6,56
sin(2πx),101,1.0e-8,agp_robust,2,interior,2.6229433912919842e-5,-1
sin(2πx),101,1.0e-8,aaad,2,interior,0.00201909758783823,52
sin(2πx),101,1.0e-8,s2_aaa_mle,2,interior,0.009671535350781454,51
sin(2πx),101,1.0e-8,s3_se,2,interior,0.002008466264027235,56
sin(2πx),101,1.0e-8,agp_robust,3,interior,0.00010288581036029055,-1
sin(2πx),101,1.0e-8,aaad,3,interior,1.7934019184719523,52
sin(2πx),101,1.0e-8,s2_aaa_mle,3,interior,19.36200539578429,51
sin(2πx),101,1.0e-8,s3_se,3,interior,2.026737291048797,56
sin(2πx),101,1.0e-8,agp_robust,4,interior,0.0009458949103915666,-1
sin(2πx),101,1.0e-8,aaad,4,interior,1887.932237260452,52
sin(2πx),101,1.0e-8,s2_aaa_mle,4,interior,46024.16937592939,51
sin(2πx),101,1.0e-8,s3_se,4,interior,2427.930218603727,56
sin(2πx),101,1.0e-8,agp_robust,5,interior,0.005688795146431731,-1
sin(2πx),101,1.0e-8,aaad,5,interior,2.7934650359208635e6,52
sin(2πx),101,1.0e-8,s2_aaa_mle,5,interior,1.537951972261983e8,51
sin(2πx),101,1.0e-8,s3_se,5,interior,4.0883545301212487e6,56
sin(2πx),101,1.0e-8,agp_robust,6,interior,0.017562078845711558,-1
sin(2πx),101,1.0e-8,aaad,6,interior,4.4111117242619705e9,52
sin(2πx),101,1.0e-8,s2_aaa_mle,6,interior,5.484755008967784e11,51
sin(2πx),101,1.0e-8,s3_se,6,interior,7.347004075544126e9,56
sin(2πx),101,1.0e-8,agp_robust,7,interior,0.03582463572617554,-1
sin(2πx),101,1.0e-8,aaad,7,interior,9.137626455802295e12,52
sin(2πx),101,1.0e-8,s2_aaa_mle,7,interior,2.56598154403064e15,51
sin(2πx),101,1.0e-8,s3_se,7,interior,1.732018962463527e13,56
sin(2πx),101,1.0e-8,agp_robust,0,on_data,1.0858772239553582e-6,-1
sin(2πx),101,1.0e-8,aaad,0,on_data,1.2230294314342282e-8,52
sin(2πx),101,1.0e-8,s2_aaa_mle,0,on_data,1.2230293315352974e-8,51
sin(2πx),101,1.0e-8,s3_se,0,on_data,9.173580822407129e-9,56
sin(2πx),101,1.0e-8,agp_robust,2,on_data,2.6512849814280354e-5,-1
sin(2πx),101,1.0e-8,aaad,2,on_data,4.3563292945451584e-5,52
sin(2πx),101,1.0e-8,s2_aaa_mle,2,on_data,0.00013188822878913787,51
sin(2πx),101,1.0e-8,s3_se,2,on_data,3.303667122720166e-5,56
sin(2πx),101,1.0e-8,agp_robust,4,on_data,0.0009580307759940853,-1
sin(2πx),101,1.0e-8,aaad,4,on_data,2.829719362045099,52
sin(2πx),101,1.0e-8,s2_aaa_mle,4,on_data,23.238883193676934,51
sin(2πx),101,1.0e-8,s3_se,4,on_data,0.9083982239937384,56
sin(2πx),101,1.0e-8,agp_robust,6,on_data,0.017744152609878817,-1
sin(2πx),101,1.0e-8,aaad,6,on_data,544995.5719246857,52
sin(2πx),101,1.0e-8,s2_aaa_mle,6,on_data,1.289590300598298e7,51
sin(2πx),101,1.0e-8,s3_se,6,on_data,66262.76794846354,56
sin(2πx),101,0.0001,agp_robust,0,interior,3.736698916837318e-5,-1
sin(2πx),101,0.0001,aaad,0,interior,0.0004413083624646547,51
sin(2πx),101,0.0001,s2_aaa_mle,0,interior,0.00044130836245634045,51
sin(2πx),101,0.0001,s3_se,0,interior,0.0006666835958831454,57
sin(2πx),101,0.0001,agp_robust,1,interior,0.00013492741731301324,-1
sin(2πx),101,0.0001,aaad,1,interior,0.5928602851649197,51
sin(2πx),101,0.0001,s2_aaa_mle,1,interior,0.5928602851486638,51
sin(2πx),101,0.0001,s3_se,1,interior,0.3693187143122633,57
sin(2πx),101,0.0001,agp_robust,2,interior,0.0008092623127379271,-1
sin(2πx),101,0.0001,aaad,2,interior,1691.2218070255826,51
sin(2πx),101,0.0001,s2_aaa_mle,2,interior,1691.2218069784349,51
sin(2πx),101,0.0001,s3_se,2,interior,374.62850677229574,57
sin(2πx),101,0.0001,agp_robust,3,interior,0.0033947612635672423,-1
sin(2πx),101,0.0001,aaad,3,interior,8.194405593821278e6,51
sin(2πx),101,0.0001,s2_aaa_mle,3,interior,8.194405593592322e6,51
sin(2πx),101,0.0001,s3_se,3,interior,641343.6757737645,57
sin(2πx),101,0.0001,agp_robust,4,interior,0.0075261837072509415,-1
sin(2πx),101,0.0001,aaad,4,interior,4.709924384897712e10,51
sin(2πx),101,0.0001,s2_aaa_mle,4,interior,4.709924384765925e10,51
sin(2πx),101,0.0001,s3_se,4,interior,1.3019220214141042e9,57
sin(2πx),101,0.0001,agp_robust,5,interior,0.011149896073846956,-1
sin(2πx),101,0.0001,aaad,5,interior,3.8051041782039475e14,51
sin(2πx),101,0.0001,s2_aaa_mle,5,interior,3.8051041780973306e14,51
sin(2πx),101,0.0001,s3_se,5,interior,3.7146924610334194e12,57
sin(2πx),101,0.0001,agp_robust,6,interior,0.021366798713333336,-1
sin(2πx),101,0.0001,aaad,6,interior,3.2807085632525696e18,51
sin(2πx),101,0.0001,s2_aaa_mle,6,interior,3.280708563160521e18,51
sin(2πx),101,0.0001,s3_se,6,interior,1.1311189540584972e16,57
sin(2πx),101,0.0001,agp_robust,7,interior,0.05437780924956876,-1
sin(2πx),101,0.0001,aaad,7,interior,3.7106445048799144e22,51
sin(2πx),101,0.0001,s2_aaa_mle,7,interior,3.7106445047756596e22,51
sin(2πx),101,0.0001,s3_se,7,interior,4.518291091843732e19,57
sin(2πx),101,0.0001,agp_robust,0,on_data,3.736973742648171e-5,-1
sin(2πx),101,0.0001,aaad,0,on_data,0.00014553456843634132,51
sin(2πx),101,0.0001,s2_aaa_mle,0,on_data,0.00014553456843671245,51
sin(2πx),101,0.0001,s3_se,0,on_data,7.768274768766794e-5,57
sin(2πx),101,0.0001,agp_robust,2,on_data,0.0008064670702299961,-1
sin(2πx),101,0.0001,aaad,2,on_data,15854.792113669811,51
sin(2πx),101,0.0001,s2_aaa_mle,2,on_data,15854.792113662706,51
sin(2πx),101,0.0001,s3_se,2,on_data,17.115249809657207,57
sin(2πx),101,0.0001,agp_robust,4,on_data,0.007530697049386094,-1
sin(2πx),101,0.0001,aaad,4,on_data,1.4167326351884973e13,51
sin(2πx),101,0.0001,s2_aaa_mle,4,on_data,1.4167326351878594e13,51
sin(2πx),101,0.0001,s3_se,4,on_data,2.034464606200515e8,57
sin(2πx),101,0.0001,agp_robust,6,on_data,0.021017949449945544,-1
sin(2πx),101,0.0001,aaad,6,on_data,3.1648660332740713e22,51
sin(2πx),101,0.0001,s2_aaa_mle,6,on_data,3.164866033272642e22,51
sin(2πx),101,0.0001,s3_se,6,on_data,6.04673609076949e15,57
sin(2πx),101,0.01,agp_robust,0,interior,0.0028950126366542052,-1
sin(2πx),101,0.01,aaad,0,interior,0.014836869159853456,52
sin(2πx),101,0.01,s2_aaa_mle,0,interior,0.02196638028776767,51
sin(2πx),101,0.01,agp_robust,1,interior,0.0065335614703065925,-1
sin(2πx),101,0.01,aaad,1,interior,1.1546836165160215,52
sin(2πx),101,0.01,s2_aaa_mle,1,interior,11.998409000102779,51
sin(2πx),101,0.01,agp_robust,2,interior,0.01723942650941288,-1
sin(2πx),101,0.01,aaad,2,interior,268.6515964366123,52
sin(2πx),101,0.01,s2_aaa_mle,2,interior,14941.261642410458,51
sin(2πx),101,0.01,agp_robust,3,interior,0.041444230309643525,-1
sin(2πx),101,0.01,aaad,3,interior,118924.39592221302,52
sin(2πx),101,0.01,s2_aaa_mle,3,interior,3.1449515867706824e7,51
sin(2πx),101,0.01,agp_robust,4,interior,0.08759501308119305,-1
sin(2πx),101,0.01,aaad,4,interior,6.369979754675669e7,52
sin(2πx),101,0.01,s2_aaa_mle,4,interior,7.84979793408869e10,51
sin(2πx),101,0.01,agp_robust,5,interior,0.2761352948263724,-1
sin(2πx),101,0.01,aaad,5,interior,4.814346255047202e10,52
sin(2πx),101,0.01,s2_aaa_mle,5,interior,2.7538918059749356e14,51
sin(2πx),101,0.01,agp_robust,6,interior,0.4850641394413348,-1
sin(2πx),101,0.01,aaad,6,interior,3.885989205269257e13,52
sin(2πx),101,0.01,s2_aaa_mle,6,interior,1.0310572872025446e18,51
sin(2πx),101,0.01,agp_robust,7,interior,1.2010058475401908,-1
sin(2πx),101,0.01,aaad,7,interior,4.115364386047281e16,52
sin(2πx),101,0.01,s2_aaa_mle,7,interior,5.064064515892179e21,51
sin(2πx),101,0.01,agp_robust,0,on_data,0.0029245228731607435,-1
sin(2πx),101,0.01,aaad,0,on_data,0.013996402071708549,52
sin(2πx),101,0.01,s2_aaa_mle,0,on_data,0.013996402071710736,51
sin(2πx),101,0.01,agp_robust,2,on_data,0.01701649980597062,-1
sin(2πx),101,0.01,aaad,2,on_data,2531.906798254821,52
sin(2πx),101,0.01,s2_aaa_mle,2,on_data,1.6656412840511385e8,51
sin(2πx),101,0.01,agp_robust,4,on_data,0.08717722694533163,-1
sin(2πx),101,0.01,aaad,4,on_data,3.8695633601505632e9,52
sin(2πx),101,0.01,s2_aaa_mle,4,on_data,1.592509013201187e19,51
sin(2πx),101,0.01,agp_robust,6,on_data,0.48395780609213745,-1
sin(2πx),101,0.01,aaad,6,on_data,1.482099205805454e16,52
sin(2πx),101,0.01,s2_aaa_mle,6,on_data,3.806469292966516e30,51
sin(2πx),501,0.0,agp_robust,0,interior,5.531719476202456e-7,-1
sin(2πx),501,0.0,aaad,0,interior,1.72249424635513e-15,11
sin(2πx),501,0.0,s2_aaa_mle,0,interior,6.569599048753975e-14,10
sin(2πx),501,0.0,s3_se,0,interior,7.255538289258116e-11,11
sin(2πx),501,0.0,agp_robust,1,interior,1.2840490662763204e-5,-1
sin(2πx),501,0.0,aaad,1,interior,1.630600457366859e-14,11
sin(2πx),501,0.0,s2_aaa_mle,1,interior,4.0700832956845157e-13,10
sin(2πx),501,0.0,s3_se,1,interior,7.995439641123448e-10,11
sin(2πx),501,0.0,agp_robust,2,interior,0.00014497811673564048,-1
sin(2πx),501,0.0,aaad,2,interior,1.235555502787483e-12,11
sin(2πx),501,0.0,s2_aaa_mle,2,interior,3.277816721317531e-11,10
sin(2πx),501,0.0,s3_se,2,interior,3.9561131962202334e-8,11
sin(2πx),501,0.0,agp_robust,3,interior,0.000902263787878371,-1
sin(2πx),501,0.0,aaad,3,interior,1.8433859550353472e-10,11
sin(2πx),501,0.0,s2_aaa_mle,3,interior,1.01117132350859e-9,10
sin(2πx),501,0.0,s3_se,3,interior,5.531011433819436e-6,11
sin(2πx),501,0.0,agp_robust,4,interior,0.004058434363062853,-1
sin(2πx),501,0.0,aaad,4,interior,1.8324599562121418e-7,11
sin(2πx),501,0.0,s2_aaa_mle,4,interior,2.1372327344435118e-8,10
sin(2πx),501,0.0,s3_se,4,interior,0.003097456639657975,11
sin(2πx),501,0.0,agp_robust,5,interior,0.012116607932297192,-1
sin(2πx),501,0.0,aaad,5,interior,0.00017670830151697513,11
sin(2πx),501,0.0,s2_aaa_mle,5,interior,6.179450855178919e-5,10
sin(2πx),501,0.0,s3_se,5,interior,2.0545926797526577,11
sin(2πx),501,0.0,agp_robust,6,interior,0.026135974239630703,-1
sin(2πx),501,0.0,aaad,6,interior,0.07381111147096013,11
sin(2πx),501,0.0,s2_aaa_mle,6,interior,0.14387425343211271,10
sin(2πx),501,0.0,s3_se,6,interior,1736.674127257641,11
sin(2πx),501,0.0,agp_robust,7,interior,0.03208901444412352,-1
sin(2πx),501,0.0,aaad,7,interior,91.68555522258696,11
sin(2πx),501,0.0,s2_aaa_mle,7,interior,21.006484103706367,10
sin(2πx),501,0.0,s3_se,7,interior,1.612712819733989e6,11
sin(2πx),501,0.0,agp_robust,0,on_data,6.512845872779256e-7,-1
sin(2πx),501,0.0,aaad,0,on_data,1.7207625873121118e-15,11
sin(2πx),501,0.0,s2_aaa_mle,0,on_data,5.268172450278357e-14,10
sin(2πx),501,0.0,s3_se,0,on_data,7.035346832900184e-11,11
sin(2πx),501,0.0,agp_robust,2,on_data,0.00010345090830523367,-1
sin(2πx),501,0.0,aaad,2,on_data,6.850150662608663e-13,11
sin(2πx),501,0.0,s2_aaa_mle,2,on_data,7.2688688966607705e-12,10
sin(2πx),501,0.0,s3_se,2,on_data,2.1568676110915515e-8,11
sin(2πx),501,0.0,agp_robust,4,on_data,0.0032140143156257537,-1
sin(2πx),501,0.0,aaad,4,on_data,4.866518795878233e-8,11
sin(2πx),501,0.0,s2_aaa_mle,4,on_data,4.5529396855879397e-8,10
sin(2πx),501,0.0,s3_se,4,on_data,3.7198634355351103e-6,11
sin(2πx),501,0.0,agp_robust,6,on_data,0.023462144684515473,-1
sin(2πx),501,0.0,aaad,6,on_data,0.0006121176223426598,11
sin(2πx),501,0.0,s2_aaa_mle,6,on_data,0.007085048397804002,10
sin(2πx),501,0.0,s3_se,6,on_data,0.003060239028280408,11
sin(2πx),501,1.0e-8,agp_robust,0,interior,6.384692892601414e-7,-1
sin(2πx),501,1.0e-8,aaad,0,interior,6.775365242567461e-8,8
sin(2πx),501,1.0e-8,s2_aaa_mle,0,interior,1.4953877747165265e-8,184
sin(2πx),501,1.0e-8,s3_se,0,interior,1.9179688376553387e-9,10
sin(2πx),501,1.0e-8,agp_robust,1,interior,5.913181888000241e-6,-1
sin(2πx),501,1.0e-8,aaad,1,interior,2.2829249714812403e-7,8
sin(2πx),501,1.0e-8,s2_aaa_mle,1,interior,3.90368769724284e-6,184
sin(2πx),501,1.0e-8,s3_se,1,interior,9.371254294091417e-9,10
sin(2πx),501,1.0e-8,agp_robust,2,interior,8.942457508871991e-5,-1
sin(2πx),501,1.0e-8,aaad,2,interior,1.0052905308552356e-5,8
sin(2πx),501,1.0e-8,s2_aaa_mle,2,interior,0.002960448333297325,184
sin(2πx),501,1.0e-8,s3_se,2,interior,1.7492444780492603e-7,10
sin(2πx),501,1.0e-8,agp_robust,3,interior,0.0006682038109233421,-1
sin(2πx),501,1.0e-8,aaad,3,interior,0.00011724475772120847,8
sin(2πx),501,1.0e-8,s2_aaa_mle,3,interior,3.3983516233542708,184
sin(2πx),501,1.0e-8,s3_se,3,interior,2.1468656820935086e-6,10
sin(2πx),501,1.0e-8,agp_robust,4,interior,0.0033970496713669296,-1
sin(2πx),501,1.0e-8,aaad,4,interior,0.0009068851851769626,8
sin(2πx),501,1.0e-8,s2_aaa_mle,4,interior,5536.6828937033515,184
sin(2πx),501,1.0e-8,s3_se,4,interior,1.8977647329819313e-5,10
sin(2πx),501,1.0e-8,agp_robust,5,interior,0.011086962569370426,-1
sin(2πx),501,1.0e-8,aaad,5,interior,0.00479440257821922,8
sin(2πx),501,1.0e-8,s2_aaa_mle,5,interior,1.0662175095459022e7,184
sin(2πx),501,1.0e-8,s3_se,5,interior,0.00018306953003857215,10
sin(2πx),501,1.0e-8,agp_robust,6,interior,0.025669353892251695,-1
sin(2πx),501,1.0e-8,aaad,6,interior,0.02137925200006126,8
sin(2πx),501,1.0e-8,s2_aaa_mle,6,interior,2.6309563850239502e10,184
sin(2πx),501,1.0e-8,s3_se,6,interior,0.2170574160663284,10
sin(2πx),501,1.0e-8,agp_robust,7,interior,0.03363747589728072,-1
sin(2πx),501,1.0e-8,aaad,7,interior,3.4043590039745566,8
sin(2πx),501,1.0e-8,s2_aaa_mle,7,interior,7.18633336156011e13,184
sin(2πx),501,1.0e-8,s3_se,7,interior,7.564991668579403,10
sin(2πx),501,1.0e-8,agp_robust,0,on_data,6.485922320680728e-7,-1
sin(2πx),501,1.0e-8,aaad,0,on_data,5.183011278369912e-8,8
sin(2πx),501,1.0e-8,s2_aaa_mle,0,on_data,1.3720268639173384e-8,184
sin(2πx),501,1.0e-8,s3_se,0,on_data,1.8062587408160464e-9,10
sin(2πx),501,1.0e-8,agp_robust,2,on_data,6.324742894901144e-5,-1
sin(2πx),501,1.0e-8,aaad,2,on_data,2.3031989125062768e-6,8
sin(2πx),501,1.0e-8,s2_aaa_mle,2,on_data,0.007282294809775975,184
sin(2πx),501,1.0e-8,s3_se,2,on_data,6.767345937799409e-8,10
sin(2πx),501,1.0e-8,agp_robust,4,on_data,0.002652131285088273,-1
sin(2πx),501,1.0e-8,aaad,4,on_data,0.000308184712020773,8
sin(2πx),501,1.0e-8,s2_aaa_mle,4,on_data,90163.86216578085,184
sin(2πx),501,1.0e-8,s3_se,4,on_data,1.173565867386148e-5,10
sin(2πx),501,1.0e-8,agp_robust,6,on_data,0.022887783909207707,-1
sin(2πx),501,1.0e-8,aaad,6,on_data,0.017565453664875816,8
sin(2πx),501,1.0e-8,s2_aaa_mle,6,on_data,6.841911194134475e12,184
sin(2πx),501,1.0e-8,s3_se,6,on_data,0.01139093752581695,10
sin(2πx),501,0.0001,agp_robust,0,interior,1.944575039543837e-5,-1
sin(2πx),501,0.0001,aaad,0,interior,0.013781673403028383,9
sin(2πx),501,0.0001,s2_aaa_mle,0,interior,0.0006606616165776666,9
sin(2πx),501,0.0001,s3_se,0,interior,2.5648840439751944e-5,25
sin(2πx),501,0.0001,agp_robust,1,interior,0.00010667021590470135,-1
sin(2πx),501,0.0001,aaad,1,interior,0.22640805430719804,9
sin(2πx),501,0.0001,s2_aaa_mle,1,interior,0.007067707065662232,9
sin(2πx),501,0.0001,s3_se,1,interior,0.006420221697505454,25
sin(2πx),501,0.0001,agp_robust,2,interior,0.0008078116783402632,-1
sin(2πx),501,0.0001,aaad,2,interior,8.562308928155845,9
sin(2πx),501,0.0001,s2_aaa_mle,2,interior,0.13049209726242192,9
sin(2πx),501,0.0001,s3_se,2,interior,6.770972077177064,25
sin(2πx),501,0.0001,agp_robust,3,interior,0.003434818499245487,-1
sin(2πx),501,0.0001,aaad,3,interior,473.8179520710845,9
sin(2πx),501,0.0001,s2_aaa_mle,3,interior,17.664190349902288,9
sin(2πx),501,0.0001,s3_se,3,interior,9843.729533794984,25
sin(2πx),501,0.0001,agp_robust,4,interior,0.00935225889533409,-1
sin(2πx),501,0.0001,aaad,4,interior,40737.503429560486,9
sin(2πx),501,0.0001,s2_aaa_mle,4,interior,3726.641470573825,9
sin(2πx),501,0.0001,s3_se,4,interior,2.0234986068995677e7,25
sin(2πx),501,0.0001,agp_robust,5,interior,0.014252191712007265,-1
sin(2πx),501,0.0001,aaad,5,interior,6.178478496714536e6,9
sin(2πx),501,0.0001,s2_aaa_mle,5,interior,930978.6116423041,9
sin(2πx),501,0.0001,s3_se,5,interior,4.895745978680932e10,25
sin(2πx),501,0.0001,agp_robust,6,interior,0.031776142091839855,-1
sin(2πx),501,0.0001,aaad,6,interior,1.8939517807840314e9,9
sin(2πx),501,0.0001,s2_aaa_mle,6,interior,2.9694020177504e8,9
sin(2πx),501,0.0001,s3_se,6,interior,1.5094194702239162e14,25
sin(2πx),501,0.0001,agp_robust,7,interior,0.08085603654517023,-1
sin(2πx),501,0.0001,aaad,7,interior,7.248687541360458e11,9
sin(2πx),501,0.0001,s2_aaa_mle,7,interior,1.0411055036325348e11,9
sin(2πx),501,0.0001,s3_se,7,interior,5.112709285700136e17,25
sin(2πx),501,0.0001,agp_robust,0,on_data,1.8213446003089807e-5,-1
sin(2πx),501,0.0001,aaad,0,on_data,0.006503666614436217,9
sin(2πx),501,0.0001,s2_aaa_mle,0,on_data,0.000635764401697159,9
sin(2πx),501,0.0001,s3_se,0,on_data,3.24173681847854e-5,25
sin(2πx),501,0.0001,agp_robust,2,on_data,0.0007088568324069605,-1
sin(2πx),501,0.0001,aaad,2,on_data,157.71865639425167,9
sin(2πx),501,0.0001,s2_aaa_mle,2,on_data,9.479323456473862,9
sin(2πx),501,0.0001,s3_se,2,on_data,0.1256689119498864,25
sin(2πx),501,0.0001,agp_robust,4,on_data,0.009154646212683068,-1
sin(2πx),501,0.0001,aaad,4,on_data,9.860294360160163e7,9
sin(2πx),501,0.0001,s2_aaa_mle,4,on_data,3.5110335325578917e6,9
sin(2πx),501,0.0001,s3_se,4,on_data,7176.512669311734,25
sin(2πx),501,0.0001,agp_robust,6,on_data,0.027816433751197883,-1
sin(2πx),501,0.0001,aaad,6,on_data,1.5412440849381725e14,9
sin(2πx),501,0.0001,s2_aaa_mle,6,on_data,3.2511406536490386e12,9
sin(2πx),501,0.0001,s3_se,6,on_data,1.128107798973464e9,25
sin(2πx),501,0.01,agp_robust,0,interior,0.002242374516075576,-1
sin(2πx),501,0.01,aaad,0,interior,0.04171864018337366,4
sin(2πx),501,0.01,s2_aaa_mle,0,interior,0.008734091534844028,4
sin(2πx),501,0.01,s3_se,0,interior,0.004561696222493401,11
sin(2πx),501,0.01,agp_robust,1,interior,0.008235885263153015,-1
sin(2πx),501,0.01,aaad,1,interior,0.0744047623753673,4
sin(2πx),501,0.01,s2_aaa_mle,1,interior,0.0521692024460283,4
sin(2πx),501,0.01,s3_se,1,interior,0.013762791231440252,11
sin(2πx),501,0.01,agp_robust,2,interior,0.03203322308661157,-1
sin(2πx),501,0.01,aaad,2,interior,0.19882406939787306,4
sin(2πx),501,0.01,s2_aaa_mle,2,interior,0.2025915420465087,4
sin(2πx),501,0.01,s3_se,2,interior,12.20758998438509,11
sin(2πx),501,0.01,agp_robust,3,interior,0.08011681532245081,-1
sin(2πx),501,0.01,aaad,3,interior,0.5089615192207382,4
sin(2πx),501,0.01,s2_aaa_mle,3,interior,0.41807889041762214,4
sin(2πx),501,0.01,s3_se,3,interior,1296.7180351976822,11
sin(2πx),501,0.01,agp_robust,4,interior,0.1352771873164224,-1
sin(2πx),501,0.01,aaad,4,interior,0.9252220614605445,4
sin(2πx),501,0.01,s2_aaa_mle,4,interior,0.5408854429529157,4
sin(2πx),501,0.01,s3_se,4,interior,37961.408842837845,11
sin(2πx),501,0.01,agp_robust,5,interior,0.1572799136203041,-1
sin(2πx),501,0.01,aaad,5,interior,1.733716377865678,4
sin(2πx),501,0.01,s2_aaa_mle,5,interior,0.8857018179540298,4
sin(2πx),501,0.01,s3_se,5,interior,4.559467896093001e7,11
sin(2πx),501,0.01,agp_robust,6,interior,0.3254514152625774,-1
sin(2πx),501,0.01,aaad,6,interior,3.8827814836557515,4
sin(2πx),501,0.01,s2_aaa_mle,6,interior,1.7922858860252937,4
sin(2πx),501,0.01,s3_se,6,interior,7.973663742512361e9,11
sin(2πx),501,0.01,agp_robust,7,interior,0.4795539969263891,-1
sin(2πx),501,0.01,aaad,7,interior,8.990079290763106,4
sin(2πx),501,0.01,s2_aaa_mle,7,interior,3.561871058113492,4
sin(2πx),501,0.01,s3_se,7,interior,1.0359332717578386e12,11
sin(2πx),501,0.01,agp_robust,0,on_data,0.00222825956032032,-1
sin(2πx),501,0.01,aaad,0,on_data,0.041559667140121874,4
sin(2πx),501,0.01,s2_aaa_mle,0,on_data,0.007776664733943949,4
sin(2πx),501,0.01,s3_se,0,on_data,0.003116206550629056,11
sin(2πx),501,0.01,agp_robust,2,on_data,0.02333996536007483,-1
sin(2πx),501,0.01,aaad,2,on_data,0.1930000314713277,4
sin(2πx),501,0.01,s2_aaa_mle,2,on_data,0.16806142947455854,4
sin(2πx),501,0.01,s3_se,2,on_data,3.99395407308896,11
sin(2πx),501,0.01,agp_robust,4,on_data,0.13371482618978914,-1
sin(2πx),501,0.01,aaad,4,on_data,0.9223139724236978,4
sin(2πx),501,0.01,s2_aaa_mle,4,on_data,0.5400687591045936,4
sin(2πx),501,0.01,s3_se,4,on_data,27575.72152675683,11
sin(2πx),501,0.01,agp_robust,6,on_data,0.3197463422481216,-1
sin(2πx),501,0.01,aaad,6,on_data,3.881562855768656,4
sin(2πx),501,0.01,s2_aaa_mle,6,on_data,1.7903678347621717,4
sin(2πx),501,0.01,s3_se,6,on_data,1.9900963271865794e8,11
sin(2πx),1501,0.0,agp_robust,0,interior,6.069524927472087e-7,-1
sin(2πx),1501,0.0,aaad,0,interior,1.1281528937651793e-15,11
sin(2πx),1501,0.0,s2_aaa_mle,0,interior,5.538801607898267e-14,10
sin(2πx),1501,0.0,s3_se,0,interior,1.256137322045421e-10,10
sin(2πx),1501,0.0,agp_robust,1,interior,7.1830832006367536e-6,-1
sin(2πx),1501,0.0,aaad,1,interior,1.9878535951375622e-14,11
sin(2πx),1501,0.0,s2_aaa_mle,1,interior,2.118015956247467e-12,10
sin(2πx),1501,0.0,s3_se,1,interior,5.1287226786382485e-9,10
sin(2πx),1501,0.0,agp_robust,2,interior,9.49675976361988e-5,-1
sin(2πx),1501,0.0,aaad,2,interior,1.6011252765935782e-12,11
sin(2πx),1501,0.0,s2_aaa_mle,2,interior,8.590491972422373e-11,10
sin(2πx),1501,0.0,s3_se,2,interior,1.300267428298269e-7,10
sin(2πx),1501,0.0,agp_robust,3,interior,0.0006612437727186388,-1
sin(2πx),1501,0.0,aaad,3,interior,5.591747258344295e-11,11
sin(2πx),1501,0.0,s2_aaa_mle,3,interior,1.8251588001553315e-9,10
sin(2πx),1501,0.0,s3_se,3,interior,1.8018826789988972e-6,10
sin(2πx),1501,0.0,agp_robust,4,interior,0.0033014261145108076,-1
sin(2πx),1501,0.0,aaad,4,interior,2.996498186126582e-9,11
sin(2πx),1501,0.0,s2_aaa_mle,4,interior,2.9785699814491218e-8,10
sin(2πx),1501,0.0,s3_se,4,interior,1.900200677303078e-5,10
sin(2πx),1501,0.0,agp_robust,5,interior,0.010447109533776974,-1
sin(2πx),1501,0.0,aaad,5,interior,2.684172341624565e-6,11
sin(2πx),1501,0.0,s2_aaa_mle,5,interior,1.5027442129954788e-6,10
sin(2πx),1501,0.0,s3_se,5,interior,0.00013861695029339526,10
sin(2πx),1501,0.0,agp_robust,6,interior,0.024160632745383683,-1
sin(2πx),1501,0.0,aaad,6,interior,9.915410228128004e-5,11
sin(2πx),1501,0.0,s2_aaa_mle,6,interior,2.2570954024079905e-5,10
sin(2πx),1501,0.0,s3_se,6,interior,0.0009050757476412742,10
sin(2πx),1501,0.0,agp_robust,7,interior,0.030975818205230925,-1
sin(2πx),1501,0.0,aaad,7,interior,0.016177471916299882,11
sin(2πx),1501,0.0,s2_aaa_mle,7,interior,0.07074003210272105,10
sin(2πx),1501,0.0,s3_se,7,interior,0.09551584207531438,10
sin(2πx),1501,0.0,agp_robust,0,on_data,6.053734143755902e-7,-1
sin(2πx),1501,0.0,aaad,0,on_data,9.083303665699597e-16,11
sin(2πx),1501,0.0,s2_aaa_mle,0,on_data,5.0119931950633884e-14,10
sin(2πx),1501,0.0,s3_se,0,on_data,1.2271888903369005e-10,10
sin(2πx),1501,0.0,agp_robust,2,on_data,6.621059161379495e-5,-1
sin(2πx),1501,0.0,aaad,2,on_data,2.0117617042407337e-12,11
sin(2πx),1501,0.0,s2_aaa_mle,2,on_data,2.5072273327826706e-11,10
sin(2πx),1501,0.0,s3_se,2,on_data,1.053214379474242e-7,10
sin(2πx),1501,0.0,agp_robust,4,on_data,0.002434020764859019,-1
sin(2πx),1501,0.0,aaad,4,on_data,2.2675307595780167e-6,11
sin(2πx),1501,0.0,s2_aaa_mle,4,on_data,1.2483991024423864e-8,10
sin(2πx),1501,0.0,s3_se,4,on_data,1.61934404746519e-5,10
sin(2πx),1501,0.0,agp_robust,6,on_data,0.02054074824217964,-1
sin(2πx),1501,0.0,aaad,6,on_data,2.232706604852639,11
sin(2πx),1501,0.0,s2_aaa_mle,6,on_data,0.001388487513736735,10
sin(2πx),1501,0.0,s3_se,6,on_data,0.0008381816019491234,10
sin(2πx),1501,1.0e-8,agp_robust,0,interior,6.09700396279472e-7,-1
sin(2πx),1501,1.0e-8,aaad,0,interior,4.7667398547236965e-8,8
sin(2πx),1501,1.0e-8,s2_aaa_mle,0,interior,1.3806152270096232e-9,8
sin(2πx),1501,1.0e-8,s3_se,0,interior,8.62807124395065e-9,12
sin(2πx),1501,1.0e-8,agp_robust,1,interior,4.8659460048596655e-6,-1
sin(2πx),1501,1.0e-8,aaad,1,interior,8.9544859509588e-7,8
sin(2πx),1501,1.0e-8,s2_aaa_mle,1,interior,5.5212267654521404e-8,8
sin(2πx),1501,1.0e-8,s3_se,1,interior,9.636459535341197e-6,12
sin(2πx),1501,1.0e-8,agp_robust,2,interior,7.290351419160897e-5,-1
sin(2πx),1501,1.0e-8,aaad,2,interior,1.842263879838604e-5,8
sin(2πx),1501,1.0e-8,s2_aaa_mle,2,interior,1.0693311061152598e-6,8
sin(2πx),1501,1.0e-8,s3_se,2,interior,0.025001452934404048,12
sin(2πx),1501,1.0e-8,agp_robust,3,interior,0.0005458987404691952,-1
sin(2πx),1501,1.0e-8,aaad,3,interior,0.00017675211894337795,8
sin(2πx),1501,1.0e-8,s2_aaa_mle,3,interior,1.1580327520344165e-5,8
sin(2πx),1501,1.0e-8,s3_se,3,interior,89.25312178200836,12
sin(2πx),1501,1.0e-8,agp_robust,4,interior,0.00284749194147594,-1
sin(2πx),1501,1.0e-8,aaad,4,interior,0.001278298159484383,8
sin(2πx),1501,1.0e-8,s2_aaa_mle,4,interior,9.81640227829008e-5,8
sin(2πx),1501,1.0e-8,s3_se,4,interior,462081.14340526896,12
sin(2πx),1501,1.0e-8,agp_robust,5,interior,0.009311600835851568,-1
sin(2πx),1501,1.0e-8,aaad,5,interior,0.006404439088616535,8
sin(2πx),1501,1.0e-8,s2_aaa_mle,5,interior,0.0005832907075884576,8
sin(2πx),1501,1.0e-8,s3_se,5,interior,2.74936989201932e9,12
sin(2πx),1501,1.0e-8,agp_robust,6,interior,0.02223697009879999,-1
sin(2πx),1501,1.0e-8,aaad,6,interior,0.02696341104622592,8
sin(2πx),1501,1.0e-8,s2_aaa_mle,6,interior,0.0029209158777349915,8
sin(2πx),1501,1.0e-8,s3_se,6,interior,2.135104986374638e13,12
sin(2πx),1501,1.0e-8,agp_robust,7,interior,0.029618866826193104,-1
sin(2πx),1501,1.0e-8,aaad,7,interior,0.10051764934041714,8
sin(2πx),1501,1.0e-8,s2_aaa_mle,7,interior,0.020676765133018984,8
sin(2πx),1501,1.0e-8,s3_se,7,interior,1.7785341017480842e17,12
sin(2πx),1501,1.0e-8,agp_robust,0,on_data,6.0672971728371e-7,-1
sin(2πx),1501,1.0e-8,aaad,0,on_data,4.068395368985872e-8,8
sin(2πx),1501,1.0e-8,s2_aaa_mle,0,on_data,1.389487099136937e-9,8
sin(2πx),1501,1.0e-8,s3_se,0,on_data,3.5921730420196656e-9,12
sin(2πx),1501,1.0e-8,agp_robust,2,on_data,5.11380044679705e-5,-1
sin(2πx),1501,1.0e-8,aaad,2,on_data,5.451265787255287e-6,8
sin(2πx),1501,1.0e-8,s2_aaa_mle,2,on_data,8.531009771161227e-7,8
sin(2πx),1501,1.0e-8,s3_se,2,on_data,0.0011982738237449099,12
sin(2πx),1501,1.0e-8,agp_robust,4,on_data,0.002089698838062348,-1
sin(2πx),1501,1.0e-8,aaad,4,on_data,0.0004306844017605977,8
sin(2πx),1501,1.0e-8,s2_aaa_mle,4,on_data,7.799536227844988e-5,8
sin(2πx),1501,1.0e-8,s3_se,4,on_data,2964.303031761451,12
sin(2πx),1501,1.0e-8,agp_robust,6,on_data,0.018783099904736613,-1
sin(2πx),1501,1.0e-8,aaad,6,on_data,0.012138237317425997,8
sin(2πx),1501,1.0e-8,s2_aaa_mle,6,on_data,0.002430938826611649,8
sin(2πx),1501,1.0e-8,s3_se,6,on_data,1.8339890673054638e10,12
sin(2πx),1501,0.0001,agp_robust,0,interior,1.2452511558937899e-5,-1
sin(2πx),1501,0.0001,aaad,0,interior,0.0011439129607135475,5
sin(2πx),1501,0.0001,s2_aaa_mle,0,interior,0.0009007432850766971,5
sin(2πx),1501,0.0001,s3_se,0,interior,1.5074455058768862e-5,9
sin(2πx),1501,0.0001,agp_robust,1,interior,6.234114579813637e-5,-1
sin(2πx),1501,0.0001,aaad,1,interior,0.006185848012779942,5
sin(2πx),1501,0.0001,s2_aaa_mle,1,interior,0.00859758828914123,5
sin(2πx),1501,0.0001,s3_se,1,interior,0.0001829453694346726,9
sin(2πx),1501,0.0001,agp_robust,2,interior,0.0006302802862206769,-1
sin(2πx),1501,0.0001,aaad,2,interior,0.043672023361561736,5
sin(2πx),1501,0.0001,s2_aaa_mle,2,interior,0.049539197537950795,5
sin(2πx),1501,0.0001,s3_se,2,interior,0.002679371334658839,9
sin(2πx),1501,0.0001,agp_robust,3,interior,0.003434152644650717,-1
sin(2πx),1501,0.0001,aaad,3,interior,0.15232811698220572,5
sin(2πx),1501,0.0001,s2_aaa_mle,3,interior,0.15577735531868336,5
sin(2πx),1501,0.0001,s3_se,3,interior,0.026063091753921457,9
sin(2πx),1501,0.0001,agp_robust,4,interior,0.012944125478198079,-1
sin(2πx),1501,0.0001,aaad,4,interior,0.32227058780859935,5
sin(2πx),1501,0.0001,s2_aaa_mle,4,interior,0.3095652221364113,5
sin(2πx),1501,0.0001,s3_se,4,interior,0.24725824512580208,9
sin(2πx),1501,0.0001,agp_robust,5,interior,0.028384767416521524,-1
sin(2πx),1501,0.0001,aaad,5,interior,0.46596112554310415,5
sin(2πx),1501,0.0001,s2_aaa_mle,5,interior,0.4289837163233657,5
sin(2πx),1501,0.0001,s3_se,5,interior,2.3195692842015343,9
sin(2πx),1501,0.0001,agp_robust,6,interior,0.03937598903169293,-1
sin(2πx),1501,0.0001,aaad,6,interior,1.3553981295681277,5
sin(2πx),1501,0.0001,s2_aaa_mle,6,interior,1.2540182011245,5
sin(2πx),1501,0.0001,s3_se,6,interior,28.133274047533586,9
sin(2πx),1501,0.0001,agp_robust,7,interior,0.09405095561567949,-1
sin(2πx),1501,0.0001,aaad,7,interior,2.82059677696471,5
sin(2πx),1501,0.0001,s2_aaa_mle,7,interior,2.549712074284409,5
sin(2πx),1501,0.0001,s3_se,7,interior,370.3211880017044,9
sin(2πx),1501,0.0001,agp_robust,0,on_data,1.2245856606853532e-5,-1
sin(2πx),1501,0.0001,aaad,0,on_data,0.0011544552683903683,5
sin(2πx),1501,0.0001,s2_aaa_mle,0,on_data,0.0007578516278582648,5
sin(2πx),1501,0.0001,s3_se,0,on_data,1.4993433886677933e-5,9
sin(2πx),1501,0.0001,agp_robust,2,on_data,0.00031821256403279086,-1
sin(2πx),1501,0.0001,aaad,2,on_data,0.03520267355602513,5
sin(2πx),1501,0.0001,s2_aaa_mle,2,on_data,0.036709320293515584,5
sin(2πx),1501,0.0001,s3_se,2,on_data,0.0026569409253935504,9
sin(2πx),1501,0.0001,agp_robust,4,on_data,0.008002995751983584,-1
sin(2πx),1501,0.0001,aaad,4,on_data,0.296362384300652,5
sin(2πx),1501,0.0001,s2_aaa_mle,4,on_data,0.2857206233739862,5
sin(2πx),1501,0.0001,s3_se,4,on_data,0.2447744332572228,9
sin(2πx),1501,0.0001,agp_robust,6,on_data,0.0392586109569395,-1
sin(2πx),1501,0.0001,aaad,6,on_data,1.261624714842036,5
sin(2πx),1501,0.0001,s2_aaa_mle,6,on_data,1.1692281136827252,5
sin(2πx),1501,0.0001,s3_se,6,on_data,28.040554568436914,9
sin(2πx),1501,0.01,agp_robust,0,interior,0.0012990339862421077,-1
sin(2πx),1501,0.01,aaad,0,interior,0.16156194540667024,4
sin(2πx),1501,0.01,s2_aaa_mle,0,interior,0.010089346700513733,4
sin(2πx),1501,0.01,s3_se,0,interior,0.002114378344588476,13
sin(2πx),1501,0.01,agp_robust,1,interior,0.0019691529167143247,-1
sin(2πx),1501,0.01,aaad,1,interior,0.20012919124709558,4
sin(2πx),1501,0.01,s2_aaa_mle,1,interior,0.059888694603368146,4
sin(2πx),1501,0.01,s3_se,1,interior,0.09896890577809157,13
sin(2πx),1501,0.01,agp_robust,2,interior,0.0101371758787039,-1
sin(2πx),1501,0.01,aaad,2,interior,0.458623196998955,4
sin(2πx),1501,0.01,s2_aaa_mle,2,interior,0.22100550915013875,4
sin(2πx),1501,0.01,s3_se,2,interior,8.06069462992263,13
sin(2πx),1501,0.01,agp_robust,3,interior,0.032317382252855485,-1
sin(2πx),1501,0.01,aaad,3,interior,0.9809968946752645,4
sin(2πx),1501,0.01,s2_aaa_mle,3,interior,0.4255898537819208,4
sin(2πx),1501,0.01,s3_se,3,interior,749.896268936177,13
sin(2πx),1501,0.01,agp_robust,4,interior,0.06725552358650645,-1
sin(2πx),1501,0.01,aaad,4,interior,1.9728339541346325,4
sin(2πx),1501,0.01,s2_aaa_mle,4,interior,0.5305968645155495,4
sin(2πx),1501,0.01,s3_se,4,interior,99735.40137617185,13
sin(2πx),1501,0.01,agp_robust,5,interior,0.0761741801744775,-1
sin(2πx),1501,0.01,aaad,5,interior,4.234382277122978,4
sin(2πx),1501,0.01,s2_aaa_mle,5,interior,0.8655765464109036,4
sin(2πx),1501,0.01,s3_se,5,interior,1.523527922713264e7,13
sin(2πx),1501,0.01,agp_robust,6,interior,0.13633543982210727,-1
sin(2πx),1501,0.01,aaad,6,interior,11.750795303478318,4
sin(2πx),1501,0.01,s2_aaa_mle,6,interior,1.7388656027749836,4
sin(2πx),1501,0.01,s3_se,6,interior,3.0385620595954075e9,13
sin(2πx),1501,0.01,agp_robust,7,interior,0.3028441838927454,-1
sin(2πx),1501,0.01,aaad,7,interior,34.48502282805387,4
sin(2πx),1501,0.01,s2_aaa_mle,7,interior,3.4134410912975737,4
sin(2πx),1501,0.01,s3_se,7,interior,6.503010410297935e11,13
sin(2πx),1501,0.01,agp_robust,0,on_data,0.00118780717993656,-1
sin(2πx),1501,0.01,aaad,0,on_data,0.16151311836216545,4
sin(2πx),1501,0.01,s2_aaa_mle,0,on_data,0.008705163338511762,4
sin(2πx),1501,0.01,s3_se,0,on_data,0.0018440509050545828,13
sin(2πx),1501,0.01,agp_robust,2,on_data,0.005035837115044905,-1
sin(2πx),1501,0.01,aaad,2,on_data,0.45691079165328913,4
sin(2πx),1501,0.01,s2_aaa_mle,2,on_data,0.17806974975098813,4
sin(2πx),1501,0.01,s3_se,2,on_data,2.252573658600861,13
sin(2πx),1501,0.01,agp_robust,4,on_data,0.05735441401750512,-1
sin(2πx),1501,0.01,aaad,4,on_data,1.963181411936036,4
sin(2πx),1501,0.01,s2_aaa_mle,4,on_data,0.5291417600651491,4
sin(2πx),1501,0.01,s3_se,4,on_data,360862.09818538796,13
sin(2πx),1501,0.01,agp_robust,6,on_data,0.11093892324172049,-1
sin(2πx),1501,0.01,aaad,6,on_data,11.749509310720745,4
sin(2πx),1501,0.01,s2_aaa_mle,6,on_data,1.735723258039662,4
sin(2πx),1501,0.01,s3_se,6,on_data,1.4731959791467786e11,13
exp(-x²),51,0.0,agp_robust,0,interior,3.778488214086106e-6,-1
exp(-x²),51,0.0,aaad,0,interior,5.331210624758523e-16,15
exp(-x²),51,0.0,s2_aaa_mle,0,interior,4.643454003404784e-11,11
exp(-x²),51,0.0,s3_se,0,interior,8.112290612306322e-11,28
exp(-x²),51,0.0,agp_robust,1,interior,2.426852065269522e-5,-1
exp(-x²),51,0.0,aaad,1,interior,6.877950724982949e-15,15
exp(-x²),51,0.0,s2_aaa_mle,1,interior,5.285372285922736e-10,11
exp(-x²),51,0.0,s3_se,1,interior,2.2064274548228396e-9,28
exp(-x²),51,0.0,agp_robust,2,interior,0.00011563430759724264,-1
exp(-x²),51,0.0,aaad,2,interior,6.556868699651953e-13,15
exp(-x²),51,0.0,s2_aaa_mle,2,interior,4.000140631349439e-9,11
exp(-x²),51,0.0,s3_se,2,interior,8.720167119124597e-8,28
exp(-x²),51,0.0,agp_robust,3,interior,0.00042348689755047333,-1
exp(-x²),51,0.0,aaad,3,interior,7.233843495441622e-11,15
exp(-x²),51,0.0,s2_aaa_mle,3,interior,2.5507591467502565e-8,11
exp(-x²),51,0.0,s3_se,3,interior,6.102299886183426e-6,28
exp(-x²),51,0.0,agp_robust,4,interior,0.0014820690415285585,-1
exp(-x²),51,0.0,aaad,4,interior,1.773676017459032e-9,15
exp(-x²),51,0.0,s2_aaa_mle,4,interior,1.4869613678556264e-7,11
exp(-x²),51,0.0,s3_se,4,interior,0.0005136052588789406,28
exp(-x²),51,0.0,agp_robust,5,interior,0.0036105157570312453,-1
exp(-x²),51,0.0,aaad,5,interior,6.067044518537169e-7,15
exp(-x²),51,0.0,s2_aaa_mle,5,interior,7.45450046867417e-7,11
exp(-x²),51,0.0,s3_se,5,interior,0.05059780571508106,28
exp(-x²),51,0.0,agp_robust,6,interior,0.013047288547838749,-1
exp(-x²),51,0.0,aaad,6,interior,5.9236835942812625e-5,15
exp(-x²),51,0.0,s2_aaa_mle,6,interior,2.489954666979495e-5,11
exp(-x²),51,0.0,s3_se,6,interior,13.05867397360042,28
exp(-x²),51,0.0,agp_robust,7,interior,0.02766424202037297,-1
exp(-x²),51,0.0,aaad,7,interior,0.005784108478335874,15
exp(-x²),51,0.0,s2_aaa_mle,7,interior,0.0005498498932653481,11
exp(-x²),51,0.0,s3_se,7,interior,5058.89061927677,28
exp(-x²),51,0.0,agp_robust,0,on_data,3.776168076686851e-6,-1
exp(-x²),51,0.0,aaad,0,on_data,5.818292340877492e-16,15
exp(-x²),51,0.0,s2_aaa_mle,0,on_data,4.707905082076066e-11,11
exp(-x²),51,0.0,s3_se,0,on_data,6.421705198231005e-11,28
exp(-x²),51,0.0,agp_robust,2,on_data,0.00011607268903817645,-1
exp(-x²),51,0.0,aaad,2,on_data,5.2193288856367044e-14,15
exp(-x²),51,0.0,s2_aaa_mle,2,on_data,4.157388174346556e-9,11
exp(-x²),51,0.0,s3_se,2,on_data,1.3415065417460189e-6,28
exp(-x²),51,0.0,agp_robust,4,on_data,0.001491608084322101,-1
exp(-x²),51,0.0,aaad,4,on_data,6.9543709344114515e-12,15
exp(-x²),51,0.0,s2_aaa_mle,4,on_data,1.5476263211088975e-7,11
exp(-x²),51,0.0,s3_se,4,on_data,0.1025234835392038,28
exp(-x²),51,0.0,agp_robust,6,on_data,0.012687089256087372,-1
exp(-x²),51,0.0,aaad,6,on_data,4.219445622538825e-9,15
exp(-x²),51,0.0,s2_aaa_mle,6,on_data,3.5944571551056633e-6,11
exp(-x²),51,0.0,s3_se,6,on_data,26804.60901268914,28
exp(-x²),51,1.0e-8,agp_robust,0,interior,3.7737666788893946e-6,-1
exp(-x²),51,1.0e-8,aaad,0,interior,1.9158275647440354e-8,27
exp(-x²),51,1.0e-8,s2_aaa_mle,0,interior,5.2137294112654654e-8,26
exp(-x²),51,1.0e-8,s3_se,0,interior,1.0187779134125107e-8,24
exp(-x²),51,1.0e-8,agp_robust,1,interior,2.4237949945393697e-5,-1
exp(-x²),51,1.0e-8,aaad,1,interior,5.18171867464256e-7,27
exp(-x²),51,1.0e-8,s2_aaa_mle,1,interior,3.379330139080988e-5,26
exp(-x²),51,1.0e-8,s3_se,1,interior,1.0263827557574092e-7,24
exp(-x²),51,1.0e-8,agp_robust,2,interior,0.00011546425394846483,-1
exp(-x²),51,1.0e-8,aaad,2,interior,1.8255303105466552e-5,27
exp(-x²),51,1.0e-8,s2_aaa_mle,2,interior,0.04489412543138629,26
exp(-x²),51,1.0e-8,s3_se,2,interior,1.8246379032013116e-6,24
exp(-x²),51,1.0e-8,agp_robust,3,interior,0.00042303910957648233,-1
exp(-x²),51,1.0e-8,aaad,3,interior,0.0011369709217512185,27
exp(-x²),51,1.0e-8,s2_aaa_mle,3,interior,68.57631764857496,26
exp(-x²),51,1.0e-8,s3_se,3,interior,4.1741730165486896e-5,24
exp(-x²),51,1.0e-8,agp_robust,4,interior,0.0014801014504060841,-1
exp(-x²),51,1.0e-8,aaad,4,interior,0.09288597957909919,27
exp(-x²),51,1.0e-8,s2_aaa_mle,4,interior,117455.88627292096,26
exp(-x²),51,1.0e-8,s3_se,4,interior,0.001305136266207175,24
exp(-x²),51,1.0e-8,agp_robust,5,interior,0.0036080421640366372,-1
exp(-x²),51,1.0e-8,aaad,5,interior,8.863518875384063,27
exp(-x²),51,1.0e-8,s2_aaa_mle,5,interior,2.217494452216269e8,26
exp(-x²),51,1.0e-8,s3_se,5,interior,0.047325054335881155,24
exp(-x²),51,1.0e-8,agp_robust,6,interior,0.013048935725346397,-1
exp(-x²),51,1.0e-8,aaad,6,interior,953.6723889373745,27
exp(-x²),51,1.0e-8,s2_aaa_mle,6,interior,4.633174307277152e11,26
exp(-x²),51,1.0e-8,s3_se,6,interior,1.9320011521744567,24
exp(-x²),51,1.0e-8,agp_robust,7,interior,0.027653921595801666,-1
exp(-x²),51,1.0e-8,aaad,7,interior,108368.99507545528,27
exp(-x²),51,1.0e-8,s2_aaa_mle,7,interior,1.0162718526330449e15,26
exp(-x²),51,1.0e-8,s3_se,7,interior,83.32897517961364,24
exp(-x²),51,1.0e-8,agp_robust,0,on_data,3.77142579637591e-6,-1
exp(-x²),51,1.0e-8,aaad,0,on_data,1.7700461618338774e-8,27
exp(-x²),51,1.0e-8,s2_aaa_mle,0,on_data,1.7700465409664668e-8,26
exp(-x²),51,1.0e-8,s3_se,0,on_data,1.1881531742051693e-8,24
exp(-x²),51,1.0e-8,agp_robust,2,on_data,0.00011590035868241625,-1
exp(-x²),51,1.0e-8,aaad,2,on_data,5.393926894563785e-5,27
exp(-x²),51,1.0e-8,s2_aaa_mle,2,on_data,5.995898596857472e-5,26
exp(-x²),51,1.0e-8,s3_se,2,on_data,1.3208275500002687e-5,24
exp(-x²),51,1.0e-8,agp_robust,4,on_data,0.0014896678339074226,-1
exp(-x²),51,1.0e-8,aaad,4,on_data,1.1443318222747325,27
exp(-x²),51,1.0e-8,s2_aaa_mle,4,on_data,0.842948007511197,26
exp(-x²),51,1.0e-8,s3_se,4,on_data,0.24046619689423157,24
exp(-x²),51,1.0e-8,agp_robust,6,on_data,0.012688610323532018,-1
exp(-x²),51,1.0e-8,aaad,6,on_data,37183.95434937236,27
exp(-x²),51,1.0e-8,s2_aaa_mle,6,on_data,18549.34727695817,26
exp(-x²),51,1.0e-8,s3_se,6,on_data,12412.703859292455,24
exp(-x²),51,0.0001,agp_robust,0,interior,8.888850767856076e-5,-1
exp(-x²),51,0.0001,aaad,0,interior,0.0002132154098846307,26
exp(-x²),51,0.0001,s2_aaa_mle,0,interior,0.00021321540988692594,26
exp(-x²),51,0.0001,s3_se,0,interior,0.00014572161866059898,27
exp(-x²),51,0.0001,agp_robust,1,interior,0.0003932455101863661,-1
exp(-x²),51,0.0001,aaad,1,interior,0.0048765696813386755,26
exp(-x²),51,0.0001,s2_aaa_mle,1,interior,0.004876569681588351,26
exp(-x²),51,0.0001,s3_se,1,interior,0.0012909501730547913,27
exp(-x²),51,0.0001,agp_robust,2,interior,0.0013180420773958247,-1
exp(-x²),51,0.0001,aaad,2,interior,0.2692925741623144,26
exp(-x²),51,0.0001,s2_aaa_mle,2,interior,0.26929257418508945,26
exp(-x²),51,0.0001,s3_se,2,interior,0.021630744115446215,27
exp(-x²),51,0.0001,agp_robust,3,interior,0.003921371135276393,-1
exp(-x²),51,0.0001,aaad,3,interior,21.218732814591647,26
exp(-x²),51,0.0001,s2_aaa_mle,3,interior,21.21873281657308,26
exp(-x²),51,0.0001,s3_se,3,interior,0.9942315945847576,27
exp(-x²),51,0.0001,agp_robust,4,interior,0.009411805982268755,-1
exp(-x²),51,0.0001,aaad,4,interior,2301.4031250026646,26
exp(-x²),51,0.0001,s2_aaa_mle,4,interior,2301.4031251640304,26
exp(-x²),51,0.0001,s3_se,4,interior,57.72480117714607,27
exp(-x²),51,0.0001,agp_robust,5,interior,0.023980694231467713,-1
exp(-x²),51,0.0001,aaad,5,interior,342953.7137842683,26
exp(-x²),51,0.0001,s2_aaa_mle,5,interior,342953.7137969522,26
exp(-x²),51,0.0001,s3_se,5,interior,3789.9291629014547,27
exp(-x²),51,0.0001,agp_robust,6,interior,0.03861146796531193,-1
exp(-x²),51,0.0001,aaad,6,interior,6.4844504321606e7,26
exp(-x²),51,0.0001,s2_aaa_mle,6,interior,6.484450432281994e7,26
exp(-x²),51,0.0001,s3_se,6,interior,277206.5226997474,27
exp(-x²),51,0.0001,agp_robust,7,interior,0.06989973249128184,-1
exp(-x²),51,0.0001,aaad,7,interior,1.3599736960505062e10,26
exp(-x²),51,0.0001,s2_aaa_mle,7,interior,1.3599736960669897e10,26
exp(-x²),51,0.0001,s3_se,7,interior,2.1320599120562192e7,27
exp(-x²),51,0.0001,agp_robust,0,on_data,8.61988589206137e-5,-1
exp(-x²),51,0.0001,aaad,0,on_data,0.0001981319287464161,26
exp(-x²),51,0.0001,s2_aaa_mle,0,on_data,0.00019813192874586414,26
exp(-x²),51,0.0001,s3_se,0,on_data,0.00013267904164528558,27
exp(-x²),51,0.0001,agp_robust,2,on_data,0.001284396697961134,-1
exp(-x²),51,0.0001,aaad,2,on_data,63.780872677842865,26
exp(-x²),51,0.0001,s2_aaa_mle,2,on_data,63.780872678327015,26
exp(-x²),51,0.0001,s3_se,2,on_data,0.21190743712393845,27
exp(-x²),51,0.0001,agp_robust,4,on_data,0.009114988575500254,-1
exp(-x²),51,0.0001,aaad,4,on_data,1.6063617677046278e8,26
exp(-x²),51,0.0001,s2_aaa_mle,4,on_data,1.6063617677168235e8,26
exp(-x²),51,0.0001,s3_se,4,on_data,3217.7193335347074,27
exp(-x²),51,0.0001,agp_robust,6,on_data,0.038789623356410285,-1
exp(-x²),51,0.0001,aaad,6,on_data,6.102659353329965e14,26
exp(-x²),51,0.0001,s2_aaa_mle,6,on_data,6.1026593533763e14,26
exp(-x²),51,0.0001,s3_se,6,on_data,7.39119204850904e7,27
exp(-x²),51,0.01,agp_robust,0,interior,0.007057886208183523,-1
exp(-x²),51,0.01,aaad,0,interior,0.08199708836442474,27
exp(-x²),51,0.01,s2_aaa_mle,0,interior,0.8780444533483597,26
exp(-x²),51,0.01,s3_se,0,interior,0.012912774729790001,20
exp(-x²),51,0.01,agp_robust,1,interior,0.021547781116972104,-1
exp(-x²),51,0.01,aaad,1,interior,27.761562851517937,27
exp(-x²),51,0.01,s2_aaa_mle,1,interior,3438.983331024562,26
exp(-x²),51,0.01,s3_se,1,interior,0.1068552828841989,20
exp(-x²),51,0.01,agp_robust,2,interior,0.05391723167488838,-1
exp(-x²),51,0.01,aaad,2,interior,13915.26013595358,27
exp(-x²),51,0.01,s2_aaa_mle,2,interior,1.9098309569630302e7,26
exp(-x²),51,0.01,s3_se,2,interior,0.9972754820000275,20
exp(-x²),51,0.01,agp_robust,3,interior,0.10860057835854696,-1
exp(-x²),51,0.01,aaad,3,interior,7.957140961304175e6,27
exp(-x²),51,0.01,s2_aaa_mle,3,interior,1.2081328944672493e11,26
exp(-x²),51,0.01,s3_se,3,interior,21.34122516317763,20
exp(-x²),51,0.01,agp_robust,4,interior,0.17783868761206229,-1
exp(-x²),51,0.01,aaad,4,interior,5.102135285293735e9,27
exp(-x²),51,0.01,s2_aaa_mle,4,interior,8.567721726578856e14,26
exp(-x²),51,0.01,s3_se,4,interior,412.9106149291474,20
exp(-x²),51,0.01,agp_robust,5,interior,0.26918835508034167,-1
exp(-x²),51,0.01,aaad,5,interior,3.606593746551343e12,27
exp(-x²),51,0.01,s2_aaa_mle,5,interior,6.69731765151668e18,26
exp(-x²),51,0.01,s3_se,5,interior,8991.546726867473,20
exp(-x²),51,0.01,agp_robust,6,interior,0.3787791606937012,-1
exp(-x²),51,0.01,aaad,6,interior,2.8217570948229305e15,27
exp(-x²),51,0.01,s2_aaa_mle,6,interior,5.793816304221934e22,26
exp(-x²),51,0.01,s3_se,6,interior,263713.43028841965,20
exp(-x²),51,0.01,agp_robust,7,interior,0.47940924284990255,-1
exp(-x²),51,0.01,aaad,7,interior,2.317896733142099e18,27
exp(-x²),51,0.01,s2_aaa_mle,7,interior,5.261913493345529e26,26
exp(-x²),51,0.01,s3_se,7,interior,6.725107764927845e6,20
exp(-x²),51,0.01,agp_robust,0,on_data,0.006949478606489405,-1
exp(-x²),51,0.01,aaad,0,on_data,0.019685236398221517,27
exp(-x²),51,0.01,s2_aaa_mle,0,on_data,0.019685236398223074,26
exp(-x²),51,0.01,s3_se,0,on_data,0.01654536909649559,20
exp(-x²),51,0.01,agp_robust,2,on_data,0.054263364150448565,-1
exp(-x²),51,0.01,aaad,2,on_data,69.80284918521224,27
exp(-x²),51,0.01,s2_aaa_mle,2,on_data,105.43601666594977,26
exp(-x²),51,0.01,s3_se,2,on_data,760.3960094637354,20
exp(-x²),51,0.01,agp_robust,4,on_data,0.1781488277589592,-1
exp(-x²),51,0.01,aaad,4,on_data,2.518376188090204e6,27
exp(-x²),51,0.01,s2_aaa_mle,4,on_data,4.938016743116458e6,26
exp(-x²),51,0.01,s3_se,4,on_data,1.5417862094406903e8,20
exp(-x²),51,0.01,agp_robust,6,on_data,0.37941404854447,-1
exp(-x²),51,0.01,aaad,6,on_data,1.3963442691926407e11,27
exp(-x²),51,0.01,s2_aaa_mle,6,on_data,3.7951761513961426e11,26
exp(-x²),51,0.01,s3_se,6,on_data,4.7150972329228914e13,20
exp(-x²),101,0.0,agp_robust,0,interior,2.972590276915681e-6,-1
exp(-x²),101,0.0,aaad,0,interior,7.951896600774901e-16,15
exp(-x²),101,0.0,s2_aaa_mle,0,interior,1.0362787591638148e-13,13
exp(-x²),101,0.0,agp_robust,1,interior,1.986554710384541e-5,-1
exp(-x²),101,0.0,aaad,1,interior,5.866913301236399e-15,15
exp(-x²),101,0.0,s2_aaa_mle,1,interior,1.3119811343255172e-12,13
exp(-x²),101,0.0,agp_robust,2,interior,0.00011713717162740211,-1
exp(-x²),101,0.0,aaad,2,interior,1.1571608924479212e-13,15
exp(-x²),101,0.0,s2_aaa_mle,2,interior,1.2607218599563805e-11,13
exp(-x²),101,0.0,agp_robust,3,interior,0.00041395818396905643,-1
exp(-x²),101,0.0,aaad,3,interior,9.394400605428717e-12,15
exp(-x²),101,0.0,s2_aaa_mle,3,interior,1.4668118040706448e-10,13
exp(-x²),101,0.0,agp_robust,4,interior,0.0034232569764245666,-1
exp(-x²),101,0.0,aaad,4,interior,8.274065118853179e-10,15
exp(-x²),101,0.0,s2_aaa_mle,4,interior,8.314692121393636e-10,13
exp(-x²),101,0.0,agp_robust,5,interior,0.013655364982015576,-1
exp(-x²),101,0.0,aaad,5,interior,1.2377990683421386e-7,15
exp(-x²),101,0.0,s2_aaa_mle,5,interior,1.971590994592888e-8,13
exp(-x²),101,0.0,agp_robust,6,interior,0.025768189195017124,-1
exp(-x²),101,0.0,aaad,6,interior,1.0925836984195266e-5,15
exp(-x²),101,0.0,s2_aaa_mle,6,interior,5.001203637643589e-6,13
exp(-x²),101,0.0,agp_robust,7,interior,0.02726357982568365,-1
exp(-x²),101,0.0,aaad,7,interior,0.0008237642852795569,15
exp(-x²),101,0.0,s2_aaa_mle,7,interior,0.00042239059314204365,13
exp(-x²),101,0.0,agp_robust,0,on_data,2.977803667902435e-6,-1
exp(-x²),101,0.0,aaad,0,on_data,8.392007397907471e-16,15
exp(-x²),101,0.0,s2_aaa_mle,0,on_data,1.282882896824927e-13,13
exp(-x²),101,0.0,agp_robust,2,on_data,0.00011938863690917818,-1
exp(-x²),101,0.0,aaad,2,on_data,5.52495111173245e-14,15
exp(-x²),101,0.0,s2_aaa_mle,2,on_data,1.5704583829618605e-11,13
exp(-x²),101,0.0,agp_robust,4,on_data,0.0034469784930496426,-1
exp(-x²),101,0.0,aaad,4,on_data,1.2293293249327845e-10,15
exp(-x²),101,0.0,s2_aaa_mle,4,on_data,7.981643557205134e-10,13
exp(-x²),101,0.0,agp_robust,6,on_data,0.025999325181262554,-1
exp(-x²),101,0.0,aaad,6,on_data,2.3744120829668708e-7,15
exp(-x²),101,0.0,s2_aaa_mle,6,on_data,2.5428785004459164e-7,13
exp(-x²),101,1.0e-8,agp_robust,0,interior,2.972017777504985e-6,-1
exp(-x²),101,1.0e-8,aaad,0,interior,3.502566248814641e-8,51
exp(-x²),101,1.0e-8,s2_aaa_mle,0,interior,3.502566199665135e-8,51
exp(-x²),101,1.0e-8,agp_robust,1,interior,1.986851360549731e-5,-1
exp(-x²),101,1.0e-8,aaad,1,interior,3.844057122066123e-6,51
exp(-x²),101,1.0e-8,s2_aaa_mle,1,interior,3.844057112219331e-6,51
exp(-x²),101,1.0e-8,agp_robust,2,interior,0.00011720960445133157,-1
exp(-x²),101,1.0e-8,aaad,2,interior,0.000677129246668283,51
exp(-x²),101,1.0e-8,s2_aaa_mle,2,interior,0.0006771292467781188,51
exp(-x²),101,1.0e-8,agp_robust,3,interior,0.00041414638114431414,-1
exp(-x²),101,1.0e-8,aaad,3,interior,0.1527566252299963,51
exp(-x²),101,1.0e-8,s2_aaa_mle,3,interior,0.15275662549165547,51
exp(-x²),101,1.0e-8,agp_robust,4,interior,0.003424144902232022,-1
exp(-x²),101,1.0e-8,aaad,4,interior,40.04251460438071,51
exp(-x²),101,1.0e-8,s2_aaa_mle,4,interior,40.042514705232406,51
exp(-x²),101,1.0e-8,agp_robust,5,interior,0.013657753577054274,-1
exp(-x²),101,1.0e-8,aaad,5,interior,11708.843671477196,51
exp(-x²),101,1.0e-8,s2_aaa_mle,5,interior,11708.843708583623,51
exp(-x²),101,1.0e-8,agp_robust,6,interior,0.02577102912410976,-1
exp(-x²),101,1.0e-8,aaad,6,interior,3.807014394638562e6,51
exp(-x²),101,1.0e-8,s2_aaa_mle,6,interior,3.8070144081507344e6,51
exp(-x²),101,1.0e-8,agp_robust,7,interior,0.027266250937571075,-1
exp(-x²),101,1.0e-8,aaad,7,interior,1.3374938022525835e9,51
exp(-x²),101,1.0e-8,s2_aaa_mle,7,interior,1.3374938072153594e9,51
exp(-x²),101,1.0e-8,agp_robust,0,on_data,2.9772617083736303e-6,-1
exp(-x²),101,1.0e-8,aaad,0,on_data,2.3873621822463642e-8,51
exp(-x²),101,1.0e-8,s2_aaa_mle,0,on_data,2.3873621696802536e-8,51
exp(-x²),101,1.0e-8,agp_robust,2,on_data,0.00011947313747789025,-1
exp(-x²),101,1.0e-8,aaad,2,on_data,0.005704908543760597,51
exp(-x²),101,1.0e-8,s2_aaa_mle,2,on_data,0.005704908233077129,51
exp(-x²),101,1.0e-8,agp_robust,4,on_data,0.003447396213142195,-1
exp(-x²),101,1.0e-8,aaad,4,on_data,7375.095057286603,51
exp(-x²),101,1.0e-8,s2_aaa_mle,4,on_data,7375.094659522658,51
exp(-x²),101,1.0e-8,agp_robust,6,on_data,0.026002305395705638,-1
exp(-x²),101,1.0e-8,aaad,6,on_data,1.4055548187246168e10,51
exp(-x²),101,1.0e-8,s2_aaa_mle,6,on_data,1.405554743015507e10,51
exp(-x²),101,0.0001,agp_robust,0,interior,9.296204096123435e-5,-1
exp(-x²),101,0.0001,aaad,0,interior,0.0003340053311567286,51
exp(-x²),101,0.0001,s2_aaa_mle,0,interior,0.00033400533115649736,51
exp(-x²),101,0.0001,s3_se,0,interior,0.00013980836262107051,53
exp(-x²),101,0.0001,agp_robust,1,interior,0.0003097280435610927,-1
exp(-x²),101,0.0001,aaad,1,interior,0.05402711446185719,51
exp(-x²),101,0.0001,s2_aaa_mle,1,interior,0.05402711446175631,51
exp(-x²),101,0.0001,s3_se,1,interior,0.002901803969177249,53
exp(-x²),101,0.0001,agp_robust,2,interior,0.0012569348985954315,-1
exp(-x²),101,0.0001,aaad,2,interior,17.782770885796108,51
exp(-x²),101,0.0001,s2_aaa_mle,2,interior,17.782770885775353,51
exp(-x²),101,0.0001,s3_se,2,interior,0.1843751425816018,53
exp(-x²),101,0.0001,agp_robust,3,interior,0.004008958142944437,-1
exp(-x²),101,0.0001,aaad,3,interior,7080.364214809889,51
exp(-x²),101,0.0001,s2_aaa_mle,3,interior,7080.364214795799,51
exp(-x²),101,0.0001,s3_se,3,interior,15.47229159025947,53
exp(-x²),101,0.0001,agp_robust,4,interior,0.015683591939167005,-1
exp(-x²),101,0.0001,aaad,4,interior,3.1775738377511394e6,51
exp(-x²),101,0.0001,s2_aaa_mle,4,interior,3.1775738377448693e6,51
exp(-x²),101,0.0001,s3_se,4,interior,1587.874622766513,53
exp(-x²),101,0.0001,agp_robust,5,interior,0.030782833226645413,-1
exp(-x²),101,0.0001,aaad,5,interior,1.5581494132115848e9,51
exp(-x²),101,0.0001,s2_aaa_mle,5,interior,1.5581494132089298e9,51
exp(-x²),101,0.0001,s3_se,5,interior,178608.82892569402,53
exp(-x²),101,0.0001,agp_robust,6,interior,0.05070213729707057,-1
exp(-x²),101,0.0001,aaad,6,interior,8.38629392914312e11,51
exp(-x²),101,0.0001,s2_aaa_mle,6,interior,8.386293929129105e11,51
exp(-x²),101,0.0001,s3_se,6,interior,2.2185510533496156e7,53
exp(-x²),101,0.0001,agp_robust,7,interior,0.10031583172654022,-1
exp(-x²),101,0.0001,aaad,7,interior,4.838899860750284e14,51
exp(-x²),101,0.0001,s2_aaa_mle,7,interior,4.838899860741454e14,51
exp(-x²),101,0.0001,s3_se,7,interior,2.960678563227294e9,53
exp(-x²),101,0.0001,agp_robust,0,on_data,9.305450866726245e-5,-1
exp(-x²),101,0.0001,aaad,0,on_data,0.00021312576489482065,51
exp(-x²),101,0.0001,s2_aaa_mle,0,on_data,0.00021312576489465566,51
exp(-x²),101,0.0001,s3_se,0,on_data,0.0001713436355632436,53
exp(-x²),101,0.0001,agp_robust,2,on_data,0.0012603527979090597,-1
exp(-x²),101,0.0001,aaad,2,on_data,1.5446973760079414,51
exp(-x²),101,0.0001,s2_aaa_mle,2,on_data,1.5446973760158589,51
exp(-x²),101,0.0001,s3_se,2,on_data,10.643588336399716,53
exp(-x²),101,0.0001,agp_robust,4,on_data,0.015640707739162766,-1
exp(-x²),101,0.0001,aaad,4,on_data,42821.681260514815,51
exp(-x²),101,0.0001,s2_aaa_mle,4,on_data,42821.6812606252,51
exp(-x²),101,0.0001,s3_se,4,on_data,4.123889719838951e6,53
exp(-x²),101,0.0001,agp_robust,6,on_data,0.05162832091207963,-1
exp(-x²),101,0.0001,aaad,6,on_data,1.9215787042755334e9,51
exp(-x²),101,0.0001,s2_aaa_mle,6,on_data,1.9215787042662582e9,51
exp(-x²),101,0.0001,s3_se,6,on_data,2.3572535650361553e12,53
exp(-x²),101,0.01,agp_robust,0,interior,0.006172592800712927,-1
exp(-x²),101,0.01,aaad,0,interior,0.05431638115319902,51
exp(-x²),101,0.01,s2_aaa_mle,0,interior,0.0543163811531985,51
exp(-x²),101,0.01,s3_se,0,interior,NaN,49
exp(-x²),101,0.01,agp_robust,1,interior,0.020643598697367902,-1
exp(-x²),101,0.01,aaad,1,interior,15.74219140896597,51
exp(-x²),101,0.01,s2_aaa_mle,1,interior,15.742191408965692,51
exp(-x²),101,0.01,s3_se,1,interior,NaN,49
exp(-x²),101,0.01,agp_robust,2,interior,0.04329238867362674,-1
exp(-x²),101,0.01,aaad,2,interior,7481.666138236368,51
exp(-x²),101,0.01,s2_aaa_mle,2,interior,7481.666138236229,51
exp(-x²),101,0.01,s3_se,2,interior,NaN,49
exp(-x²),101,0.01,agp_robust,3,interior,0.07301228769026251,-1
exp(-x²),101,0.01,aaad,3,interior,4.1302410233137705e6,51
exp(-x²),101,0.01,s2_aaa_mle,3,interior,4.1302410233136932e6,51
exp(-x²),101,0.01,s3_se,3,interior,NaN,49
exp(-x²),101,0.01,agp_robust,4,interior,0.14839145244054613,-1
exp(-x²),101,0.01,aaad,4,interior,2.5645635478242803e9,51
exp(-x²),101,0.01,s2_aaa_mle,4,interior,2.5645635478242326e9,51
exp(-x²),101,0.01,s3_se,4,interior,NaN,49
exp(-x²),101,0.01,agp_robust,5,interior,0.18114097324517858,-1
exp(-x²),101,0.01,aaad,5,interior,1.7399177394046838e12,51
exp(-x²),101,0.01,s2_aaa_mle,5,interior,1.7399177394046519e12,51
exp(-x²),101,0.01,s3_se,5,interior,NaN,49
exp(-x²),101,0.01,agp_robust,6,interior,0.27884954108326493,-1
exp(-x²),101,0.01,aaad,6,interior,1.2957831493697348e15,51
exp(-x²),101,0.01,s2_aaa_mle,6,interior,1.295783149369711e15,51
exp(-x²),101,0.01,s3_se,6,interior,NaN,49
exp(-x²),101,0.01,agp_robust,7,interior,0.34798779483064324,-1
exp(-x²),101,0.01,aaad,7,interior,1.0346459769692924e18,51
exp(-x²),101,0.01,s2_aaa_mle,7,interior,1.0346459769692737e18,51
exp(-x²),101,0.01,s3_se,7,interior,NaN,49
exp(-x²),101,0.01,agp_robust,0,on_data,0.006158756242327384,-1
exp(-x²),101,0.01,aaad,0,on_data,0.021134141124576393,51
exp(-x²),101,0.01,s2_aaa_mle,0,on_data,0.02113414112457793,51
exp(-x²),101,0.01,s3_se,0,on_data,NaN,49
exp(-x²),101,0.01,agp_robust,2,on_data,0.04327044652314046,-1
exp(-x²),101,0.01,aaad,2,on_data,15419.256362646192,51
exp(-x²),101,0.01,s2_aaa_mle,2,on_data,15419.256362655275,51
exp(-x²),101,0.01,s3_se,2,on_data,NaN,49
exp(-x²),101,0.01,agp_robust,4,on_data,0.1478274536899872,-1
exp(-x²),101,0.01,aaad,4,on_data,8.574847515092429e10,51
exp(-x²),101,0.01,s2_aaa_mle,4,on_data,8.574847515097295e10,51
exp(-x²),101,0.01,s3_se,4,on_data,NaN,49
exp(-x²),101,0.01,agp_robust,6,on_data,0.2778713397450829,-1
exp(-x²),101,0.01,aaad,6,on_data,7.144165312861501e17,51
exp(-x²),101,0.01,s2_aaa_mle,6,on_data,7.144165312865245e17,51
exp(-x²),101,0.01,s3_se,6,on_data,NaN,49
exp(-x²),501,0.0,agp_robust,0,interior,2.088800412198431e-6,-1
exp(-x²),501,0.0,aaad,0,interior,3.2147831012336017e-15,15
exp(-x²),501,0.0,s2_aaa_mle,0,interior,1.8162215142839785e-13,13
exp(-x²),501,0.0,s3_se,0,interior,7.859810501916632e-10,15
exp(-x²),501,0.0,agp_robust,1,interior,3.240513681817512e-5,-1
exp(-x²),501,0.0,aaad,1,interior,3.303650401982955e-14,15
exp(-x²),501,0.0,s2_aaa_mle,1,interior,4.32300447067813e-12,13
exp(-x²),501,0.0,s3_se,1,interior,5.747924136368479e-9,15
exp(-x²),501,0.0,agp_robust,2,interior,0.0005703215457629581,-1
exp(-x²),501,0.0,aaad,2,interior,9.054251969723245e-12,15
exp(-x²),501,0.0,s2_aaa_mle,2,interior,1.841103065523362e-11,13
exp(-x²),501,0.0,s3_se,2,interior,4.5529557316121074e-7,15
exp(-x²),501,0.0,agp_robust,3,interior,0.0038720160187043894,-1
exp(-x²),501,0.0,aaad,3,interior,3.914470169698743e-9,15
exp(-x²),501,0.0,s2_aaa_mle,3,interior,2.7389074360803093e-9,13
exp(-x²),501,0.0,s3_se,3,interior,1.0857779145413906e-5,15
exp(-x²),501,0.0,agp_robust,4,interior,0.013583095182857887,-1
exp(-x²),501,0.0,aaad,4,interior,4.3525614858581026e-7,15
exp(-x²),501,0.0,s2_aaa_mle,4,interior,3.157036447728927e-7,13
exp(-x²),501,0.0,s3_se,4,interior,0.00011736572079473831,15
exp(-x²),501,0.0,agp_robust,5,interior,0.02575824715196673,-1
exp(-x²),501,0.0,aaad,5,interior,0.0003550844950703709,15
exp(-x²),501,0.0,s2_aaa_mle,5,interior,0.00018535929531380283,13
exp(-x²),501,0.0,s3_se,5,interior,0.0007502358834738139,15
exp(-x²),501,0.0,agp_robust,6,interior,0.024948306930834233,-1
exp(-x²),501,0.0,aaad,6,interior,0.11100956083837224,15
exp(-x²),501,0.0,s2_aaa_mle,6,interior,0.019930457152295994,13
exp(-x²),501,0.0,s3_se,6,interior,0.014443213671266325,15
exp(-x²),501,0.0,agp_robust,7,interior,0.038521966057798764,-1
exp(-x²),501,0.0,aaad,7,interior,1.4446198551457181,15
exp(-x²),501,0.0,s2_aaa_mle,7,interior,14.999641826582462,13
exp(-x²),501,0.0,s3_se,7,interior,53.465051255512535,15
exp(-x²),501,0.0,agp_robust,0,on_data,1.9812802743344135e-6,-1
exp(-x²),501,0.0,aaad,0,on_data,4.031022801171543e-15,15
exp(-x²),501,0.0,s2_aaa_mle,0,on_data,1.998746594338545e-13,13
exp(-x²),501,0.0,s3_se,0,on_data,6.1976360204553e-10,15
exp(-x²),501,0.0,agp_robust,2,on_data,0.0004002875090780326,-1
exp(-x²),501,0.0,aaad,2,on_data,1.0967095625869029e-12,15
exp(-x²),501,0.0,s2_aaa_mle,2,on_data,3.111907103317386e-11,13
exp(-x²),501,0.0,s3_se,2,on_data,2.9128946069238994e-7,15
exp(-x²),501,0.0,agp_robust,4,on_data,0.01039779566967525,-1
exp(-x²),501,0.0,aaad,4,on_data,1.4931235303697097e-9,15
exp(-x²),501,0.0,s2_aaa_mle,4,on_data,3.4687656603580923e-8,13
exp(-x²),501,0.0,s3_se,4,on_data,7.750957359802424e-5,15
exp(-x²),501,0.0,agp_robust,6,on_data,0.02501799911971998,-1
exp(-x²),501,0.0,aaad,6,on_data,7.026181161476386e-5,15
exp(-x²),501,0.0,s2_aaa_mle,6,on_data,0.00015014376926023704,13
exp(-x²),501,0.0,s3_se,6,on_data,0.002024275638478635,15
exp(-x²),501,1.0e-8,agp_robust,0,interior,2.0891741264489056e-6,-1
exp(-x²),501,1.0e-8,aaad,0,interior,3.63598969831515e-8,9
exp(-x²),501,1.0e-8,s2_aaa_mle,0,interior,1.747254137067391e-8,9
exp(-x²),501,1.0e-8,s3_se,0,interior,3.6769342685819625e-9,15
exp(-x²),501,1.0e-8,agp_robust,1,interior,3.240030109634497e-5,-1
exp(-x²),501,1.0e-8,aaad,1,interior,1.8117169934892222e-7,9
exp(-x²),501,1.0e-8,s2_aaa_mle,1,interior,2.6637820914886736e-7,9
exp(-x²),501,1.0e-8,s3_se,1,interior,3.9611328070570783e-8,15
exp(-x²),501,1.0e-8,agp_robust,2,interior,0.0005702883306224608,-1
exp(-x²),501,1.0e-8,aaad,2,interior,6.1339910886625194e-6,9
exp(-x²),501,1.0e-8,s2_aaa_mle,2,interior,7.81912675521218e-6,9
exp(-x²),501,1.0e-8,s3_se,2,interior,3.7798632793881625e-7,15
exp(-x²),501,1.0e-8,agp_robust,3,interior,0.003872014756371599,-1
exp(-x²),501,1.0e-8,aaad,3,interior,7.199915094789257e-5,9
exp(-x²),501,1.0e-8,s2_aaa_mle,3,interior,7.702521892897226e-5,9
exp(-x²),501,1.0e-8,s3_se,3,interior,8.763210503575468e-6,15
exp(-x²),501,1.0e-8,agp_robust,4,interior,0.013583379555792452,-1
exp(-x²),501,1.0e-8,aaad,4,interior,0.0003668961336710596,9
exp(-x²),501,1.0e-8,s2_aaa_mle,4,interior,0.00037299017455496956,9
exp(-x²),501,1.0e-8,s3_se,4,interior,9.479975773846038e-5,15
exp(-x²),501,1.0e-8,agp_robust,5,interior,0.02575878119111632,-1
exp(-x²),501,1.0e-8,aaad,5,interior,0.0009659630107340438,9
exp(-x²),501,1.0e-8,s2_aaa_mle,5,interior,0.0009638573500750536,9
exp(-x²),501,1.0e-8,s3_se,5,interior,0.0005612532745716215,15
exp(-x²),501,1.0e-8,agp_robust,6,interior,0.024948689527256804,-1
exp(-x²),501,1.0e-8,aaad,6,interior,0.0024582577190331075,9
exp(-x²),501,1.0e-8,s2_aaa_mle,6,interior,0.004525872694371996,9
exp(-x²),501,1.0e-8,s3_se,6,interior,0.0004811462777259725,15
exp(-x²),501,1.0e-8,agp_robust,7,interior,0.038524978680137247,-1
exp(-x²),501,1.0e-8,aaad,7,interior,1.569551371358083,9
exp(-x²),501,1.0e-8,s2_aaa_mle,7,interior,1.080298040005206,9
exp(-x²),501,1.0e-8,s3_se,7,interior,4.285268536000985,15
exp(-x²),501,1.0e-8,agp_robust,0,on_data,1.9817830797312363e-6,-1
exp(-x²),501,1.0e-8,aaad,0,on_data,3.393269424062619e-8,9
exp(-x²),501,1.0e-8,s2_aaa_mle,0,on_data,1.6007046257424576e-8,9
exp(-x²),501,1.0e-8,s3_se,0,on_data,3.371609287953662e-9,15
exp(-x²),501,1.0e-8,agp_robust,2,on_data,0.0004001158504951597,-1
exp(-x²),501,1.0e-8,aaad,2,on_data,4.4003489756605505e-6,9
exp(-x²),501,1.0e-8,s2_aaa_mle,2,on_data,5.605716642289253e-6,9
exp(-x²),501,1.0e-8,s3_se,2,on_data,4.041620673325398e-7,15
exp(-x²),501,1.0e-8,agp_robust,4,on_data,0.01039784496047871,-1
exp(-x²),501,1.0e-8,aaad,4,on_data,0.0002664295794253969,9
exp(-x²),501,1.0e-8,s2_aaa_mle,4,on_data,0.0002732237594309677,9
exp(-x²),501,1.0e-8,s3_se,4,on_data,4.8614740918606096e-5,15
exp(-x²),501,1.0e-8,agp_robust,6,on_data,0.025018613521094836,-1
exp(-x²),501,1.0e-8,aaad,6,on_data,0.001302967187203103,9
exp(-x²),501,1.0e-8,s2_aaa_mle,6,on_data,0.0012185545114419601,9
exp(-x²),501,1.0e-8,s3_se,6,on_data,0.0006571457549008468,15
exp(-x²),501,0.0001,agp_robust,0,interior,4.584858108375451e-5,-1
exp(-x²),501,0.0001,aaad,0,interior,0.0005389648430633718,127
exp(-x²),501,0.0001,s2_aaa_mle,0,interior,0.00016654936066769384,127
exp(-x²),501,0.0001,s3_se,0,interior,0.00013280816245324535,17
exp(-x²),501,0.0001,agp_robust,1,interior,0.00040260172061532933,-1
exp(-x²),501,0.0001,aaad,1,interior,0.294987136131252,127
exp(-x²),501,0.0001,s2_aaa_mle,1,interior,0.019900941649760015,127
exp(-x²),501,0.0001,s3_se,1,interior,0.33560971718260924,17
exp(-x²),501,0.0001,agp_robust,2,interior,0.0018489096986908865,-1
exp(-x²),501,0.0001,aaad,2,interior,531.1406437810463,127
exp(-x²),501,0.0001,s2_aaa_mle,2,interior,3.0722078482710966,127
exp(-x²),501,0.0001,s3_se,2,interior,1481.2073767698023,17
exp(-x²),501,0.0001,agp_robust,3,interior,0.0050616728469668705,-1
exp(-x²),501,0.0001,aaad,3,interior,1.1726500145722511e6,127
exp(-x²),501,0.0001,s2_aaa_mle,3,interior,1285.9027677157117,127
exp(-x²),501,0.0001,s3_se,3,interior,7.595318710608049e6,17
exp(-x²),501,0.0001,agp_robust,4,interior,0.014921520729415086,-1
exp(-x²),501,0.0001,aaad,4,interior,2.924014536268496e9,127
exp(-x²),501,0.0001,s2_aaa_mle,4,interior,484594.4457498268,127
exp(-x²),501,0.0001,s3_se,4,interior,4.389188724369396e10,17
exp(-x²),501,0.0001,agp_robust,5,interior,0.03389722411608538,-1
exp(-x²),501,0.0001,aaad,5,interior,7.9892740281780205e12,127
exp(-x²),501,0.0001,s2_aaa_mle,5,interior,2.0222952923170838e8,127
exp(-x²),501,0.0001,s3_se,5,interior,2.7790143632815038e14,17
exp(-x²),501,0.0001,agp_robust,6,interior,0.04182167292119615,-1
exp(-x²),501,0.0001,aaad,6,interior,2.377696691244934e16,127
exp(-x²),501,0.0001,s2_aaa_mle,6,interior,1.1053094945521593e11,127
exp(-x²),501,0.0001,s3_se,6,interior,1.9165336662805164e18,17
exp(-x²),501,0.0001,agp_robust,7,interior,0.05575929572139431,-1
exp(-x²),501,0.0001,aaad,7,interior,7.615996832838168e19,127
exp(-x²),501,0.0001,s2_aaa_mle,7,interior,6.207322801757232e13,127
exp(-x²),501,0.0001,s3_se,7,interior,1.4225357015083655e22,17
exp(-x²),501,0.0001,agp_robust,0,on_data,3.7900394181038795e-5,-1
exp(-x²),501,0.0001,aaad,0,on_data,0.0004859608431128944,127
exp(-x²),501,0.0001,s2_aaa_mle,0,on_data,0.0001867616752124552,127
exp(-x²),501,0.0001,s3_se,0,on_data,4.7309947411431734e-5,17
exp(-x²),501,0.0001,agp_robust,2,on_data,0.001069698728732834,-1
exp(-x²),501,0.0001,aaad,2,on_data,11.258510498052463,127
exp(-x²),501,0.0001,s2_aaa_mle,2,on_data,33104.35158358999,127
exp(-x²),501,0.0001,s3_se,2,on_data,0.04179252915315942,17
exp(-x²),501,0.0001,agp_robust,4,on_data,0.014824786041079995,-1
exp(-x²),501,0.0001,aaad,4,on_data,1.2539933037629856e6,127
exp(-x²),501,0.0001,s2_aaa_mle,4,on_data,2.4940306216937547e13,127
exp(-x²),501,0.0001,s3_se,4,on_data,1061.9716922447394,17
exp(-x²),501,0.0001,agp_robust,6,on_data,0.03858263708775426,-1
exp(-x²),501,0.0001,aaad,6,on_data,3.149413919496336e11,127
exp(-x²),501,0.0001,s2_aaa_mle,6,on_data,2.7671822347445996e22,127
exp(-x²),501,0.0001,s3_se,6,on_data,4.189040525810993e7,17
exp(-x²),501,0.01,agp_robust,0,interior,0.003001296024056402,-1
exp(-x²),501,0.01,aaad,0,interior,0.06517386208643398,5
exp(-x²),501,0.01,s2_aaa_mle,0,interior,0.039158512463713185,5
exp(-x²),501,0.01,s3_se,0,interior,0.007514688533868492,13
exp(-x²),501,0.01,agp_robust,1,interior,0.014674098139433822,-1
exp(-x²),501,0.01,aaad,1,interior,0.18047103861008276,5
exp(-x²),501,0.01,s2_aaa_mle,1,interior,0.1458723066869185,5
exp(-x²),501,0.01,s3_se,1,interior,2.4238446314975253,13
exp(-x²),501,0.01,agp_robust,2,interior,0.04722940212511478,-1
exp(-x²),501,0.01,aaad,2,interior,4.275198555662494,5
exp(-x²),501,0.01,s2_aaa_mle,2,interior,0.3553730568275039,5
exp(-x²),501,0.01,s3_se,2,interior,477.1328943513933,13
exp(-x²),501,0.01,agp_robust,3,interior,0.09137421635642493,-1
exp(-x²),501,0.01,aaad,3,interior,145.7951586608129,5
exp(-x²),501,0.01,s2_aaa_mle,3,interior,9.055683885423168,5
exp(-x²),501,0.01,s3_se,3,interior,19787.01537965818,13
exp(-x²),501,0.01,agp_robust,4,interior,0.10269416071896943,-1
exp(-x²),501,0.01,aaad,4,interior,5712.362036504184,5
exp(-x²),501,0.01,s2_aaa_mle,4,interior,297.6367139735592,5
exp(-x²),501,0.01,s3_se,4,interior,2.7788509277519092e7,13
exp(-x²),501,0.01,agp_robust,5,interior,0.15085310384400386,-1
exp(-x²),501,0.01,aaad,5,interior,254278.5697657056,5
exp(-x²),501,0.01,s2_aaa_mle,5,interior,10650.03380952908,5
exp(-x²),501,0.01,s3_se,5,interior,1.2990371307823013e10,13
exp(-x²),501,0.01,agp_robust,6,interior,0.23371545144888042,-1
exp(-x²),501,0.01,aaad,6,interior,1.3198783604659012e7,5
exp(-x²),501,0.01,s2_aaa_mle,6,interior,416801.5065593819,5
exp(-x²),501,0.01,s3_se,6,interior,2.691144099446092e12,13
exp(-x²),501,0.01,agp_robust,7,interior,0.3018979238845605,-1
exp(-x²),501,0.01,aaad,7,interior,8.13119712315184e8,5
exp(-x²),501,0.01,s2_aaa_mle,7,interior,1.760890727779685e7,5
exp(-x²),501,0.01,s3_se,7,interior,3.7810757720356525e14,13
exp(-x²),501,0.01,agp_robust,0,on_data,0.002496101518875022,-1
exp(-x²),501,0.01,aaad,0,on_data,0.05577375485924025,5
exp(-x²),501,0.01,s2_aaa_mle,0,on_data,0.03517917265272665,5
exp(-x²),501,0.01,s3_se,0,on_data,0.0037228575424019705,13
exp(-x²),501,0.01,agp_robust,2,on_data,0.04258557898764204,-1
exp(-x²),501,0.01,aaad,2,on_data,0.56403231176065,5
exp(-x²),501,0.01,s2_aaa_mle,2,on_data,0.320593500281718,5
exp(-x²),501,0.01,s3_se,2,on_data,0.7289066389731292,13
exp(-x²),501,0.01,agp_robust,4,on_data,0.10106321060088228,-1
exp(-x²),501,0.01,aaad,4,on_data,136.2481790970495,5
exp(-x²),501,0.01,s2_aaa_mle,4,on_data,27.739024062064043,5
exp(-x²),501,0.01,s3_se,4,on_data,495.92036919020376,13
exp(-x²),501,0.01,agp_robust,6,on_data,0.22874718632392774,-1
exp(-x²),501,0.01,aaad,6,on_data,59447.67477718295,5
exp(-x²),501,0.01,s2_aaa_mle,6,on_data,15112.147357595411,5
exp(-x²),501,0.01,s3_se,6,on_data,734975.0184112226,13
exp(-x²),1501,0.0,agp_robust,0,interior,1.9690658937111673e-6,-1
exp(-x²),1501,0.0,aaad,0,interior,2.142088201201331e-15,15
exp(-x²),1501,0.0,s2_aaa_mle,0,interior,1.911507335392222e-13,13
exp(-x²),1501,0.0,s3_se,0,interior,8.60514855922493e-10,15
exp(-x²),1501,0.0,agp_robust,1,interior,5.968349420105009e-5,-1
exp(-x²),1501,0.0,aaad,1,interior,2.2098170956853287e-14,15
exp(-x²),1501,0.0,s2_aaa_mle,1,interior,2.9708465000168805e-12,13
exp(-x²),1501,0.0,s3_se,1,interior,7.028885699355728e-8,15
exp(-x²),1501,0.0,agp_robust,2,interior,0.0007529505288949781,-1
exp(-x²),1501,0.0,aaad,2,interior,3.2496534682812432e-12,15
exp(-x²),1501,0.0,s2_aaa_mle,2,interior,2.42609410001403e-10,13
exp(-x²),1501,0.0,s3_se,2,interior,1.9636874906833172e-6,15
exp(-x²),1501,0.0,agp_robust,3,interior,0.004317329921317274,-1
exp(-x²),1501,0.0,aaad,3,interior,9.550333440917694e-10,15
exp(-x²),1501,0.0,s2_aaa_mle,3,interior,5.923885666517605e-9,13
exp(-x²),1501,0.0,s3_se,3,interior,2.40816318093705e-5,15
exp(-x²),1501,0.0,agp_robust,4,interior,0.013493954761634428,-1
exp(-x²),1501,0.0,aaad,4,interior,1.3741121359521147e-7,15
exp(-x²),1501,0.0,s2_aaa_mle,4,interior,1.3083890186196803e-7,13
exp(-x²),1501,0.0,s3_se,4,interior,0.000164079595688155,15
exp(-x²),1501,0.0,agp_robust,5,interior,0.023102947549339767,-1
exp(-x²),1501,0.0,aaad,5,interior,3.050443053390369e-5,15
exp(-x²),1501,0.0,s2_aaa_mle,5,interior,3.965778481138373e-5,13
exp(-x²),1501,0.0,s3_se,5,interior,0.0006660983916330519,15
exp(-x²),1501,0.0,agp_robust,6,interior,0.020561601930392283,-1
exp(-x²),1501,0.0,aaad,6,interior,0.008447032643494366,15
exp(-x²),1501,0.0,s2_aaa_mle,6,interior,0.0035196048701658933,13
exp(-x²),1501,0.0,s3_se,6,interior,0.003921591805139469,15
exp(-x²),1501,0.0,agp_robust,7,interior,0.03445646743011599,-1
exp(-x²),1501,0.0,aaad,7,interior,0.6097316884511457,15
exp(-x²),1501,0.0,s2_aaa_mle,7,interior,2.8681611109543907,13
exp(-x²),1501,0.0,s3_se,7,interior,1.4487178850611397,15
exp(-x²),1501,0.0,agp_robust,0,on_data,1.6886122403272291e-6,-1
exp(-x²),1501,0.0,aaad,0,on_data,2.054751214417994e-15,15
exp(-x²),1501,0.0,s2_aaa_mle,0,on_data,2.1442784285684564e-13,13
exp(-x²),1501,0.0,s3_se,0,on_data,8.021080637305174e-10,15
exp(-x²),1501,0.0,agp_robust,2,on_data,0.0005236508458512451,-1
exp(-x²),1501,0.0,aaad,2,on_data,4.70290509123491e-12,15
exp(-x²),1501,0.0,s2_aaa_mle,2,on_data,2.349582116180871e-10,13
exp(-x²),1501,0.0,s3_se,2,on_data,1.5280813864790582e-6,15
exp(-x²),1501,0.0,agp_robust,4,on_data,0.00985772367776196,-1
exp(-x²),1501,0.0,aaad,4,on_data,2.8360108001614586e-8,15
exp(-x²),1501,0.0,s2_aaa_mle,4,on_data,1.4366403560392892e-6,13
exp(-x²),1501,0.0,s3_se,4,on_data,0.00012807138095670162,15
exp(-x²),1501,0.0,agp_robust,6,on_data,0.020531866681578807,-1
exp(-x²),1501,0.0,aaad,6,on_data,0.1334683657953504,15
exp(-x²),1501,0.0,s2_aaa_mle,6,on_data,1.900909281046892,13
exp(-x²),1501,0.0,s3_se,6,on_data,0.8711687507507069,15
exp(-x²),1501,1.0e-8,agp_robust,0,interior,1.961530817214858e-6,-1
exp(-x²),1501,1.0e-8,aaad,0,interior,3.045177439249907e-8,12
exp(-x²),1501,1.0e-8,s2_aaa_mle,0,interior,1.8019384684411556e-8,12
exp(-x²),1501,1.0e-8,s3_se,0,interior,2.7547516115244477e-9,15
exp(-x²),1501,1.0e-8,agp_robust,1,interior,5.971555463998244e-5,-1
exp(-x²),1501,1.0e-8,aaad,1,interior,5.612387282303289e-7,12
exp(-x²),1501,1.0e-8,s2_aaa_mle,1,interior,6.033432539133675e-7,12
exp(-x²),1501,1.0e-8,s3_se,1,interior,5.5294267139132356e-8,15
exp(-x²),1501,1.0e-8,agp_robust,2,interior,0.0007523767875669267,-1
exp(-x²),1501,1.0e-8,aaad,2,interior,1.2833409389059605e-5,12
exp(-x²),1501,1.0e-8,s2_aaa_mle,2,interior,1.1834665827298641e-5,12
exp(-x²),1501,1.0e-8,s3_se,2,interior,2.3268078360553997e-6,15
exp(-x²),1501,1.0e-8,agp_robust,3,interior,0.004310581845119768,-1
exp(-x²),1501,1.0e-8,aaad,3,interior,0.00033001993432236175,12
exp(-x²),1501,1.0e-8,s2_aaa_mle,3,interior,0.0003380225886971846,12
exp(-x²),1501,1.0e-8,s3_se,3,interior,3.4597567688587085e-5,15
exp(-x²),1501,1.0e-8,agp_robust,4,interior,0.013468540510930917,-1
exp(-x²),1501,1.0e-8,aaad,4,interior,0.03240856573333162,12
exp(-x²),1501,1.0e-8,s2_aaa_mle,4,interior,0.033628641207103946,12
exp(-x²),1501,1.0e-8,s3_se,4,interior,0.0002907721054358903,15
exp(-x²),1501,1.0e-8,agp_robust,5,interior,0.02306576675104382,-1
exp(-x²),1501,1.0e-8,aaad,5,interior,3.616440600557681,12
exp(-x²),1501,1.0e-8,s2_aaa_mle,5,interior,3.774966028396952,12
exp(-x²),1501,1.0e-8,s3_se,5,interior,0.0015586187726054853,15
exp(-x²),1501,1.0e-8,agp_robust,6,interior,0.02052662523079917,-1
exp(-x²),1501,1.0e-8,aaad,6,interior,439.42189418838547,12
exp(-x²),1501,1.0e-8,s2_aaa_mle,6,interior,461.45627522443175,12
exp(-x²),1501,1.0e-8,s3_se,6,interior,0.0628002170456542,15
exp(-x²),1501,1.0e-8,agp_robust,7,interior,0.03425826332464309,-1
exp(-x²),1501,1.0e-8,aaad,7,interior,57465.20552993867,12
exp(-x²),1501,1.0e-8,s2_aaa_mle,7,interior,60711.49195604003,12
exp(-x²),1501,1.0e-8,s3_se,7,interior,16.584917096998364,15
exp(-x²),1501,1.0e-8,agp_robust,0,on_data,1.679608658107594e-6,-1
exp(-x²),1501,1.0e-8,aaad,0,on_data,2.7810242864430207e-8,12
exp(-x²),1501,1.0e-8,s2_aaa_mle,0,on_data,1.7838713140588113e-8,12
exp(-x²),1501,1.0e-8,s3_se,0,on_data,2.557507383447658e-9,15
exp(-x²),1501,1.0e-8,agp_robust,2,on_data,0.0005233113428755946,-1
exp(-x²),1501,1.0e-8,aaad,2,on_data,9.819162852594044e-5,12
exp(-x²),1501,1.0e-8,s2_aaa_mle,2,on_data,0.00010473678801625482,12
exp(-x²),1501,1.0e-8,s3_se,2,on_data,1.9154410360015155e-6,15
exp(-x²),1501,1.0e-8,agp_robust,4,on_data,0.009839599427298316,-1
exp(-x²),1501,1.0e-8,aaad,4,on_data,8.504175687008871,12
exp(-x²),1501,1.0e-8,s2_aaa_mle,4,on_data,9.394259077565334,12
exp(-x²),1501,1.0e-8,s3_se,4,on_data,0.0002759939942989752,15
exp(-x²),1501,1.0e-8,agp_robust,6,on_data,0.020488590627758502,-1
exp(-x²),1501,1.0e-8,aaad,6,on_data,1.0792306547147469e6,12
exp(-x²),1501,1.0e-8,s2_aaa_mle,6,on_data,1.23729116125161e6,12
exp(-x²),1501,1.0e-8,s3_se,6,on_data,0.019273552781569808,15
exp(-x²),1501,0.0001,agp_robust,0,interior,2.4474162731168225e-5,-1
exp(-x²),1501,0.0001,aaad,0,interior,0.0010947128243600996,5
exp(-x²),1501,0.0001,s2_aaa_mle,0,interior,0.0007472820228646649,5
exp(-x²),1501,0.0001,s3_se,0,interior,2.9795890375654724e-5,13
exp(-x²),1501,0.0001,agp_robust,1,interior,0.00026847434011198495,-1
exp(-x²),1501,0.0001,aaad,1,interior,0.00666996500453242,5
exp(-x²),1501,0.0001,s2_aaa_mle,1,interior,0.006450184616164883,5
exp(-x²),1501,0.0001,s3_se,1,interior,0.0005119713062003449,13
exp(-x²),1501,0.0001,agp_robust,2,interior,0.0022092060414689407,-1
exp(-x²),1501,0.0001,aaad,2,interior,0.023857648916979834,5
exp(-x²),1501,0.0001,s2_aaa_mle,2,interior,0.023311888245135155,5
exp(-x²),1501,0.0001,s3_se,2,interior,0.015410265393317427,13
exp(-x²),1501,0.0001,agp_robust,3,interior,0.010082386348113412,-1
exp(-x²),1501,0.0001,aaad,3,interior,0.044973965368659025,5
exp(-x²),1501,0.0001,s2_aaa_mle,3,interior,0.041309694747830306,5
exp(-x²),1501,0.0001,s3_se,3,interior,0.25391375268765826,13
exp(-x²),1501,0.0001,agp_robust,4,interior,0.027330310261905133,-1
exp(-x²),1501,0.0001,aaad,4,interior,0.09174957325363668,5
exp(-x²),1501,0.0001,s2_aaa_mle,4,interior,0.08419781786895206,5
exp(-x²),1501,0.0001,s3_se,4,interior,3.5962412375517254,13
exp(-x²),1501,0.0001,agp_robust,5,interior,0.04216814071863422,-1
exp(-x²),1501,0.0001,aaad,5,interior,0.19396658638675784,5
exp(-x²),1501,0.0001,s2_aaa_mle,5,interior,0.180873939822896,5
exp(-x²),1501,0.0001,s3_se,5,interior,53.29497506720679,13
exp(-x²),1501,0.0001,agp_robust,6,interior,0.03840347972489916,-1
exp(-x²),1501,0.0001,aaad,6,interior,0.392549496460109,5
exp(-x²),1501,0.0001,s2_aaa_mle,6,interior,0.3731921185428357,5
exp(-x²),1501,0.0001,s3_se,6,interior,860.7899717851559,13
exp(-x²),1501,0.0001,agp_robust,7,interior,0.07060907203024866,-1
exp(-x²),1501,0.0001,aaad,7,interior,20.135794846591093,5
exp(-x²),1501,0.0001,s2_aaa_mle,7,interior,6.961856130859761,5
exp(-x²),1501,0.0001,s3_se,7,interior,14972.736580438825,13
exp(-x²),1501,0.0001,agp_robust,0,on_data,1.7250628292921534e-5,-1
exp(-x²),1501,0.0001,aaad,0,on_data,0.0010680625550104521,5
exp(-x²),1501,0.0001,s2_aaa_mle,0,on_data,0.0006149487692768873,5
exp(-x²),1501,0.0001,s3_se,0,on_data,2.6939688381187618e-5,13
exp(-x²),1501,0.0001,agp_robust,2,on_data,0.0003606253685122168,-1
exp(-x²),1501,0.0001,aaad,2,on_data,0.020946947795119564,5
exp(-x²),1501,0.0001,s2_aaa_mle,2,on_data,0.019662425690775427,5
exp(-x²),1501,0.0001,s3_se,2,on_data,0.004007757423037613,13
exp(-x²),1501,0.0001,agp_robust,4,on_data,0.017330299069632918,-1
exp(-x²),1501,0.0001,aaad,4,on_data,0.090443677820328,5
exp(-x²),1501,0.0001,s2_aaa_mle,4,on_data,0.08281374384054414,5
exp(-x²),1501,0.0001,s3_se,4,on_data,0.06553555488050453,13
exp(-x²),1501,0.0001,agp_robust,6,on_data,0.03772757109824244,-1
exp(-x²),1501,0.0001,aaad,6,on_data,0.3960212936212662,5
exp(-x²),1501,0.0001,s2_aaa_mle,6,on_data,0.3748629574800526,5
exp(-x²),1501,0.0001,s3_se,6,on_data,2.2512114676218395,13
exp(-x²),1501,0.01,agp_robust,0,interior,0.0025891675426878966,-1
exp(-x²),1501,0.01,aaad,0,interior,0.6131362508668472,4
exp(-x²),1501,0.01,s2_aaa_mle,0,interior,0.0415792219681886,4
exp(-x²),1501,0.01,s3_se,0,interior,0.0030747246136793274,13
exp(-x²),1501,0.01,agp_robust,1,interior,0.014638247092434633,-1
exp(-x²),1501,0.01,aaad,1,interior,0.5307697899898663,4
exp(-x²),1501,0.01,s2_aaa_mle,1,interior,0.14520187449685726,4
exp(-x²),1501,0.01,s3_se,1,interior,0.05941320880312487,13
exp(-x²),1501,0.01,agp_robust,2,interior,0.04412915393479455,-1
exp(-x²),1501,0.01,aaad,2,interior,0.7224941881395964,4
exp(-x²),1501,0.01,s2_aaa_mle,2,interior,0.2900891633790274,4
exp(-x²),1501,0.01,s3_se,2,interior,3.273316428655063,13
exp(-x²),1501,0.01,agp_robust,3,interior,0.08102662816254112,-1
exp(-x²),1501,0.01,aaad,3,interior,10.794060951502455,4
exp(-x²),1501,0.01,s2_aaa_mle,3,interior,0.5798163185418997,4
exp(-x²),1501,0.01,s3_se,3,interior,380.5237942236379,13
exp(-x²),1501,0.01,agp_robust,4,interior,0.11560133136877777,-1
exp(-x²),1501,0.01,aaad,4,interior,224.59191445877894,4
exp(-x²),1501,0.01,s2_aaa_mle,4,interior,2.041918967433226,4
exp(-x²),1501,0.01,s3_se,4,interior,50178.421520847674,13
exp(-x²),1501,0.01,agp_robust,5,interior,0.15785934083381628,-1
exp(-x²),1501,0.01,aaad,5,interior,5071.6332781043475,4
exp(-x²),1501,0.01,s2_aaa_mle,5,interior,26.37600142685667,4
exp(-x²),1501,0.01,s3_se,5,interior,7.2673618785619335e6,13
exp(-x²),1501,0.01,agp_robust,6,interior,0.23302107479451395,-1
exp(-x²),1501,0.01,aaad,6,interior,124863.69992477127,4
exp(-x²),1501,0.01,s2_aaa_mle,6,interior,557.1872763440266,4
exp(-x²),1501,0.01,s3_se,6,interior,1.1456076281058729e9,13
exp(-x²),1501,0.01,agp_robust,7,interior,0.29450330062827645,-1
exp(-x²),1501,0.01,aaad,7,interior,3.3090211199235357e6,4
exp(-x²),1501,0.01,s2_aaa_mle,7,interior,13220.96102023999,4
exp(-x²),1501,0.01,s3_se,7,interior,1.943492293532574e11,13
exp(-x²),1501,0.01,agp_robust,0,on_data,0.00218532819561713,-1
exp(-x²),1501,0.01,aaad,0,on_data,0.5588599976863189,4
exp(-x²),1501,0.01,s2_aaa_mle,0,on_data,0.03613262559634789,4
exp(-x²),1501,0.01,s3_se,0,on_data,0.0037377509791355966,13
exp(-x²),1501,0.01,agp_robust,2,on_data,0.041696826996650914,-1
exp(-x²),1501,0.01,aaad,2,on_data,3.0980609367406213,4
exp(-x²),1501,0.01,s2_aaa_mle,2,on_data,0.31819387381330055,4
exp(-x²),1501,0.01,s3_se,2,on_data,0.5476366273685076,13
exp(-x²),1501,0.01,agp_robust,4,on_data,0.10299968996938438,-1
exp(-x²),1501,0.01,aaad,4,on_data,2962.792792835611,4
exp(-x²),1501,0.01,s2_aaa_mle,4,on_data,89.54125916376462,4
exp(-x²),1501,0.01,s3_se,4,on_data,228.44676166339167,13
exp(-x²),1501,0.01,agp_robust,6,on_data,0.22334618245672194,-1
exp(-x²),1501,0.01,aaad,6,on_data,4.67319478013055e6,4
exp(-x²),1501,0.01,s2_aaa_mle,6,on_data,223221.91983947094,4
exp(-x²),1501,0.01,s3_se,6,on_data,475719.072072224,13
LV_y1,101,0.0,agp_robust,0,interior,3.4705408846185606e-5,-1
LV_y1,101,0.0,aaad,0,interior,5.409202210562272e-7,46
LV_y1,101,0.0,s2_aaa_mle,0,interior,5.408957697548822e-7,41
LV_y1,101,0.0,s3_se,0,interior,0.000850366961759546,56
LV_y1,101,0.0,agp_robust,1,interior,0.0017471607800662822,-1
LV_y1,101,0.0,aaad,1,interior,0.0016083362405962848,46
LV_y1,101,0.0,s2_aaa_mle,1,interior,0.0016083358765546481,41
LV_y1,101,0.0,s3_se,1,interior,7.740365446928899,56
LV_y1,101,0.0,agp_robust,2,interior,Inf,-1
LV_y1,101,0.0,aaad,2,interior,Inf,46
LV_y1,101,0.0,s2_aaa_mle,2,interior,Inf,41
LV_y1,101,0.0,s3_se,2,interior,Inf,56
LV_y1,101,0.0,agp_robust,3,interior,Inf,-1
LV_y1,101,0.0,aaad,3,interior,Inf,46
LV_y1,101,0.0,s2_aaa_mle,3,interior,Inf,41
LV_y1,101,0.0,s3_se,3,interior,Inf,56
LV_y1,101,0.0,agp_robust,4,interior,Inf,-1
LV_y1,101,0.0,aaad,4,interior,Inf,46
LV_y1,101,0.0,s2_aaa_mle,4,interior,Inf,41
LV_y1,101,0.0,s3_se,4,interior,Inf,56
LV_y1,101,0.0,agp_robust,5,interior,Inf,-1
LV_y1,101,0.0,aaad,5,interior,Inf,46
LV_y1,101,0.0,s2_aaa_mle,5,interior,Inf,41
LV_y1,101,0.0,s3_se,5,interior,Inf,56
LV_y1,101,0.0001,agp_robust,0,interior,0.00012432814317988743,-1
LV_y1,101,0.0001,aaad,0,interior,0.00012328032751448846,51
LV_y1,101,0.0001,s2_aaa_mle,0,interior,0.00012328032751499616,51
LV_y1,101,0.0001,s3_se,0,interior,0.00015100345287019065,55
LV_y1,101,0.0001,agp_robust,1,interior,0.0023464849568782557,-1
LV_y1,101,0.0001,aaad,1,interior,0.0020693563639533445,51
LV_y1,101,0.0001,s2_aaa_mle,1,interior,0.0020693563639590986,51
LV_y1,101,0.0001,s3_se,1,interior,0.001634026230916161,55
LV_y1,101,0.0001,agp_robust,2,interior,Inf,-1
LV_y1,101,0.0001,aaad,2,interior,Inf,51
LV_y1,101,0.0001,s2_aaa_mle,2,interior,Inf,51
LV_y1,101,0.0001,s3_se,2,interior,Inf,55
LV_y1,101,0.0001,agp_robust,3,interior,Inf,-1
LV_y1,101,0.0001,aaad,3,interior,Inf,51
LV_y1,101,0.0001,s2_aaa_mle,3,interior,Inf,51
LV_y1,101,0.0001,s3_se,3,interior,Inf,55
LV_y1,101,0.0001,agp_robust,4,interior,Inf,-1
LV_y1,101,0.0001,aaad,4,interior,Inf,51
LV_y1,101,0.0001,s2_aaa_mle,4,interior,Inf,51
LV_y1,101,0.0001,s3_se,4,interior,Inf,55
LV_y1,101,0.0001,agp_robust,5,interior,Inf,-1
LV_y1,101,0.0001,aaad,5,interior,Inf,51
LV_y1,101,0.0001,s2_aaa_mle,5,interior,Inf,51
LV_y1,101,0.0001,s3_se,5,interior,Inf,55
LV_y1,501,0.0,agp_robust,0,interior,1.603664080535796e-5,-1
LV_y1,501,0.0,aaad,0,interior,5.297253129195652e-7,139
LV_y1,501,0.0,s2_aaa_mle,0,interior,5.297266265710705e-7,42
LV_y1,501,0.0,s3_se,0,interior,9.010872075519544e-7,179
LV_y1,501,0.0,agp_robust,1,interior,0.0004493693673322351,-1
LV_y1,501,0.0,aaad,1,interior,0.0005211927324269916,139
LV_y1,501,0.0,s2_aaa_mle,1,interior,0.000521192727382901,42
LV_y1,501,0.0,s3_se,1,interior,0.000522268796711674,179
LV_y1,501,0.0,agp_robust,2,interior,Inf,-1
LV_y1,501,0.0,aaad,2,interior,Inf,139
LV_y1,501,0.0,s2_aaa_mle,2,interior,Inf,42
LV_y1,501,0.0,s3_se,2,interior,Inf,179
LV_y1,501,0.0,agp_robust,3,interior,Inf,-1
LV_y1,501,0.0,aaad,3,interior,Inf,139
LV_y1,501,0.0,s2_aaa_mle,3,interior,Inf,42
LV_y1,501,0.0,s3_se,3,interior,Inf,179
LV_y1,501,0.0,agp_robust,4,interior,Inf,-1
LV_y1,501,0.0,aaad,4,interior,Inf,139
LV_y1,501,0.0,s2_aaa_mle,4,interior,Inf,42
LV_y1,501,0.0,s3_se,4,interior,Inf,179
LV_y1,501,0.0,agp_robust,5,interior,Inf,-1
LV_y1,501,0.0,aaad,5,interior,Inf,139
LV_y1,501,0.0,s2_aaa_mle,5,interior,Inf,42
LV_y1,501,0.0,s3_se,5,interior,Inf,179
LV_y1,501,0.0001,agp_robust,0,interior,3.1306722673940704e-5,-1
LV_y1,501,0.0001,aaad,0,interior,0.00014728816344717672,140
LV_y1,501,0.0001,s2_aaa_mle,0,interior,0.00012878499495097857,200
LV_y1,501,0.0001,s3_se,0,interior,0.00010637985009965214,189
LV_y1,501,0.0001,agp_robust,1,interior,0.0005691049739985068,-1
LV_y1,501,0.0001,aaad,1,interior,0.005855548240545735,140
LV_y1,501,0.0001,s2_aaa_mle,1,interior,0.00542393169914967,200
LV_y1,501,0.0001,s3_se,1,interior,0.002459232411658936,189
LV_y1,501,0.0001,agp_robust,2,interior,Inf,-1
LV_y1,501,0.0001,aaad,2,interior,Inf,140
LV_y1,501,0.0001,s2_aaa_mle,2,interior,Inf,200
LV_y1,501,0.0001,s3_se,2,interior,Inf,189
LV_y1,501,0.0001,agp_robust,3,interior,Inf,-1
LV_y1,501,0.0001,aaad,3,interior,Inf,140
LV_y1,501,0.0001,s2_aaa_mle,3,interior,Inf,200
LV_y1,501,0.0001,s3_se,3,interior,Inf,189
LV_y1,501,0.0001,agp_robust,4,interior,Inf,-1
LV_y1,501,0.0001,aaad,4,interior,Inf,140
LV_y1,501,0.0001,s2_aaa_mle,4,interior,Inf,200
LV_y1,501,0.0001,s3_se,4,interior,Inf,189
LV_y1,501,0.0001,agp_robust,5,interior,Inf,-1
LV_y1,501,0.0001,aaad,5,interior,Inf,140
LV_y1,501,0.0001,s2_aaa_mle,5,interior,Inf,200
LV_y1,501,0.0001,s3_se,5,interior,Inf,189
